0BMFKR9L,0,1,P131
0BMFKR9L,0,2,P17
0B0L1O3V,0,1,P749
0B0L1O3V,0,2,P1454
0B0L1O3V,0,3,P114
0BEEPU4E,0,2,P37
0BEEPU4E,0,3,P122
0BEEPU4E,0,1,P571
0AQG4N6O,0,2,P241
0AQG4N6O,0,1,P571
0C9XX84A,0,1,P276
0C9XX84A,0,2,P131
0C9XX84A,0,3,P1435
0A49Y1OZ,0,1,P2044
0A49Y1OZ,0,2,P2046
0BQZ5G1D,0,1,P2216
0BQZ5G1D,0,2,P2215
0C2MERDT,0,2,P710
0C2MERDT,0,1,P580
0AND2O57,0,2,P669
0AND2O57,0,1,P571
0BC2M2VE,0,1,P127
0BC2M2VE,0,2,P571
0C064Q68,0,2,P740
0C064Q68,0,1,P1128
0AJ659E6,0,1,P131
0AJ659E6,0,3,P150
0AJ659E6,0,4,P1889
0AJ659E6,0,2,P1082
0BTG9ZEG,0,2,P361
0BTG9ZEG,0,1,P571
0BVM6LK9,0,3,P276
0BVM6LK9,0,4,P131
0BVM6LK9,0,1,P2547
0BVM6LK9,0,2,P2048
0BY25CJ9,0,1,P4345
0BY25CJ9,0,2,P571
0C9O024V,0,1,P131
0C9O024V,0,2,P2046
0BHKN3H3,0,1,P176
0BHKN3H3,0,2,P522
0BHKN3H3,0,3,P619
0BGA2W3D,0,1,P36
0BGA2W3D,0,2,P163
0BHHXTT1,0,1,P131
0BHHXTT1,0,2,P2046
0BUKTE8J,0,1,P2261
0BUKTE8J,0,2,P4519
0C7O7AF4,0,2,P17
0C7O7AF4,0,1,P1539
0AR9L9FE,0,1,P547
0AR9L9FE,0,2,P276
0BSRRQ0H,0,1,P36
0BSRRQ0H,0,3,P131
0BSRRQ0H,0,2,P576
0BSRRQ0H,0,4,P571
0ASK0IDW,0,1,P2043
0ASK0IDW,0,2,P2049
0BZO0CNX,0,1,P1538
0BZO0CNX,0,2,P4080
0BC00XF3,0,1,P6258
0BC00XF3,0,2,P6257
0AA6VXI0,0,1,P1086
0AA6VXI0,0,2,P2154
0AA6VXI0,0,3,P1148
0AYQ3OYB,0,1,P1082
0AYQ3OYB,0,2,P2046
0BLH7O5W,0,1,P1831
0BLH7O5W,0,2,P1082
0AFSK7PV,0,1,P2216
0AFSK7PV,0,2,P6257
0AGFL0LE,0,1,P2214
0AGFL0LE,0,2,P6257
0AGFL0LE,0,3,P2215
0AGFL0LE,0,4,P6258
0A5XRYWU,0,1,P2262
0A5XRYWU,0,2,P2261
0A5XRYWU,0,3,P2043
0BAJKOQO,0,1,P1539
0BAJKOQO,0,2,P1540
0BAJKOQO,0,3,P1538
0BAJKOQO,0,4,P1082
0EF95VRS,0,1,P527
0EF95VRS,0,2,P1435
0DNA8N3U,0,1,P397
0DNA8N3U,0,2,P61
0EDF75GK,0,1,P485
0EDF75GK,0,2,P734
0EKT94J7,0,1,P3018
0EKT94J7,0,2,P2044
0DGI3K52,0,2,P131
0DGI3K52,0,1,P6375
0EPVTSVE,0,1,P138
0EPVTSVE,0,2,P2046
0FBVDL8C,0,1,P59
0FBVDL8C,0,2,P881
0EFOZWXW,0,2,P361
0EFOZWXW,0,1,P2216
0EFOZWXW,0,3,P2214
0E6FKLCW,0,1,P1454
0E6FKLCW,0,2,P17
0DEU0U8R,0,1,P155
0DEU0U8R,0,2,P585
0DMYMX2R,0,1,P729
0DMYMX2R,0,2,P1114
0EX31RM7,0,1,P186
0EX31RM7,0,2,P177
0DFXBOLZ,0,2,P137
0DFXBOLZ,0,1,P571
0F2T9YRO,0,1,P131
0F2T9YRO,0,4,P814
0F2T9YRO,0,2,P2046
0F2T9YRO,0,3,P2044
0E4NVZXO,0,1,P58
0E4NVZXO,0,2,P361
0DFKEXR9,0,1,P1923
0DFKEXR9,0,2,P1351
0FEZBH6Z,0,1,P1086
0FEZBH6Z,0,2,P2067
0FEZBH6Z,0,3,P1123
0CJ0TTEJ,0,1,P7015
0CJ0TTEJ,0,2,P6258
0FDBR0HY,0,1,P2044
0FDBR0HY,0,2,P1082
0EMMG1VQ,0,1,P1120
0EMMG1VQ,0,2,P1339
0FI6AS4W,0,1,P2262
0FI6AS4W,0,2,P1093
0FI6AS4W,0,3,P4519
0FI6AS4W,0,4,P2043
0EFUMS8C,0,1,P2044
0EFUMS8C,0,2,P2046
0EAR2653,0,1,P2044
0EAR2653,0,2,P2046
0EAR2653,0,3,P1082
0DYKFIPR,0,1,P2214
0DYKFIPR,0,2,P2216
0DYKFIPR,0,3,P6257
0E176KOP,0,1,P2583
0E176KOP,0,2,P6257
0EZK8WO3,0,1,P2044
0EZK8WO3,0,2,P1082
0EZK8WO3,0,3,P2046
0EO09U6L,0,1,P2044
0EO09U6L,0,2,P2046
0EO09U6L,0,3,P1082
0EI1M44D,0,1,P2046
0EI1M44D,0,2,P2044
0EI1M44D,0,3,P1082
0FB7FKX0,0,1,P2927
0FB7FKX0,0,2,P2046
0FB7FKX0,0,3,P1082
0E282V89,0,1,P2049
0E282V89,0,2,P2048
0EMXW8OO,0,1,P2044
0EMXW8OO,0,2,P2046
0EMXW8OO,0,3,P1082
0DIWUZC7,0,1,P2370
0DIWUZC7,0,2,P2442
0IL6N6BV,0,1,P1346
0IL6N6BV,0,2,P17
0I87PC7R,0,1,P2043
0I87PC7R,0,2,P2225
0JQBVQ5P,0,1,P361
0JQBVQ5P,0,2,P575
0ID4BF0S,0,2,P398
0ID4BF0S,0,1,P2060
0JE55CND,0,1,P155
0JE55CND,0,2,P1001
0INCGVLS,0,1,P527
0INCGVLS,0,2,P264
0HCH296C,0,2,P47
0HCH296C,0,1,P2044
0IGDIYA6,0,2,P131
0IGDIYA6,0,1,P4511
0J5FOZCZ,0,1,P101
0J5FOZCZ,0,2,P2348
0HLMXDNJ,0,2,P826
0HLMXDNJ,0,1,P571
0G8OXJKB,0,1,P277
0G8OXJKB,0,2,P275
0IXJPVHP,0,2,P816
0IXJPVHP,0,4,P279
0IXJPVHP,0,1,P1148
0IXJPVHP,0,3,P2154
0J8DC8T6,0,1,P275
0J8DC8T6,0,2,P400
0HO6P3ZI,0,1,P276
0HO6P3ZI,0,2,P186
0IM6TXYC,0,1,P156
0IM6TXYC,0,2,P155
0IMK5KB2,0,1,P1876
0IMK5KB2,0,2,P361
0IMK5KB2,0,3,P793
0IMK5KB2,0,5,P137
0IMK5KB2,0,4,P619
0HKDQUSS,0,1,P1435
0HKDQUSS,0,2,P131
0HQXUP18,0,1,P137
0HQXUP18,0,2,P559
0HQXUP18,0,3,P361
0IH81P01,0,1,P669
0IH81P01,0,2,P276
0JBYDL7X,0,1,P17
0JBYDL7X,0,2,P1435
0GWJMWRQ,0,1,P2046
0GWJMWRQ,0,2,P1082
0HMHJFEK,0,3,P131
0HMHJFEK,0,1,P1082
0HMHJFEK,0,2,P2046
0IMAMFWC,0,1,P1346
0IMAMFWC,0,3,P641
0IMAMFWC,0,2,P580
0HJTRDI9,0,1,P127
0HJTRDI9,0,2,P571
0IOU537I,0,1,P606
0IOU537I,0,2,P1092
0HYKGQ5L,0,1,P131
0HYKGQ5L,0,3,P276
0HYKGQ5L,0,4,P17
0HYKGQ5L,0,2,P2043
0J8M7G79,0,2,P921
0J8M7G79,0,3,P50
0J8M7G79,0,1,P1476
0J30C4U6,0,1,P131
0J30C4U6,0,2,P361
0IG2B42A,0,1,P361
0IG2B42A,0,3,P3842
0IG2B42A,0,2,P576
0HRUWPF2,0,1,P6879
0HRUWPF2,0,2,P6258
0HOOWPHI,0,1,P156
0HOOWPHI,0,2,P155
0IL24T5I,0,1,P361
0IL24T5I,0,2,P1619
0GK47NN7,0,1,P641
0GK47NN7,0,2,P2043
0IO2CN4W,0,1,P170
0IO2CN4W,0,2,P1441
0HN94XUB,0,1,P131
0HN94XUB,0,2,P17
0HN94XUB,0,4,P421
0HN94XUB,0,3,P1082
0HXCE6U0,0,1,P1456
0HXCE6U0,0,2,P47
0JI0LF8Q,0,1,P17
0JI0LF8Q,0,2,P131
0JPV7J7A,0,1,P131
0JPV7J7A,0,2,P17
0HDK9KZ2,0,1,P664
0HDK9KZ2,0,2,P17
0HDK9KZ2,0,3,P131
0H6V68Q6,0,1,P159
0H6V68Q6,0,2,P740
0JLJ8V07,0,1,P156
0JLJ8V07,0,2,P641
0J1C6PQ2,0,1,P131
0J1C6PQ2,0,2,P6375
0IB07G4Q,0,1,P179
0IB07G4Q,0,2,P276
0IB07G4Q,0,4,P155
0IB07G4Q,0,5,P17
0IB07G4Q,0,6,P156
0IB07G4Q,0,3,P585
0H3QHX59,0,3,P1365
0H3QHX59,0,1,P1100
0H3QHX59,0,2,P729
0ITNG3KS,0,1,P131
0ITNG3KS,0,2,P2324
0ITNG3KS,0,3,P2351
0IEVCIIW,0,1,P361
0IEVCIIW,0,2,P1343
0HBTHSK9,0,1,P2046
0HBTHSK9,0,2,P2044
0JJPS0PG,0,1,P2216
0JJPS0PG,0,2,P1215
0HJ2TC1A,0,1,P2227
0HJ2TC1A,0,2,P6258
0JERFXMS,0,1,P1215
0JERFXMS,0,2,P2067
0JERFXMS,0,3,P2583
0JERFXMS,0,4,P2386
0JERFXMS,0,5,P2060
0JERFXMS,0,6,P2227
0I8CL384,0,1,P2048
0I8CL384,0,2,P2049
0GXGHMP1,0,1,P2043
0GXGHMP1,0,2,P2049
0GXGHMP1,0,3,P2048
0IHGX6X0,0,1,P2227
0IHGX6X0,0,2,P6257
0HFCUDR6,0,1,P1103
0HFCUDR6,0,2,P5595
0J02SGYC,0,1,P7015
0J02SGYC,0,2,P2120
0J02SGYC,0,3,P1090
0J02SGYC,0,4,P6258
0IDUAKEZ,0,1,P1082
0IDUAKEZ,0,2,P2046
0GG4P3QN,0,1,P1082
0GG4P3QN,0,2,P2044
0GG4P3QN,0,3,P2046
0I035D9S,0,1,P2049
0I035D9S,0,2,P2048
0JLIQQO4,0,1,P2240
0JLIQQO4,0,2,P2177
0HT1G7OI,0,1,P6257
0HT1G7OI,0,2,P2583
0HT1G7OI,0,3,P1090
0H5RBYJN,0,1,P2049
0H5RBYJN,0,2,P2048
0JNV95UK,0,1,P2067
0JNV95UK,0,2,P2154
0JNV95UK,0,3,P2114
0JNV95UK,0,4,P1123
0JNV95UK,0,5,P2160
0JNV95UK,0,6,P1086
0HE37NLX,0,1,P1082
0HE37NLX,0,2,P2046
0HE37NLX,0,3,P2044
0GEFA8WK,0,1,P2295
0GEFA8WK,0,2,P1128
0HANP8YN,0,1,P1114
0HANP8YN,0,2,P1100
0HQTO2E8,0,1,P7015
0HQTO2E8,0,2,P6879
0HQTO2E8,0,3,P2216
0HQTO2E8,0,4,P2583
0HQTO2E8,0,5,P6257
0JB97NLS,0,1,P2048
0JB97NLS,0,2,P2043
0JB97NLS,0,3,P2049
0JL5QTHN,0,1,P2044
0JL5QTHN,0,2,P2046
0J7FU8V7,0,1,P2556
0J7FU8V7,0,2,P2557
0J02D3VK,0,1,P1092
0J02D3VK,0,2,P2067
0J02D3VK,0,3,P2043
0HSKT1Q0,0,1,P1082
0HSKT1Q0,0,2,P2046
0HRRA1IB,0,1,P2895
0HRRA1IB,0,2,P2532
0ODJU1S9,0,1,P84
0ODJU1S9,0,2,P571
0OIA92YZ,0,1,P361
0OIA92YZ,0,2,P59
0OIA92YZ,0,3,P1090
0OIA92YZ,0,4,P2583
0MXKZU2R,0,1,P1889
0MXKZU2R,0,2,P585
0OKF06EU,0,1,P59
0OKF06EU,0,2,P6257
0NVBOGQ3,0,1,P577
0NVBOGQ3,0,2,P582
0OXYC08U,0,1,P195
0OXYC08U,0,2,P276
0OS2TYSU,0,1,P2216
0OS2TYSU,0,2,P2583
0OV0SV05,0,1,P1346
0OV0SV05,0,2,P641
0OV0SV05,0,3,P582
0OW0R8BP,0,1,P84
0OW0R8BP,0,2,P3999
0OYJNPBF,0,1,P131
0OYJNPBF,0,2,P1082
0OYJNPBF,0,3,P1538
0OM8ACNR,0,2,P463
0OM8ACNR,0,1,P571
0OEW8UYW,0,1,P1619
0OEW8UYW,0,2,P571
0OCM829Q,0,1,P5280
0OCM829Q,0,2,P1889
0O42X6YY,0,1,P2137
0O42X6YY,0,2,P1128
0N1HABDH,0,1,P2583
0N1HABDH,0,2,P1215
0N1HABDH,0,3,P2216
0N1HABDH,0,4,P6258
0N1HABDH,0,5,P1090
0N1HABDH,0,6,P6257
0O1FOESP,0,1,P6258
0O1FOESP,0,2,P2583
0MPF0G23,0,1,P2044
0MPF0G23,0,2,P1082
0MPF0G23,0,3,P2046
0O15F4C8,0,1,P2215
0O15F4C8,0,2,P1090
0O15F4C8,0,3,P2216
0O15F4C8,0,4,P6258
0OEACAZN,0,1,P7015
0OEACAZN,0,2,P2216
0OEACAZN,0,3,P6879
0OEACAZN,0,4,P2583
0OEACAZN,0,5,P2214
0OEACAZN,0,6,P6257
0NXYIPHP,0,1,P1132
0NXYIPHP,0,2,P2257
0OP9EREE,0,1,P6879
0OP9EREE,0,2,P2214
0OP9EREE,0,3,P1215
0OSG08DV,0,1,P1082
0OSG08DV,0,2,P2046
0NAWTJ4V,0,1,P3157
0NAWTJ4V,0,2,P2052
0OC2ZJ6V,0,1,P2119
0OC2ZJ6V,0,2,P2067
0NSDNIQF,0,1,P2044
0NSDNIQF,0,2,P2046
0RCW2NI9,0,1,P17
0RCW2NI9,0,2,P571
0RCW2NI9,0,3,P2144
0RYL6NVT,0,1,P3301
0RYL6NVT,0,2,P371
0TC0V739,0,1,P1454
0TC0V739,0,2,P414
0S6EGTL8,0,2,P276
0S6EGTL8,0,1,P1101
0RCSZRMN,0,1,P17
0RCSZRMN,0,2,P131
0SFYQYX6,0,1,P275
0SFYQYX6,0,2,P7078
0SFYQYX6,0,3,P571
0S4R4ME9,0,1,P1990
0S4R4ME9,0,2,P131
0PVII59P,0,1,P2532
0PVII59P,0,2,P582
0PVII59P,0,3,P580
0RAF6N1E,0,2,P276
0RAF6N1E,0,1,P1120
0SQHVLGZ,0,2,P276
0SQHVLGZ,0,1,P585
0RGFA79J,0,1,P437
0RGFA79J,0,2,P571
0T460J78,0,2,P59
0T460J78,0,1,P1215
0T5OQMQC,0,1,P84
0T5OQMQC,0,2,P669
0R3W0URC,0,1,P176
0R3W0URC,0,2,P729
0R3W0URC,0,3,P1093
0RWBCSYP,0,2,P710
0RWBCSYP,0,1,P582
0RWBCSYP,0,3,P580
0SGAJ773,0,2,P749
0SGAJ773,0,1,P576
0QO55H6D,0,1,P1122
0QO55H6D,0,2,P1086
0QO55H6D,0,3,P2374
0QO55H6D,0,4,P2067
0QO55H6D,0,5,P1123
0S8ZN3EW,0,2,P421
0S8ZN3EW,0,1,P2046
0POHOSFX,0,1,P577
0POHOSFX,0,2,P2047
0SI97RDC,0,2,P527
0SI97RDC,0,1,P6258
0SUQZYVY,0,1,P137
0SUQZYVY,0,2,P17
0S6KHYL5,0,1,P131
0S6KHYL5,0,2,P17
0S6KHYL5,0,3,P571
0RWROMAO,0,1,P527
0RWROMAO,0,3,P641
0RWROMAO,0,2,P2257
0T3TVDUQ,0,1,P1082
0T3TVDUQ,0,2,P2044
0TA86NC3,0,1,P144
0TA86NC3,0,2,P135
0RJIJF6G,0,1,P47
0RJIJF6G,0,4,P138
0RJIJF6G,0,2,P1082
0RJIJF6G,0,3,P571
0RJIJF6G,0,5,P2046
0T92DMEC,0,1,P17
0T92DMEC,0,2,P571
0RJJ4GX2,0,1,P101
0RJJ4GX2,0,2,P123
0R2PIEU0,0,1,P17
0R2PIEU0,0,2,P571
0Q11JVVZ,0,1,P571
0Q11JVVZ,0,2,P576
0RJLTEHI,0,1,P527
0RJLTEHI,0,2,P264
0RLPJPC1,0,1,P2128
0RLPJPC1,0,2,P2102
0RLPJPC1,0,3,P2054
0SHO3UAB,0,2,P1542
0SHO3UAB,0,1,P2405
0SZ93NLE,0,1,P50
0SZ93NLE,0,2,P495
0T8S1AEY,0,3,P527
0T8S1AEY,0,1,P3157
0T8S1AEY,0,2,P580
0SUBN502,0,1,P421
0SUBN502,0,2,P131
0RYS11L6,0,1,P155
0RYS11L6,0,2,P505
0RPBOVMC,0,1,P138
0RPBOVMC,0,2,P2046
0R1NPBPX,0,1,P1064
0R1NPBPX,0,2,P2067
0R1NPBPX,0,3,P2049
0QCT0KWK,0,1,P2583
0QCT0KWK,0,2,P1215
0QCT0KWK,0,3,P2216
0QCT0KWK,0,4,P6258
0QCT0KWK,0,5,P1090
0QCT0KWK,0,6,P6257
0PVSXJ2S,0,1,P1123
0PVSXJ2S,0,2,P1086
0PVSXJ2S,0,3,P2154
0PVSXJ2S,0,4,P2067
0PVSXJ2S,0,5,P2114
0PVSXJ2S,0,6,P1148
0RE0QN7V,0,1,P1082
0RE0QN7V,0,2,P2046
0T4Q9GC8,0,1,P2044
0T4Q9GC8,0,2,P2046
0RA159U6,0,1,P2046
0RA159U6,0,2,P1082
0S4C7EM6,0,1,P2046
0S4C7EM6,0,2,P1082
0S4C7EM6,0,3,P2044
0Q5VRJX2,0,1,P7015
0Q5VRJX2,0,2,P2120
0Q5VRJX2,0,3,P1090
0Q5VRJX2,0,4,P6258
0PUJRC1O,0,1,P2046
0PUJRC1O,0,2,P2044
0QY7VWHH,0,1,P2109
0QY7VWHH,0,2,P2048
0QY7VWHH,0,3,P2049
0QLWGHZL,0,1,P2048
0QLWGHZL,0,2,P2067
0QFYC6UI,0,1,P1215
0QFYC6UI,0,2,P1090
0QFYC6UI,0,3,P2216
0QFYC6UI,0,4,P2583
0TEGV3UH,0,1,P2044
0TEGV3UH,0,2,P1082
0TEGV3UH,0,3,P2046
0S7KQJN5,0,1,P2046
0S7KQJN5,0,2,P4080
0S01D4EV,0,1,P4296
0S01D4EV,0,2,P6258
0S01D4EV,0,3,P2216
0TFFA2UE,0,1,P1082
0TFFA2UE,0,2,P1540
0R4MJO1F,0,1,P1082
0R4MJO1F,0,2,P2046
0R6THMN4,0,1,P1697
0R6THMN4,0,2,P1867
0WYNCYYG,0,1,P881
0WYNCYYG,0,2,P4296
0XA0GMXM,0,1,P1215
0XA0GMXM,0,2,P2215
0XA0GMXM,0,3,P2583
0XYH3F2W,0,1,P195
0XYH3F2W,0,2,P186
0Y1CT0MG,0,1,P138
0Y1CT0MG,0,2,P17
0VVM3GBN,0,1,P1120
0VVM3GBN,0,2,P585
0Y0H9132,0,2,P176
0Y0H9132,0,1,P2043
0WGOSGAI,0,1,P17
0WGOSGAI,0,2,P1435
0Y1G6EFM,0,1,P641
0Y1G6EFM,0,2,P1923
0Y7PUI7Y,0,1,P84
0Y7PUI7Y,0,2,P571
0X12PD80,0,1,P793
0X12PD80,0,2,P131
0X8JEP17,0,1,P7015
0X8JEP17,0,2,P2214
0X8JEP17,0,3,P6258
0XFS8V5C,0,1,P131
0XFS8V5C,0,2,P1435
0WNOZ0DS,0,1,P131
0WNOZ0DS,0,2,P571
0WI9D12M,0,1,P186
0WI9D12M,0,2,P571
0WI9D12M,0,3,P2787
0Y5Z7XNR,0,1,P131
0Y5Z7XNR,0,3,P159
0Y5Z7XNR,0,2,P571
0XCY8BKM,0,1,P361
0XCY8BKM,0,2,P2053
0VLMQB16,0,1,P1086
0VLMQB16,0,2,P1108
0VLMQB16,0,3,P1121
0WKRL382,0,1,P6257
0WKRL382,0,2,P2227
0WKRL382,0,3,P6258
0WKRL382,0,4,P6879
0WKRL382,0,5,P1215
0W79VLR2,0,1,P2044
0W79VLR2,0,2,P2046
0WFYV46N,0,1,P2044
0WFYV46N,0,2,P2046
0UKE77D6,0,1,P1339
0UKE77D6,0,2,P1120
0UKNI4BY,0,1,P2049
0UKNI4BY,0,2,P2048
0V31OUHE,0,1,P2583
0V31OUHE,0,2,P2214
0V31OUHE,0,3,P6258
0VLLEI96,0,1,P2046
0VLLEI96,0,2,P2044
0UFHQQDJ,0,1,P2154
0UFHQQDJ,0,2,P2114
0UFHQQDJ,0,3,P1122
0UFHQQDJ,0,4,P2160
0VNZWZ08,0,1,P1350
0VNZWZ08,0,2,P1132
0UVAHTEE,0,1,P2044
0UVAHTEE,0,2,P2046
0UVAHTEE,0,3,P1082
0WBHE4ZX,0,1,P1082
0WBHE4ZX,0,2,P2046
0WBHE4ZX,0,3,P2927
0W9VFR5R,0,1,P1539
0W9VFR5R,0,2,P6498
0XUYBHA2,0,1,P2046
0XUYBHA2,0,2,P1082
0XRWL659,0,1,P2046
0XRWL659,0,2,P2044
0VT1A1QZ,0,1,P2583
0VT1A1QZ,0,2,P2227
0VT1A1QZ,0,3,P1215
0VT1A1QZ,0,4,P2215
0WC9K2XH,0,1,P2067
0WC9K2XH,0,2,P7725
0WC9K2XH,0,3,P4214
0WC9K2XH,0,4,P3063
0XEJH1XZ,0,1,P2404
0XEJH1XZ,0,2,P2119
0XZ32WO7,0,1,P2214
0XZ32WO7,0,2,P6258
0W3HAQ6N,0,1,P2048
0W3HAQ6N,0,2,P2049
0XPADT8A,0,1,P2046
0XPADT8A,0,2,P1831
0XPADT8A,0,3,P1082
0UV21JNE,0,1,P2895
0UV21JNE,0,2,P2532
0UTCOF22,0,1,P2254
0UTCOF22,0,2,P2043
0U6BT25L,0,1,P1697
0U6BT25L,0,2,P1867
0UC1IJD5,0,1,P2044
0UC1IJD5,0,2,P2046
0UQFRX3Z,0,1,P1103
0UQFRX3Z,0,2,P2044
0Y6HDTA0,0,1,P2386
0Y6HDTA0,0,2,P6257
1AD8JOA1,0,1,P2547
1AD8JOA1,0,2,P1082
1DK5QOR2,0,3,P276
1DK5QOR2,0,1,P571
1DK5QOR2,0,2,P576
1B0KV9W9,0,1,P2046
1B0KV9W9,0,2,P2053
1DA88LXI,0,1,P59
1DA88LXI,0,2,P6257
1DCZWFL2,0,1,P47
1DCZWFL2,0,2,P4614
1DIFEZWM,0,1,P170
1DIFEZWM,0,2,P276
1CUULTMD,0,1,P1001
1CUULTMD,0,2,P407
1B2BP5GG,0,1,P1086
1B2BP5GG,0,2,P2067
1B2BP5GG,0,3,P2154
1B2BP5GG,0,4,P1148
1B2BP5GG,0,5,P1123
1B2BP5GG,0,6,P2160
1C3VE6QQ,0,1,P36
1C3VE6QQ,0,2,P571
1C3VE6QQ,0,3,P2046
1DK4SNTV,0,1,P421
1DK4SNTV,0,2,P1343
1DK4SNTV,0,3,P1376
1B9J94Y0,0,2,P279
1B9J94Y0,0,1,P571
1DCOJESZ,0,1,P131
1DCOJESZ,0,2,P17
1DCOJESZ,0,3,P2046
1CTUGPQW,0,1,P84
1CTUGPQW,0,3,P17
1CTUGPQW,0,2,P571
1D7I57RA,0,1,P155
1D7I57RA,0,2,P1346
1D7I57RA,0,3,P641
1D7I57RA,0,4,P585
1COHMUMM,0,1,P180
1COHMUMM,0,2,P2048
1DIU7KCW,0,1,P138
1DIU7KCW,0,2,P131
1DIU7KCW,0,3,P708
1CTPSZEF,0,1,P123
1CTPSZEF,0,2,P407
1DKSXIGP,0,1,P21
1DKSXIGP,0,2,P170
1BXDXXTK,0,1,P2348
1BXDXXTK,0,2,P2094
1C5K9WZE,0,1,P2046
1C5K9WZE,0,2,P1139
1C5K9WZE,0,3,P2048
1C5K9WZE,0,4,P1301
1C5K9WZE,0,5,P1101
1BXQOEX3,0,1,P6257
1BXQOEX3,0,2,P2216
1AKUEJUH,0,1,P2044
1AKUEJUH,0,2,P2046
1AA10OK2,0,1,P4296
1AA10OK2,0,2,P2214
1AA10OK2,0,3,P6879
1AA10OK2,0,4,P1215
1AA10OK2,0,5,P7015
1C2B059M,0,1,P2227
1C2B059M,0,2,P6257
1C2B059M,0,3,P6879
1C2B059M,0,4,P2215
1AV5PRLA,0,1,P1082
1AV5PRLA,0,2,P2046
1AKQNZGF,0,1,P2048
1AKQNZGF,0,2,P1314
1DGJN9J4,0,1,P1148
1DGJN9J4,0,2,P2067
1DGJN9J4,0,3,P1086
1B3HWJXE,0,1,P2046
1B3HWJXE,0,2,P1082
1C8W1GNZ,0,1,P2046
1C8W1GNZ,0,2,P1082
1CY8FCBS,0,1,P2215
1CY8FCBS,0,2,P6258
1CY8FCBS,0,3,P1215
1CY8FCBS,0,4,P6257
1BYL0QS2,0,1,P2660
1BYL0QS2,0,2,P2044
1BYL0QS2,0,3,P2659
1CZ61VKM,0,1,P2583
1CZ61VKM,0,2,P6257
1BTR2EGV,0,1,P2044
1BTR2EGV,0,2,P2046
1BTR2EGV,0,3,P1082
1B85Q5C0,0,1,P1100
1B85Q5C0,0,2,P1114
1B5IJG2S,0,1,P2052
1B5IJG2S,0,2,P3157
1H9XIJC2,0,1,P17
1H9XIJC2,0,2,P571
1H9XIJC2,0,3,P1082
1HVGTC0L,0,1,P5623
1HVGTC0L,0,2,P2044
1I7FQ4YB,0,1,P17
1I7FQ4YB,0,2,P138
1I7FQ4YB,0,3,P571
1I1Q2Y33,0,1,P170
1I1Q2Y33,0,2,P276
1GRP5WF3,0,1,P1123
1GRP5WF3,0,2,P1086
1GRP5WF3,0,3,P1122
1I7U9N64,0,1,P2154
1I7U9N64,0,2,P2067
1I7U9N64,0,3,P1122
1I0ZOC77,0,1,P2321
1I0ZOC77,0,2,P155
1IHK0MAQ,0,1,P131
1IHK0MAQ,0,2,P276
1I3DM0LE,0,1,P2067
1I3DM0LE,0,2,P1123
1I3DM0LE,0,3,P1086
1GDHT5D9,0,2,P1435
1GDHT5D9,0,1,P580
1IOSFZJ8,0,1,P86
1IOSFZJ8,0,2,P577
1IJ7FHSL,0,1,P6801
1IJ7FHSL,0,2,P571
1GVUDEB3,0,1,P6257
1GVUDEB3,0,2,P2216
1H5G097Q,0,2,P1027
1H5G097Q,0,1,P571
1IL7RZ8S,0,1,P1457
1IL7RZ8S,0,2,P2214
1I3WA0RE,0,1,P17
1I3WA0RE,0,2,P571
1H4LRYWT,0,1,P6258
1H4LRYWT,0,2,P6257
1H4LRYWT,0,3,P2215
1H53O96N,0,2,P421
1H53O96N,0,1,P2046
1DZBSAPV,0,1,P2094
1DZBSAPV,0,2,P155
1IKIXVQW,0,1,P155
1IKIXVQW,0,2,P577
1HMZ8XW1,0,1,P6258
1HMZ8XW1,0,2,P2216
1HHFP8LJ,0,1,P2215
1HHFP8LJ,0,2,P2583
1H7JZOLV,0,1,P1090
1H7JZOLV,0,2,P2120
1H5I682U,0,1,P2043
1H5I682U,0,2,P2049
1EXLXFJ2,0,1,P1113
1EXLXFJ2,0,2,P2437
1IKTG95Q,0,1,P2214
1IKTG95Q,0,2,P6879
1IKTG95Q,0,3,P1215
1IKTG95Q,0,4,P7015
1H55417H,0,1,P2215
1H55417H,0,2,P6257
1H55417H,0,3,P2214
1H55417H,0,4,P2583
1H55417H,0,5,P6258
1HAM0N6N,0,1,P1540
1HAM0N6N,0,2,P2044
1HH0ALKB,0,1,P6249
1HH0ALKB,0,2,P2048
1I7V8XKQ,0,1,P6879
1I7V8XKQ,0,2,P6257
1HNQWTH0,0,1,P2044
1HNQWTH0,0,2,P2046
1HXJDV13,0,1,P1867
1HXJDV13,0,2,P1868
1HXJDV13,0,3,P5044
1H3A7E78,0,1,P2227
1H3A7E78,0,2,P2216
1H53QBWU,0,1,P1082
1H53QBWU,0,2,P2046
1H53QBWU,0,3,P2044
1FRS0AHZ,0,1,P2043
1FRS0AHZ,0,2,P2049
1FMBJYMQ,0,1,P1867
1FMBJYMQ,0,2,P6753
1FMBJYMQ,0,3,P2046
1G8TUKQR,0,1,P2325
1G8TUKQR,0,2,P2045
1G8TUKQR,0,3,P1096
1F6E6BSE,0,1,P4296
1F6E6BSE,0,2,P1457
1GD6P090,0,1,P2214
1GD6P090,0,2,P2227
1GD6P090,0,3,P2216
1I9J5FMC,0,1,P1132
1I9J5FMC,0,2,P2899
1G0HA9HA,0,1,P4511
1G0HA9HA,0,2,P2046
1H7AMV35,0,1,P1971
1H7AMV35,0,2,P2067
1H2498BE,0,1,P2225
1H2498BE,0,2,P2043
1FSAHNGX,0,1,P1215
1FSAHNGX,0,2,P2583
1FCAO49U,0,1,P2048
1FCAO49U,0,2,P2049
1HMUE85M,0,1,P6257
1HMUE85M,0,2,P2215
1ICX04HN,0,1,P2114
1ICX04HN,0,2,P1086
1ICX04HN,0,3,P2067
1GR5IOHS,0,1,P2046
1GR5IOHS,0,2,P1082
1FWVOKBS,0,1,P2049
1FWVOKBS,0,2,P2109
1ELYTWC9,0,1,P6258
1ELYTWC9,0,2,P2583
1ELYTWC9,0,3,P6257
1ELYTWC9,0,4,P1215
1ELYTWC9,0,5,P4296
1N72AURV,0,1,P17
1N72AURV,0,2,P131
1MRBH59I,0,1,P2547
1MRBH59I,0,2,P1082
1NXVJPXB,0,2,P17
1NXVJPXB,0,1,P580
1MEHO1WW,0,2,P131
1MEHO1WW,0,1,P1705
1MY80O7U,0,1,P291
1MY80O7U,0,2,P2047
1NCI5JV7,0,1,P264
1NCI5JV7,0,2,P136
1NI771LR,0,1,P2046
1NI771LR,0,2,P576
1LZHV7GG,0,2,P61
1LZHV7GG,0,1,P575
1N35VWWY,0,1,P306
1N35VWWY,0,2,P577
1N84YDKA,0,1,P155
1N84YDKA,0,2,P3157
1NV8JWL6,0,1,P4969
1NV8JWL6,0,2,P577
1N6SK1W7,0,2,P495
1N6SK1W7,0,1,P576
1N31JO4E,0,3,P131
1N31JO4E,0,1,P1082
1N31JO4E,0,2,P2046
1NLWFG5X,0,1,P17
1NLWFG5X,0,2,P2416
1NDMWNJ7,0,1,P7589
1NDMWNJ7,0,2,P7588
1M9BGA7F,0,1,P17
1M9BGA7F,0,2,P1128
1MBBOQQ7,0,2,P112
1MBBOQQ7,0,1,P1448
1N9J9LE8,0,1,P1343
1N9J9LE8,0,2,P17
1O8I4PAJ,0,1,P17
1O8I4PAJ,0,2,P527
1MF0SGX5,0,1,P136
1MF0SGX5,0,2,P1476
1KZ13MLI,0,1,P2660
1KZ13MLI,0,2,P2044
1ML5W37C,0,1,P6257
1ML5W37C,0,2,P2214
1IP3VHYC,0,1,P1831
1IP3VHYC,0,2,P1868
1NN0AUOD,0,1,P1101
1NN0AUOD,0,2,P1301
1MVVK1CH,0,1,P2049
1MVVK1CH,0,2,P2048
1LK0U4D5,0,1,P1082
1LK0U4D5,0,2,P2046
1M0QZPKL,0,1,P2043
1M0QZPKL,0,2,P2049
1M0QZPKL,0,3,P2048
1NQB30I6,0,1,P2130
1NQB30I6,0,2,P2047
1NQB30I6,0,3,P2142
1MQETJLE,0,1,P1342
1MQETJLE,0,2,P4253
1O23WFZ7,0,1,P1090
1O23WFZ7,0,2,P2583
1O23WFZ7,0,3,P1215
1LFKOGNT,0,1,P2044
1LFKOGNT,0,2,P1082
1LFKOGNT,0,3,P2046
1MXD38DG,0,1,P2044
1MXD38DG,0,2,P1082
1MXD38DG,0,3,P2046
1LZLPR80,0,1,P2048
1LZLPR80,0,2,P2067
1O4N8NEW,0,1,P2046
1O4N8NEW,0,2,P2044
1MEHWSLU,0,1,P2044
1MEHWSLU,0,2,P2046
1MEHWSLU,0,3,P1082
1KS5TOSF,0,1,P2049
1KS5TOSF,0,2,P2048
1MYYTV3F,0,1,P2262
1MYYTV3F,0,2,P2043
1M3NBI6M,0,1,P2044
1M3NBI6M,0,2,P1082
1KTE0BDH,0,1,P2046
1KTE0BDH,0,2,P1082
1LQ3547I,0,1,P2046
1LQ3547I,0,2,P1082
1LUX5OVS,0,1,P1103
1LUX5OVS,0,2,P2044
1NR5PFQT,0,1,P1082
1NR5PFQT,0,2,P2046
1LI9PL4M,0,1,P2049
1LI9PL4M,0,2,P2048
1O2ZP1MS,0,1,P2054
1O2ZP1MS,0,2,P2101
1LP8U4N4,0,1,P4296
1LP8U4N4,0,2,P1215
1LP8U4N4,0,3,P2227
1LP8U4N4,0,4,P6879
1RYK3NLR,0,1,P200
1RYK3NLR,0,2,P2547
1RYK3NLR,0,3,P2049
1RYK3NLR,0,4,P2044
1S9XJBN9,0,2,P1435
1S9XJBN9,0,1,P6375
1QW38YIM,0,1,P176
1QW38YIM,0,2,P4519
1QPUCYN0,0,1,P1215
1QPUCYN0,0,2,P2583
1OEE9UZS,0,2,P50
1OEE9UZS,0,1,P577
1P6HV3LJ,0,1,P1435
1P6HV3LJ,0,2,P131
1T2QQD3X,0,1,P50
1T2QQD3X,0,3,P921
1T2QQD3X,0,2,P577
1T1JQ8O2,0,1,P136
1T1JQ8O2,0,2,P577
1PDNNWHW,0,1,P2583
1PDNNWHW,0,2,P6257
1RIXCAGL,0,1,P1339
1RIXCAGL,0,2,P1120
1SLIK2U3,0,1,P17
1SLIK2U3,0,2,P149
1SXZ0MRG,0,1,P179
1SXZ0MRG,0,3,P4745
1SXZ0MRG,0,2,P1813
1S7BJ07M,0,2,P195
1S7BJ07M,0,1,P571
1QAN3T26,0,1,P571
1QAN3T26,0,2,P2257
1SHL07LY,0,1,P2563
1SHL07LY,0,2,P4969
1QODN64W,0,1,P170
1QODN64W,0,2,P2049
1QNLM9HS,0,1,P6216
1QNLM9HS,0,2,P1476
1S3SW6XI,0,2,P84
1S3SW6XI,0,1,P1619
1R137UTA,0,1,P463
1R137UTA,0,2,P571
1PD0IQE6,0,1,P2215
1PD0IQE6,0,2,P6258
1PD0IQE6,0,3,P2583
1PD0IQE6,0,4,P6257
1RSU0TQR,0,1,P6258
1RSU0TQR,0,2,P2216
1RSU0TQR,0,3,P6257
1RSU0TQR,0,4,P1215
1RO4R6BS,0,1,P2234
1RO4R6BS,0,2,P4511
1QKROLRM,0,1,P1093
1QKROLRM,0,2,P2043
1RZ95U6F,0,1,P1539
1RZ95U6F,0,2,P1082
1RZ95U6F,0,3,P2046
1SS53TG6,0,1,P7015
1SS53TG6,0,2,P6258
1SS177WZ,0,1,P2583
1SS177WZ,0,2,P1215
1SS177WZ,0,3,P2216
1QTBZA5M,0,1,P1831
1QTBZA5M,0,2,P3087
1QQOR5GZ,0,1,P2049
1QQOR5GZ,0,2,P2048
1T0VYLDP,0,1,P1082
1T0VYLDP,0,2,P2046
1RELG98I,0,1,P2046
1RELG98I,0,2,P2044
1STHX9AV,0,1,P2046
1STHX9AV,0,2,P2044
1S08VEQI,0,1,P2044
1S08VEQI,0,2,P1082
1S08VEQI,0,3,P2046
1QJ9WVX3,0,1,P1174
1QJ9WVX3,0,2,P2046
1Q5IC32Q,0,1,P6879
1Q5IC32Q,0,2,P4296
1Q5IC32Q,0,3,P1215
1Q5IC32Q,0,4,P2214
1Q5IC32Q,0,5,P2215
1QGFO03B,0,1,P2053
1QGFO03B,0,2,P2044
1QLHX1KO,0,1,P6257
1QLHX1KO,0,2,P2215
1QZ9UECZ,0,1,P2114
1QZ9UECZ,0,2,P2154
1Q8RZKU9,0,1,P1120
1Q8RZKU9,0,2,P1561
1SUCMJTA,0,1,P2261
1SUCMJTA,0,2,P2043
1SUCMJTA,0,3,P2262
1Q6E03P6,0,1,P1540
1Q6E03P6,0,2,P1538
1Q7RGZFA,0,1,P2049
1Q7RGZFA,0,2,P2048
1T3LXK1Q,0,1,P2048
1T3LXK1Q,0,2,P2049
1RMNMJCP,0,1,P2044
1RMNMJCP,0,2,P2046
1R6V8XO5,0,1,P2046
1R6V8XO5,0,2,P1082
1Q1GLMB7,0,1,P2067
1Q1GLMB7,0,2,P2048
1QUC05UN,0,1,P2047
1QUC05UN,0,2,P1725
1SZI56F1,0,1,P1082
1SZI56F1,0,2,P2044
1VS24W2N,0,2,P915
1VS24W2N,0,1,P2047
1ULVHLQJ,0,1,P276
1ULVHLQJ,0,2,P186
1X6NRRS4,0,1,P27
1X6NRRS4,0,2,P175
1XR7VJPQ,0,1,P159
1XR7VJPQ,0,2,P571
1XQWLYJY,0,1,P1346
1XQWLYJY,0,3,P138
1XQWLYJY,0,2,P571
1XKGR958,0,2,P495
1XKGR958,0,3,P264
1XKGR958,0,1,P571
1XKOS8FT,0,2,P749
1XKOS8FT,0,1,P576
1WUW7I1X,0,2,P131
1WUW7I1X,0,1,P571
1WLYAVLY,0,1,P155
1WLYAVLY,0,2,P571
1XJ7K2JO,0,1,P2044
1XJ7K2JO,0,2,P571
1VTBN9JD,0,1,P1661
1VTBN9JD,0,2,P571
1WNT2LEK,0,2,P421
1WNT2LEK,0,1,P2046
1WWQH9M3,0,1,P1123
1WWQH9M3,0,2,P1086
1WWQH9M3,0,3,P2154
1WWQH9M3,0,4,P2067
1VRCLO8K,0,1,P376
1VRCLO8K,0,2,P2386
1V8XQ4TT,0,1,P17
1V8XQ4TT,0,2,P2046
1XP7O5Q0,0,1,P136
1XP7O5Q0,0,2,P740
1VLOFK15,0,2,P664
1VLOFK15,0,1,P580
1VLOFK15,0,3,P582
1VLOFK15,0,4,P585
1XBGNQK2,0,1,P279
1XBGNQK2,0,2,P1995
1XKJQSSY,0,1,P276
1XKJQSSY,0,2,P3999
1XDVZ2T4,0,2,P361
1XDVZ2T4,0,3,P136
1XDVZ2T4,0,1,P1476
1X3B8FCX,0,1,P2044
1X3B8FCX,0,2,P1082
1WYIQCSW,0,1,P2139
1WYIQCSW,0,2,P2403
1WYIQCSW,0,3,P2295
1XPJ7LYU,0,1,P2044
1XPJ7LYU,0,2,P1082
1XPJ7LYU,0,3,P2046
1WCKFMMH,0,1,P6257
1WCKFMMH,0,2,P6258
1WCKFMMH,0,3,P2216
1WESURXC,0,1,P6879
1WESURXC,0,2,P7015
1WESURXC,0,3,P4296
1WESURXC,0,4,P2583
1XEAHOF1,0,1,P2046
1XEAHOF1,0,2,P2044
1XEAHOF1,0,3,P1082
1VAGFFE5,0,1,P6498
1VAGFFE5,0,2,P6499
1XLBWQ1D,0,1,P2215
1XLBWQ1D,0,2,P4296
1XLBWQ1D,0,3,P2583
1W0NVZV5,0,1,P1082
1W0NVZV5,0,2,P2046
1X51VGIY,0,1,P2044
1X51VGIY,0,2,P2043
1VA6WRAH,0,1,P2583
1VA6WRAH,0,2,P2215
1VTW932D,0,1,P2044
1VTW932D,0,2,P2234
1VTW932D,0,3,P3020
1VTW932D,0,4,P4511
1XAHDXHQ,0,1,P2048
1XAHDXHQ,0,2,P2049
1X0Q8TJX,0,1,P2044
1X0Q8TJX,0,2,P2046
1WT727E5,0,1,P2044
1WT727E5,0,2,P2046
1VQD95ZW,0,1,P1082
1VQD95ZW,0,2,P2044
1XN5I3RB,0,1,P2351
1XN5I3RB,0,2,P2324
1XRUJ2OC,0,1,P5595
1XRUJ2OC,0,2,P1103
1XE1UD0H,0,1,P2046
1XE1UD0H,0,2,P2044
1XE1UD0H,0,3,P1082
1VOGUM0U,0,1,P7015
1VOGUM0U,0,2,P2215
1VOGUM0U,0,3,P2214
1WF5XW3D,0,1,P1082
1WF5XW3D,0,2,P2046
1WF5XW3D,0,3,P2044
2I5DKW5R,0,2,P155
2I5DKW5R,0,1,P577
2I9Z36VM,0,1,P361
2I9Z36VM,0,2,P61
2I9Z36VM,0,3,P2216
2I9Z36VM,0,4,P1090
2I9Z36VM,0,5,P1215
2FCZQRWD,0,1,P2046
2FCZQRWD,0,2,P2053
2IAZANFB,0,1,P17
2IAZANFB,0,2,P36
2IAZANFB,0,3,P361
2FG5T0TV,0,1,P7015
2FG5T0TV,0,2,P6879
2FG5T0TV,0,3,P2583
2HGTU2JF,0,1,P816
2HGTU2JF,0,2,P2067
2HGTU2JF,0,3,P1148
2H4SGIL5,0,1,P47
2H4SGIL5,0,2,P571
2GD0VMCF,0,2,P816
2GD0VMCF,0,1,P2160
2GD0VMCF,0,3,P1122
2GD0VMCF,0,4,P1086
2GD0VMCF,0,5,P1148
2GOCBAI2,0,1,P137
2GOCBAI2,0,2,P571
2HWAORGI,0,2,P17
2HWAORGI,0,3,P131
2HWAORGI,0,1,P571
2GWOJANV,0,2,P571
2HMBBF75,0,2,P17
2HMBBF75,0,1,P1082
2GWUA615,0,2,P159
2I8J8BNS,0,2,P17
2I8J8BNS,0,1,P571
2I8J8BNS,0,3,P576
2HEHL8TC,0,1,P155
2HEHL8TC,0,2,P577
2FQUJHDA,0,1,P159
2FQUJHDA,0,2,P17
2EXZH7X6,0,1,P585
2EXZH7X6,0,2,P1339
2HYVNOUK,0,1,P641
2HYVNOUK,0,2,P2094
2IDFSJP7,0,1,P1215
2IDFSJP7,0,2,P2583
2IDFSJP7,0,3,P6257
2IDFSJP7,0,4,P2216
2IHAYJE9,0,1,P6258
2IHAYJE9,0,2,P1090
2IHAYJE9,0,3,P6257
2IHAYJE9,0,4,P1215
2FBF4Q3X,0,1,P2046
2FBF4Q3X,0,2,P2043
2HGI1BQ8,0,1,P2154
2HGI1BQ8,0,2,P1148
2HGI1BQ8,0,3,P2114
2HGI1BQ8,0,4,P1086
2HGI1BQ8,0,5,P2160
2H922Y55,0,1,P2044
2H922Y55,0,2,P2046
2GNNWVT2,0,1,P2044
2GNNWVT2,0,2,P2046
2GNNWVT2,0,3,P1082
2H3VI22E,0,1,P2214
2H3VI22E,0,2,P2583
2H3VI22E,0,3,P6257
2GC7QCBM,0,1,P2044
2GC7QCBM,0,2,P2046
2GC7QCBM,0,3,P1538
2GC7QCBM,0,4,P1082
2GZ0FC4S,0,1,P1082
2GZ0FC4S,0,2,P2927
2F8EBPWX,0,1,P1132
2F8EBPWX,0,2,P2257
2GYKRVLN,0,1,P1350
2GYKRVLN,0,2,P1132
2HNEZLRW,0,1,P1090
2HNEZLRW,0,2,P6257
2HNEZLRW,0,3,P2216
2HNEZLRW,0,4,P6258
2HNEZLRW,0,5,P1215
2GQ6YJ39,0,1,P1539
2GQ6YJ39,0,2,P1082
2GQ6YJ39,0,3,P2044
2GQ6YJ39,0,4,P1540
2FCAIMQB,0,1,P2060
2FCAIMQB,0,2,P6258
2FCAIMQB,0,3,P1457
2FCAIMQB,0,4,P2067
2FCAIMQB,0,5,P2120
2FCAIMQB,0,6,P2386
2H2EXB2M,0,1,P2046
2H2EXB2M,0,2,P2044
2F32HORA,0,1,P2067
2F32HORA,0,2,P2244
2F32HORA,0,3,P2146
2F32HORA,0,4,P2047
2F32HORA,0,5,P2243
2HL054SN,0,1,P1082
2HL054SN,0,2,P2044
2HL054SN,0,3,P2046
2ICQC30O,0,1,P2046
2ICQC30O,0,2,P1082
2ICQC30O,0,3,P2044
2I5NS1DX,0,1,P2046
2I5NS1DX,0,2,P2044
2I5NS1DX,0,3,P1082
2ICI1315,0,1,P2044
2ICI1315,0,2,P1082
2ICI1315,0,3,P2046
2IDPVLPX,0,1,P1082
2IDPVLPX,0,2,P2044
2F1QPTO2,0,1,P2046
2F1QPTO2,0,2,P1174
2H409OPL,0,1,P2583
2H409OPL,0,2,P2214
2H409OPL,0,3,P6257
2H409OPL,0,4,P2216
2H409OPL,0,5,P7015
2KWFG8D0,0,1,P1215
2KWFG8D0,0,2,P1090
2MYWF3Q3,0,1,P36
2MYWF3Q3,0,2,P47
2MYWF3Q3,0,3,P1313
2MYWF3Q3,0,5,P2633
2MYWF3Q3,0,4,P5982
2M985SU6,0,1,P6879
2M985SU6,0,2,P6258
2M985SU6,0,3,P6257
2LPJVIPY,0,1,P1056
2LPJVIPY,0,2,P2541
2JBYWWW4,0,1,P361
2JBYWWW4,0,2,P527
2JBYWWW4,0,4,P156
2JBYWWW4,0,3,P585
2LDQG8X5,0,2,P131
2LDQG8X5,0,1,P2046
2NQRC9QR,0,1,P159
2NQRC9QR,0,2,P571
2LZ0BA9M,0,1,P36
2LZ0BA9M,0,2,P38
2KVQW4QZ,0,2,P149
2KVQW4QZ,0,1,P2048
2N7RTUK9,0,1,P112
2N7RTUK9,0,2,P131
2N7RTUK9,0,3,P276
2NE53N7Q,0,1,P2114
2NE53N7Q,0,2,P1122
2MWWRZ4G,0,2,P137
2MWWRZ4G,0,3,P814
2MWWRZ4G,0,1,P2046
2N95CLVU,0,1,P156
2N95CLVU,0,2,P155
2N84KIMS,0,1,P131
2N84KIMS,0,2,P527
2KIDF3TT,0,1,P1346
2KIDF3TT,0,2,P580
2MTS9UFS,0,2,P2505
2MTS9UFS,0,1,P2043
2LRC7BDQ,0,3,P279
2LRC7BDQ,0,1,P2067
2LRC7BDQ,0,2,P1122
2LRC7BDQ,0,4,P2160
2NE3KVG0,0,1,P276
2NE3KVG0,0,2,P17
2NE3KVG0,0,3,P585
2MZAUG7S,0,1,P140
2MZAUG7S,0,2,P276
2NRWY3BX,0,1,P641
2NRWY3BX,0,2,P1132
2NRWY3BX,0,3,P571
2N89H631,0,2,P138
2N89H631,0,3,P1889
2N89H631,0,1,P571
2N89H631,0,4,P1082
2NIBOOO5,0,1,P137
2NIBOOO5,0,2,P421
2NIBOOO5,0,4,P131
2NIBOOO5,0,3,P571
2NL6L3CU,0,2,P190
2NL6L3CU,0,1,P1082
2MZ5DTXC,0,1,P156
2MZ5DTXC,0,2,P264
2MMKFX7Z,0,1,P361
2MMKFX7Z,0,2,P2054
2MWMEPR3,0,1,P136
2MWMEPR3,0,2,P195
2JH5QUGO,0,1,P361
2JH5QUGO,0,2,P1090
2MUQ1W9G,0,1,P2048
2MUQ1W9G,0,2,P2049
2MA1TPOR,0,1,P1082
2MA1TPOR,0,2,P2044
2MA1TPOR,0,3,P2046
2JPVP3VI,0,1,P6257
2JPVP3VI,0,2,P2583
2N7Q5J1G,0,1,P4296
2N7Q5J1G,0,2,P7015
2N7Q5J1G,0,3,P2215
2MV92EV9,0,1,P2044
2MV92EV9,0,2,P1082
2MV92EV9,0,3,P2046
2MCJBJS6,0,1,P1831
2MCJBJS6,0,2,P1082
2K43ZLKS,0,1,P2046
2K43ZLKS,0,2,P1082
2K43ZLKS,0,3,P2927
2JPT2MGP,0,1,P2044
2JPT2MGP,0,2,P2046
2JPT2MGP,0,3,P1540
2JPT2MGP,0,4,P1538
2JPT2MGP,0,5,P6499
2JPT2MGP,0,6,P1082
2K7BIT2K,0,1,P1132
2K7BIT2K,0,2,P3157
2K7BIT2K,0,3,P2052
2MAR2OAT,0,1,P2043
2MAR2OAT,0,2,P2044
2JZBDW2X,0,1,P2048
2JZBDW2X,0,2,P2547
2JZ6E0TM,0,1,P1132
2JZ6E0TM,0,2,P2257
2LQAW7E5,0,1,P1086
2LQAW7E5,0,2,P2114
2LQAW7E5,0,3,P1122
2LQAW7E5,0,4,P2160
2NOGJER0,0,1,P1082
2NOGJER0,0,2,P2046
2MLL8IWB,0,1,P2583
2MLL8IWB,0,2,P6257
2KHXXSVH,0,1,P2044
2KHXXSVH,0,2,P1082
2N7C8GFB,0,1,P1148
2N7C8GFB,0,2,P2160
2MJAP812,0,1,P2046
2MJAP812,0,2,P4080
2MJAP812,0,3,P1082
2MP16BIE,0,1,P1082
2MP16BIE,0,2,P2046
2N4FN4LN,0,1,P2216
2N4FN4LN,0,2,P2227
2N4FN4LN,0,3,P6879
2S0NKJ5V,0,1,P180
2S0NKJ5V,0,4,P195
2S0NKJ5V,0,2,P2049
2S0NKJ5V,0,3,P571
2Q4AVJTJ,0,1,P276
2Q4AVJTJ,0,2,P155
2QLPI2PN,0,2,P136
2PL5YXCR,0,1,P200
2PL5YXCR,0,2,P2547
2PL5YXCR,0,3,P2049
2PL5YXCR,0,4,P2044
2RQ3RPDK,0,2,P241
2RQ3RPDK,0,1,P571
2SRODG6C,0,3,P361
2SRODG6C,0,1,P6257
2SRODG6C,0,2,P6258
2RPC1OPJ,0,1,P452
2RPC1OPJ,0,2,P1454
2P8E5635,0,1,P1533
2P8E5635,0,2,P527
2Q7PSZ26,0,1,P17
2Q7PSZ26,0,2,P131
2S5QOTZI,0,1,P1366
2S5QOTZI,0,2,P17
2RSDK60U,0,2,P47
2RSDK60U,0,1,P2046
2QNLF0Y7,0,2,P59
2QNLF0Y7,0,1,P2215
2QNLF0Y7,0,3,P6258
2QNLF0Y7,0,4,P6879
2QNLF0Y7,0,5,P7015
2SFXQJON,0,1,P276
2SFXQJON,0,2,P131
2PGEVVRM,0,1,P2094
2PGEVVRM,0,2,P527
2PGEVVRM,0,3,P156
2RY38IJR,0,1,P131
2RY38IJR,0,2,P137
2R1ORQPX,0,1,P159
2R1ORQPX,0,2,P800
2PWOJX5H,0,2,P37
2PWOJX5H,0,1,P576
2QAAPESX,0,1,P7015
2QAAPESX,0,2,P2583
2QAAPESX,0,3,P2214
2PFSIZIS,0,3,P816
2PFSIZIS,0,1,P2154
2PFSIZIS,0,2,P1086
2PFSIZIS,0,4,P2067
2PFSIZIS,0,5,P1148
2PFSIZIS,0,6,P1123
2SML76CB,0,1,P1215
2SML76CB,0,2,P2215
2SMSF6AW,0,1,P276
2SMSF6AW,0,2,P921
2SMSF6AW,0,3,P1813
2SMSF6AW,0,4,P582
2PZ3NZVD,0,1,P279
2SZT8UW9,0,1,P81
2SZT8UW9,0,2,P1192
2RXT2RXB,0,1,P527
2RXT2RXB,0,3,P641
2RXT2RXB,0,2,P571
2RTFXD2D,0,1,P1435
2RTFXD2D,0,2,P131
2RTFXD2D,0,3,P17
2QDWXP59,0,2,P17
2QDWXP59,0,1,P2043
2RM8XXXS,0,1,P655
2RM8XXXS,0,2,P50
2OWHDFFC,0,2,P131
2OWHDFFC,0,1,P571
2R167ZVF,0,1,P361
2R167ZVF,0,2,P264
2PGL9H76,0,2,P131
2PGL9H76,0,3,P17
2PGL9H76,0,1,P571
2OI1GGLX,0,2,P17
2OI1GGLX,0,4,P421
2OI1GGLX,0,5,P131
2OI1GGLX,0,1,P1538
2OI1GGLX,0,3,P1082
2P982CDY,0,2,P131
2P982CDY,0,1,P1082
2SG727DG,0,1,P276
2SG727DG,0,2,P195
2SG727DG,0,3,P2048
2SV60YK5,0,1,P576
2SV60YK5,0,2,P571
2SGEA10J,0,1,P527
2SGEA10J,0,2,P156
2S6J0XB9,0,1,P170
2S6J0XB9,0,2,P2049
2SKMMGPJ,0,1,P170
2SKMMGPJ,0,2,P2049
2RNKO61X,0,1,P131
2RNKO61X,0,2,P6375
2RBEX3A5,0,1,P1427
2RBEX3A5,0,4,P361
2RBEX3A5,0,2,P3157
2RBEX3A5,0,3,P2052
2RBEX3A5,0,5,P585
2R525ASI,0,2,P2860
2R525ASI,0,3,P921
2R525ASI,0,1,P1104
2R525ASI,0,4,P1476
2QFKQUD6,0,1,P156
2QFKQUD6,0,2,P1132
2QYBSLYQ,0,2,P131
2R4MK5BL,0,1,P287
2R4MK5BL,0,2,P737
2S5M5QQU,0,1,P706
2S5M5QQU,0,2,P179
2S5M5QQU,0,3,P580
2P29BZNN,0,1,P2214
2P29BZNN,0,2,P2215
2P29BZNN,0,3,P1090
2P29BZNN,0,4,P6258
2QK0BTBG,0,1,P2216
2QK0BTBG,0,2,P4296
2QIJ8H0G,0,1,P7015
2QIJ8H0G,0,2,P4296
2QIJ8H0G,0,3,P1215
2QIJ8H0G,0,4,P2214
2QIJ8H0G,0,5,P2216
2SSJQLRX,0,1,P2046
2SSJQLRX,0,2,P1082
2P2GLCRD,0,1,P1082
2P2GLCRD,0,2,P2044
2P2GLCRD,0,3,P2046
2QT017PM,0,1,P1082
2QT017PM,0,2,P2046
2QT017PM,0,3,P2132
2P6XAZRM,0,1,P1113
2P6XAZRM,0,2,P2437
2P4C4LHH,0,1,P1148
2P4C4LHH,0,2,P2160
2P4C4LHH,0,3,P1123
2P4C4LHH,0,4,P2067
2P4C4LHH,0,5,P2114
2P4C4LHH,0,6,P1122
2RFDITWM,0,1,P1082
2RFDITWM,0,2,P2046
2SERCAWH,0,1,P2046
2SERCAWH,0,2,P1082
2SERCAWH,0,3,P2927
2SLBRA1Z,0,1,P2048
2SLBRA1Z,0,2,P2067
2SH3W7CI,0,1,P6257
2SH3W7CI,0,2,P2583
2SH3W7CI,0,3,P1215
2SH3W7CI,0,4,P2214
2SH3W7CI,0,5,P6258
2R1BVB2O,0,1,P6879
2R1BVB2O,0,2,P4296
2R1BVB2O,0,3,P7015
2SPK8O3S,0,1,P1539
2SPK8O3S,0,2,P2044
2SPK8O3S,0,3,P2046
2RGBR7S7,0,1,P2048
2RGBR7S7,0,2,P2049
2SQDT8DV,0,1,P2635
2SQDT8DV,0,2,P2047
2PZWJXFR,0,1,P1148
2PZWJXFR,0,2,P2154
2RSZ8GTH,0,1,P2049
2RSZ8GTH,0,2,P2048
2OV2W0IH,0,1,P4296
2OV2W0IH,0,2,P6258
2OV2W0IH,0,3,P2214
2OV2W0IH,0,4,P2583
2OV2W0IH,0,5,P6879
2R1A8E28,0,1,P1082
2R1A8E28,0,2,P2046
2QGMCKFY,0,1,P1082
2QGMCKFY,0,2,P2046
2QLRV8DB,0,1,P2046
2QLRV8DB,0,2,P2044
2QLRV8DB,0,3,P1082
2P8F6WAA,0,1,P2046
2P8F6WAA,0,2,P1082
2SCCGG81,0,1,P1082
2SCCGG81,0,2,P2044
2Y2F5TNZ,0,3,P138
2Y2F5TNZ,0,1,P2054
2Y2F5TNZ,0,2,P575
2XX50WQ4,0,2,P127
2XX50WQ4,0,1,P1619
2YK1483K,0,2,P126
2YK1483K,0,1,P6375
2XP5WGZN,0,2,P131
2XP5WGZN,0,1,P571
2YH6MSDS,0,1,P3018
2YH6MSDS,0,2,P2044
2Y5KQDSR,0,1,P3018
2Y5KQDSR,0,2,P206
2Y5KQDSR,0,3,P131
2YKDC4FI,0,1,P1435
2YKDC4FI,0,2,P131
2Y1JTT04,0,1,P127
2Y1JTT04,0,2,P1128
2W9PLOXM,0,1,P17
2W9PLOXM,0,2,P1889
2Y22K094,0,2,P190
2Y22K094,0,1,P1082
2WPE33BQ,0,1,P17
2WPE33BQ,0,2,P571
2VJANLRG,0,1,P2215
2VJANLRG,0,2,P2216
2VJANLRG,0,3,P2214
2UHXRULS,0,1,P2154
2UHXRULS,0,2,P2067
2Y6CF9VT,0,1,P2227
2Y6CF9VT,0,2,P2216
2Y6CF9VT,0,3,P1215
2XJ7PH7X,0,1,P3497
2XJ7PH7X,0,3,P361
2XJ7PH7X,0,2,P585
2X2IK0X3,0,1,P1080
2X2IK0X3,0,2,P1559
2X7SBZEU,0,1,P156
2X7SBZEU,0,2,P279
2YPQYI6Q,0,2,P156
2YPQYI6Q,0,1,P580
2Y1AF750,0,1,P17
2Y1AF750,0,3,P562
2Y1AF750,0,2,P580
2WI88MRD,0,1,P2215
2WI88MRD,0,2,P6257
2WI88MRD,0,3,P2216
2WI88MRD,0,4,P2214
2WI88MRD,0,5,P2583
2WWLOW6X,0,1,P1831
2WWLOW6X,0,2,P1868
2XHJVT7D,0,1,P2067
2XHJVT7D,0,2,P2160
2XT784UI,0,1,P1086
2XT784UI,0,2,P2154
2XT784UI,0,3,P1148
2WN9U6W0,0,1,P1120
2WN9U6W0,0,2,P1339
2Y6BL3K5,0,1,P2214
2Y6BL3K5,0,2,P6258
2Y6BL3K5,0,3,P7015
2Y6BL3K5,0,4,P2216
2VND831Z,0,1,P2049
2VND831Z,0,2,P2048
2VOIDQ2N,0,1,P2044
2VOIDQ2N,0,2,P1082
2VOIDQ2N,0,3,P2046
2UYTQOS8,0,1,P2044
2UYTQOS8,0,2,P1082
2UYTQOS8,0,3,P2046
2X50HJZE,0,1,P2044
2X50HJZE,0,2,P1538
2X50HJZE,0,3,P1082
2Y8HNXRT,0,1,P2049
2Y8HNXRT,0,2,P2048
2WTM1ZSL,0,1,P2046
2WTM1ZSL,0,2,P1082
2UO31ZQM,0,1,P1090
2UO31ZQM,0,2,P2583
2UO31ZQM,0,3,P6257
2VIHC615,0,1,P2049
2VIHC615,0,2,P2043
2VIHC615,0,3,P2048
2Y2UBA52,0,1,P1090
2Y2UBA52,0,2,P6258
2Y2UBA52,0,3,P6257
2Y2UBA52,0,4,P2216
2Y2UBA52,0,5,P2215
2WIA5UNH,0,1,P1086
2WIA5UNH,0,2,P1123
2WIA5UNH,0,3,P2067
2UO69X9X,0,1,P1122
2UO69X9X,0,2,P1148
2UO69X9X,0,3,P2067
2UO69X9X,0,4,P2160
2VWOVAOJ,0,1,P2044
2VWOVAOJ,0,2,P3872
2Y7NYCUV,0,1,P2227
2Y7NYCUV,0,2,P2583
2X615JQ3,0,1,P2044
2X615JQ3,0,2,P2048
2VP64T69,0,1,P2047
2VP64T69,0,2,P2437
2VP64T69,0,3,P1113
2YHXYGR8,0,1,P1132
2YHXYGR8,0,2,P1350
3AEBKTP0,0,2,P1365
3AEBKTP0,0,1,P1128
3AEBKTP0,0,3,P1082
3BFKGUG7,0,2,P279
3BFKGUG7,0,1,P2521
3BUXPQPD,0,1,P703
3BUXPQPD,0,2,P2404
3BUXPQPD,0,3,P2405
3BL0O34X,0,1,P279
3BL0O34X,0,2,P1122
3BL0O34X,0,3,P1148
3BL0O34X,0,4,P1123
3BL0O34X,0,5,P2160
3BL0O34X,0,6,P1086
3B9M4Q6S,0,2,P112
3B9M4Q6S,0,1,P571
3B3DFJFF,0,1,P17
3B3DFJFF,0,2,P407
2ZW9HFQS,0,1,P6879
2ZW9HFQS,0,2,P2216
2ZW9HFQS,0,3,P1215
3AJ75ELU,0,1,P1448
3AJ75ELU,0,2,P576
3CWE5CUV,0,1,P17
3CWE5CUV,0,2,P407
3BJ559BJ,0,2,P131
3BJ559BJ,0,1,P576
3C7A014R,0,1,P582
3C7A014R,0,2,P585
3CSGI1XN,0,1,P112
3CSGI1XN,0,2,P131
3AU2CANM,0,1,P170
3AU2CANM,0,2,P195
3AU2CANM,0,3,P571
3ALM4W68,0,4,P366
3ALM4W68,0,1,P2050
3ALM4W68,0,2,P1083
3ALM4W68,0,3,P606
3C4YW2AY,0,2,P47
3C4YW2AY,0,4,P131
3C4YW2AY,0,1,P571
3C4YW2AY,0,3,P2043
3C4YW2AY,0,5,P2049
3CAQ52YM,0,3,P156
3CAQ52YM,0,1,P1132
3CAQ52YM,0,2,P585
3AUSKNKC,0,2,P123
3AUSKNKC,0,1,P2048
3CT9IHP1,0,2,P361
3CT9IHP1,0,1,P1342
3BBO2SMR,0,2,P59
3BBO2SMR,0,1,P575
3BBO2SMR,0,3,P2216
3BBO2SMR,0,4,P6258
3C3NK8LB,0,1,P2114
3C3NK8LB,0,2,P1123
3C3NK8LB,0,3,P1122
3BOQGGNJ,0,1,P2216
3BOQGGNJ,0,2,P6879
3BOQGGNJ,0,3,P2227
3BOQGGNJ,0,4,P2215
3BOQGGNJ,0,5,P1215
3BT5LCMS,0,1,P2583
3BT5LCMS,0,2,P2214
3BT5LCMS,0,3,P6258
2ZAKBALA,0,1,P1122
2ZAKBALA,0,2,P2160
2ZAKBALA,0,3,P1123
2ZAKBALA,0,4,P2114
3BWPHDP8,0,1,P2046
3BWPHDP8,0,2,P2044
3BWPHDP8,0,3,P1082
3A69G7Y2,0,1,P2046
3A69G7Y2,0,2,P2044
3A69G7Y2,0,3,P1082
03Y8RI2D,0,1,P2044
03Y8RI2D,0,2,P2046
3CZPAEB3,0,1,P1083
3CZPAEB3,0,2,P1092
2ZSEO1A6,0,1,P6257
2ZSEO1A6,0,2,P2216
03R3S49G,0,1,P1215
03R3S49G,0,2,P2227
03R3S49G,0,3,P7015
03R3S49G,0,4,P4296
03R3S49G,0,5,P2215
3BKB2F4E,0,1,P2049
3BKB2F4E,0,2,P2043
3BKB2F4E,0,3,P2048
3CKJ213E,0,1,P2583
3CKJ213E,0,2,P1215
3A7DEBJ4,0,1,P6257
3A7DEBJ4,0,2,P2214
3A7DEBJ4,0,3,P6258
3A7DEBJ4,0,4,P2583
3A7DEBJ4,0,5,P2215
3A7DEBJ4,0,6,P2216
3CCMWO4W,0,1,P2049
3CCMWO4W,0,2,P2043
3B1O7E2I,0,1,P1122
3B1O7E2I,0,2,P2374
3B1O7E2I,0,3,P2160
3B1O7E2I,0,4,P1123
3B1O7E2I,0,5,P2154
3BUBX3D1,0,1,P1868
3BUBX3D1,0,2,P1868
3BUBX3D1,0,3,P1867
3CTIBK5A,0,1,P3362
3CTIBK5A,0,2,P2295
3AS4VVC7,0,1,P2046
3AS4VVC7,0,2,P1082
2ZD37E0P,0,1,P2610
2ZD37E0P,0,2,P2049
3A8PVD5G,0,1,P2044
3A8PVD5G,0,2,P2046
2ZTDDPY2,0,1,P2046
2ZTDDPY2,0,2,P2044
3C6AZG9U,0,1,P2895
3C6AZG9U,0,2,P2532
3HPCJQLE,0,2,P527
3HPCJQLE,0,1,P577
3HVGQXRK,0,1,P276
3HVGQXRK,0,2,P582
3H3F2WRD,0,1,P166
3H3F2WRD,0,2,P2044
3HYM0W6R,0,2,P276
3HYM0W6R,0,1,P1813
3H9JOXKD,0,2,P1454
3H9JOXKD,0,1,P571
3HOK35YQ,0,4,P276
3HOK35YQ,0,1,P582
3HOK35YQ,0,2,P580
3HOK35YQ,0,3,P585
3GU64F1C,0,1,P1148
3GU64F1C,0,2,P1086
3GU64F1C,0,3,P2067
3I6JRCHR,0,3,P126
3I6JRCHR,0,1,P1476
3I6JRCHR,0,2,P580
3HCTHKNS,0,1,P47
3HCTHKNS,0,2,P2046
3HHXKSVW,0,1,P1427
3HHXKSVW,0,2,P585
3HHXKSVW,0,3,P3157
3HHR5P3F,0,1,P708
3HHR5P3F,0,2,P149
3DMNUPGN,0,1,P179
3DMNUPGN,0,3,P361
3DMNUPGN,0,5,P706
3DMNUPGN,0,2,P582
3DMNUPGN,0,4,P2532
3DMNUPGN,0,6,P580
3GW9VZTV,0,1,P156
3GW9VZTV,0,2,P585
3F9VNSTJ,0,1,P2214
3F9VNSTJ,0,2,P1215
3F9VNSTJ,0,3,P2583
3F9VNSTJ,0,4,P2216
3GMETPP3,0,1,P1093
3GMETPP3,0,2,P2049
3GMETPP3,0,3,P2043
3GZADUGW,0,1,P2216
3GZADUGW,0,2,P6258
3GZADUGW,0,3,P1215
3HC8B2AX,0,1,P1082
3HC8B2AX,0,2,P2046
3FN4DXZL,0,1,P2927
3FN4DXZL,0,2,P2046
3FN4DXZL,0,3,P1082
3HWLT4V5,0,1,P2049
3HWLT4V5,0,2,P2043
3HPZR7K1,0,1,P2044
3HPZR7K1,0,2,P1082
3HPZR7K1,0,3,P2046
3HQLEA9M,0,1,P2052
3HQLEA9M,0,2,P3157
3HQLEA9M,0,3,P1132
3F9SVFJ0,0,1,P2583
3F9SVFJ0,0,2,P6258
3F9SVFJ0,0,3,P7015
3F9SVFJ0,0,4,P2215
3H7S7ZIV,0,1,P2895
3H7S7ZIV,0,2,P2532
3EUD90Q3,0,1,P4253
3EUD90Q3,0,2,P1342
3GXSCPXH,0,1,P1082
3GXSCPXH,0,2,P2046
3GXSCPXH,0,3,P2044
3HIBXR2B,0,1,P2437
3HIBXR2B,0,2,P1113
3FGK6Y6T,0,1,P1092
3FGK6Y6T,0,2,P2261
3HXCMH5G,0,1,P4080
3HXCMH5G,0,2,P1538
3FQMXJYM,0,1,P2044
3FQMXJYM,0,2,P1082
3FQMXJYM,0,3,P2046
3H98MCYE,0,1,P2044
3H98MCYE,0,2,P1082
3FHCROWC,0,1,P2046
3FHCROWC,0,2,P1082
3FHCROWC,0,3,P2044
3G8364UV,0,1,P2043
3G8364UV,0,2,P2053
3EU4KJN6,0,1,P2044
3EU4KJN6,0,2,P2046
3EU4KJN6,0,3,P1082
3EEVDZZ9,0,1,P2046
3EEVDZZ9,0,2,P2927
3F1OPPTY,0,1,P1538
3F1OPPTY,0,2,P1540
3F1OPPTY,0,3,P2044
3F1OPPTY,0,4,P1539
3F1OPPTY,0,5,P1082
3EHFLJYD,0,1,P3487
3EHFLJYD,0,2,P3488
3HUBBTWI,0,1,P1082
3HUBBTWI,0,2,P2046
3GHX7O5H,0,1,P2437
3GHX7O5H,0,2,P1113
3FM7MUNX,0,1,P2044
3FM7MUNX,0,2,P2046
3FM7MUNX,0,3,P1082
3MB1O42T,0,2,P527
3MB1O42T,0,1,P7015
3NDVPCLK,0,1,P1082
3NDVPCLK,0,2,P576
3KCURSEF,0,3,P61
3KCURSEF,0,1,P2233
3KCURSEF,0,2,P575
3N7YTFJM,0,1,P407
3N7YTFJM,0,2,P571
3NM3MLWR,0,1,P127
3NM3MLWR,0,2,P138
3NOASFP4,0,1,P17
3NOASFP4,0,2,P1435
3MEEHLS2,0,2,P17
3MEEHLS2,0,1,P585
3KB4JVO5,0,1,P1101
3KB4JVO5,0,2,P571
3MNPMYLT,0,2,P1435
3MNPMYLT,0,1,P571
3N3VE4VN,0,1,P17
3N3VE4VN,0,2,P2043
3LI07XAY,0,2,P437
3LI07XAY,0,1,P577
3LZY31O8,0,1,P527
3LZY31O8,0,2,P2043
3KQPTCZZ,0,1,P138
3KQPTCZZ,0,2,P571
3LLN27NZ,0,1,P2044
3LLN27NZ,0,2,P2046
3LLN27NZ,0,3,P1538
3LLN27NZ,0,4,P1082
3NL57L9P,0,1,P279
3NL57L9P,0,2,P571
3N46H57I,0,1,P421
3N46H57I,0,2,P131
3NJLE054,0,1,P170
3NJLE054,0,2,P27
3K0LMAET,0,1,P1215
3K0LMAET,0,2,P2583
3K0LMAET,0,3,P6257
3K6H05HB,0,1,P2049
3K6H05HB,0,2,P2043
3NH3P9ZT,0,1,P1215
3NH3P9ZT,0,2,P2583
3NH3P9ZT,0,3,P2214
3NH3P9ZT,0,4,P6257
3NH3P9ZT,0,5,P2216
3NH3P9ZT,0,6,P2215
3N3X5PYJ,0,1,P2215
3N3X5PYJ,0,2,P2214
3KWSJDGN,0,1,P2044
3KWSJDGN,0,2,P1082
3KWSJDGN,0,3,P2124
3LIOY5WR,0,1,P2046
3LIOY5WR,0,2,P1082
3LIOY5WR,0,3,P2044
3MV0YLF8,0,1,P2154
3MV0YLF8,0,2,P2114
3MV0YLF8,0,3,P1148
3MV0YLF8,0,4,P1086
3MV0YLF8,0,5,P1122
3MV0YLF8,0,6,P2067
3NNPOXK3,0,1,P2044
3NNPOXK3,0,2,P1082
3M5HGNGR,0,1,P2046
3M5HGNGR,0,2,P1082
3M5HGNGR,0,3,P2044
3MLLM7HN,0,1,P1082
3MLLM7HN,0,2,P1540
3NHL0DEU,0,1,P2215
3NHL0DEU,0,2,P2227
3N2HV814,0,1,P6258
3N2HV814,0,2,P2215
3N2HV814,0,3,P2216
3J4676B9,0,1,P1093
3J4676B9,0,2,P2043
3NQMJNQD,0,1,P2046
3NQMJNQD,0,2,P6591
3NQMJNQD,0,3,P7422
3NQMJNQD,0,4,P2927
3NQMJNQD,0,5,P2044
3NQMJNQD,0,6,P1082
3MWJG1VB,0,1,P2895
3MWJG1VB,0,2,P2532
3KHJ5F4E,0,1,P1314
3KHJ5F4E,0,2,P2043
3LZ7QKOJ,0,1,P2154
3LZ7QKOJ,0,2,P1086
3LZ7QKOJ,0,3,P2160
3N697UGF,0,1,P2046
3N697UGF,0,2,P1082
3N697UGF,0,3,P2044
3KFHNHML,0,1,P1082
3KFHNHML,0,2,P2046
3NPYL95H,0,1,P2437
3NPYL95H,0,2,P2047
3MVN0X3U,0,1,P1082
3MVN0X3U,0,2,P1081
3L2AORC2,0,1,P2043
3L2AORC2,0,2,P2261
3KC4COTG,0,1,P2044
3KC4COTG,0,2,P1538
3MDYXG25,0,1,P1538
3MDYXG25,0,2,P2044
3MDYXG25,0,3,P2046
3T3XU11Y,0,2,P17
3T3XU11Y,0,1,P1120
3T1IR34F,0,2,P5841
3T1IR34F,0,1,P2067
3QZ1II4C,0,1,P2583
3QZ1II4C,0,2,P1215
3QZ1II4C,0,3,P6258
3QZ1II4C,0,4,P7015
3T025YUC,0,1,P1441
3T025YUC,0,2,P131
3T8D4G67,0,1,P2583
3T8D4G67,0,2,P2214
3T8D4G67,0,3,P7015
3T8D4G67,0,4,P4296
3T8B7C35,0,1,P2386
3T8B7C35,0,2,P2243
3T8B7C35,0,3,P1096
3T8B7C35,0,4,P1215
3RXL4UE8,0,1,P4519
3RXL4UE8,0,2,P2049
3SRKTBIO,0,1,P2046
3SRKTBIO,0,2,P2044
3RKHMGI2,0,1,P2049
3RKHMGI2,0,2,P2043
3T73GUM8,0,1,P2043
3T73GUM8,0,2,P2049
3SQALQYC,0,1,P2043
3SQALQYC,0,2,P1092
3S49ACDP,0,1,P2046
3S49ACDP,0,2,P1082
3SDBIVEY,0,1,P2044
3SDBIVEY,0,2,P2046
3RRBDIYX,0,1,P2927
3RRBDIYX,0,2,P2046
3RRBDIYX,0,3,P1082
3SK798BE,0,1,P1132
3SK798BE,0,2,P3157
3SK798BE,0,3,P2052
3RA2SDLA,0,1,P2046
3RA2SDLA,0,2,P1082
3YLIT056,0,1,P403
3YLIT056,0,2,P1889
3YLIT056,0,3,P2044
3YXSR07F,0,1,P131
3YXSR07F,0,2,P2528
3YXI5197,0,1,P680
3YXI5197,0,2,P703
3XFPP19I,0,1,P137
3XFPP19I,0,2,P138
3XTS33P4,0,1,P3402
3XTS33P4,0,2,P750
3WZA54DN,0,1,P276
3WZA54DN,0,2,P585
3VXQ8TJN,0,2,P279
3VXQ8TJN,0,1,P1098
3VL78TK3,0,1,P527
3VL78TK3,0,2,P2046
3Y05WK3R,0,1,P131
3Y05WK3R,0,2,P571
3X7LQF7L,0,1,P195
3X7LQF7L,0,2,P571
3V9F9ASD,0,1,P17
3V9F9ASD,0,2,P1705
3YX5P20J,0,1,P527
3YX5P20J,0,2,P2094
3YX5P20J,0,3,P585
3YQVSB6B,0,1,P17
3YQVSB6B,0,2,P571
3UQGSHV0,0,2,P131
3UQGSHV0,0,1,P2043
3WW17MEV,0,1,P527
3WW17MEV,0,2,P571
3XTCTXAK,0,1,P17
3XTCTXAK,0,2,P708
3YQB0YDB,0,1,P131
3YQB0YDB,0,2,P825
3Z5YGU6S,0,1,P140
3Z5YGU6S,0,2,P571
3VY7T2CX,0,2,P17
3VY7T2CX,0,1,P571
3XP2PWN6,0,1,P81
3XP2PWN6,0,2,P138
3XP2PWN6,0,3,P571
3TF9EKK9,0,1,P17
3TF9EKK9,0,2,P131
3TF9EKK9,0,3,P1435
3VBLHUZA,0,1,P2262
3VBLHUZA,0,2,P729
3Y5LB7Q7,0,1,P131
3Y5LB7Q7,0,2,P17
3V5FHNPG,0,1,P155
3V5FHNPG,0,2,P2052
3XP5ZM3V,0,1,P272
3XP5ZM3V,0,2,P2515
3USF18WJ,0,1,P131
3USF18WJ,0,2,P2046
3Z6MTX3D,0,2,P131
3UJROYN8,0,1,P86
3UJROYN8,0,2,P870
3UJROYN8,0,3,P826
3WZKZGXR,0,1,P279
3WZKZGXR,0,2,P17
3UM8K41U,0,1,P4552
3UM8K41U,0,2,P2044
3W4SMBSG,0,1,P3487
3W4SMBSG,0,2,P3488
3VX0JJ0M,0,2,P131
3VX0JJ0M,0,1,P2044
3VX0JJ0M,0,3,P2046
3X2R2C03,0,1,P17
3X2R2C03,0,2,P179
3WZCT084,0,2,P1366
3WZCT084,0,3,P6
3WZCT084,0,1,P571
3WZCT084,0,4,P576
3YKNXZU6,0,2,P179
3YKNXZU6,0,3,P1411
3YKNXZU6,0,1,P577
3XTCJM8S,0,1,P179
3XTCJM8S,0,2,P2532
3WSXTZ8H,0,1,P2541
3WSXTZ8H,0,2,P641
3VVOYPJJ,0,1,P3000
3VVOYPJJ,0,2,P2997
3VVOYPJJ,0,3,P3270
3YSAHWGZ,0,1,P2044
3YSAHWGZ,0,2,P2046
3WGEC1BL,0,1,P1082
3WGEC1BL,0,2,P1539
3VMU937Q,0,1,P1093
3VMU937Q,0,2,P2043
3VMU937Q,0,3,P2262
3X4HL6SE,0,1,P2046
3X4HL6SE,0,2,P2044
3XZLLT60,0,1,P2043
3XZLLT60,0,2,P1083
3Y1DDYQ2,0,1,P2160
3Y1DDYQ2,0,2,P1122
3TQHHBOV,0,1,P1082
3TQHHBOV,0,2,P2044
3TQHHBOV,0,3,P2046
3W0V5P2D,0,1,P1101
3W0V5P2D,0,2,P2048
3WI2V6M1,0,1,P2044
3WI2V6M1,0,2,P2046
3WI2V6M1,0,3,P1082
3TQY8B01,0,1,P2049
3TQY8B01,0,2,P2048
3Z6IKEH5,0,1,P3487
3Z6IKEH5,0,2,P3488
3VTFI8MA,0,1,P1128
3VTFI8MA,0,2,P2196
3Y9RL7N9,0,1,P6257
3Y9RL7N9,0,2,P2583
3Y9RL7N9,0,3,P6258
3U47GL5X,0,1,P2370
3U47GL5X,0,2,P2442
3UDGL8PP,0,1,P2046
3UDGL8PP,0,2,P2044
3Z5A9N87,0,1,P2262
3Z5A9N87,0,2,P1093
3Z5A9N87,0,3,P4519
3Z5A9N87,0,4,P2043
3TLY9UOG,0,1,P2043
3TLY9UOG,0,2,P1092
3VLZA4YK,0,1,P7015
3VLZA4YK,0,2,P2216
3VLZA4YK,0,3,P6258
3TVQBOZ8,0,1,P6258
3TVQBOZ8,0,2,P1090
3TVQBOZ8,0,3,P2583
3TVQBOZ8,0,4,P6257
3TVQBOZ8,0,5,P2216
3V3K8KDB,0,1,P2214
3V3K8KDB,0,2,P7015
3V3K8KDB,0,3,P6879
3Y5V55BW,0,1,P1539
3Y5V55BW,0,2,P1538
3UOTBJON,0,1,P6257
3UOTBJON,0,2,P7015
3UOTBJON,0,3,P1457
3UOTBJON,0,4,P2215
3UOTBJON,0,5,P2214
3U15KGVE,0,1,P1082
3U15KGVE,0,2,P2046
3U15KGVE,0,3,P2927
3YL6897M,0,1,P2214
3YL6897M,0,2,P1090
3YL6897M,0,3,P1215
4CF4SFQ3,0,1,P489
4CF4SFQ3,0,2,P5061
4BTCWYQJ,0,1,P1416
4BTCWYQJ,0,2,P6375
4CBLK0HP,0,2,P706
4CBLK0HP,0,1,P2046
4CWHGLJD,0,2,P421
4CWHGLJD,0,1,P1705
4CSCV4EV,0,1,P276
4CSCV4EV,0,2,P571
4CENC7N8,0,2,P361
4CENC7N8,0,1,P2048
4C165ALT,0,1,P1215
4C165ALT,0,2,P2583
4C165ALT,0,3,P6258
4B10HPWY,0,1,P2214
4B10HPWY,0,2,P6257
4BU6G72B,0,1,P1082
4BU6G72B,0,2,P2044
4BPG4E9W,0,1,P1103
4BPG4E9W,0,2,P5595
4BEGQWY5,0,1,P2046
4BEGQWY5,0,2,P2044
4BEJIS05,0,1,P2214
4BEJIS05,0,2,P2583
4BEJIS05,0,3,P6257
4CMC1MF1,0,1,P2044
4CMC1MF1,0,2,P2046
4BMBXO7I,0,1,P1132
4BMBXO7I,0,2,P2052
4BMBXO7I,0,3,P3157
4AMTKHHT,0,1,P2583
4AMTKHHT,0,2,P2214
4AMTKHHT,0,3,P4296
4AM925GZ,0,1,P2044
4AM925GZ,0,2,P2046
4BAI823V,0,1,P1086
4BAI823V,0,2,P2160
4BAI823V,0,3,P1123
4BAI823V,0,4,P1148
4BCW3A2C,0,1,P1148
4BCW3A2C,0,2,P2067
4BCW3A2C,0,3,P2160
4BCW3A2C,0,4,P2114
4BCW3A2C,0,5,P1122
4BCW3A2C,0,6,P2067
4B06WKDD,0,1,P2215
4B06WKDD,0,2,P1215
4B06WKDD,0,3,P2214
4B06WKDD,0,4,P6258
4AN2ODH2,0,1,P6498
4AN2ODH2,0,2,P2046
4COFK4W7,0,1,P1082
4COFK4W7,0,2,P2046
4CO2IEL0,0,1,P1093
4CO2IEL0,0,2,P2052
4BA5NFTA,0,1,P2044
4BA5NFTA,0,2,P2046
4ATJWPE9,0,1,P2046
4ATJWPE9,0,2,P2044
4ATJWPE9,0,3,P1082
4I8VB49Y,0,1,P6216
4I8VB49Y,0,2,P571
4IMX1J20,0,1,P576
4IMX1J20,0,2,P3999
4I5Z6FZT,0,1,P50
4I5Z6FZT,0,2,P407
4HFEUL7B,0,2,P131
4HFEUL7B,0,1,P4511
4I0PQ7OS,0,1,P131
4I0PQ7OS,0,2,P17
4I0TH1MY,0,1,P149
4I0TH1MY,0,3,P131
4I0TH1MY,0,2,P576
4FY7RDLW,0,1,P131
4FY7RDLW,0,2,P276
4GUJGVT2,0,1,P276
4GUJGVT2,0,2,P180
4GUJGVT2,0,4,P170
4GUJGVT2,0,3,P2049
4IESOKS2,0,1,P17
4IESOKS2,0,2,P195
4HWK9OIJ,0,1,P463
4HWK9OIJ,0,2,P7153
4I6TVFFO,0,1,P527
4I6TVFFO,0,2,P264
4I6TVFFO,0,3,P1889
4FMKABBS,0,1,P175
4FMKABBS,0,2,P1476
4GC09ROR,0,2,P138
4GC09ROR,0,1,P571
4GCH2YO2,0,1,P2388
4GCH2YO2,0,3,P17
4GCH2YO2,0,2,P571
4I3EOHAZ,0,2,P123
4I3EOHAZ,0,3,P921
4I3EOHAZ,0,1,P1104
4G05A1A5,0,1,P421
4G05A1A5,0,2,P17
4H2CLYND,0,1,P1366
4H2CLYND,0,2,P17
4GYD3Q4P,0,2,P421
4GYD3Q4P,0,1,P1082
4HJCP4JC,0,1,P485
4HJCP4JC,0,2,P1313
4FME0Q2X,0,1,P170
4FME0Q2X,0,2,P669
4FCQJD2D,0,1,P527
4FCQJD2D,0,2,P361
4IFN6H27,0,1,P17
4IFN6H27,0,2,P131
4FJIKSI8,0,1,P1625
4FJIKSI8,0,2,P1433
4FSUM1A0,0,1,P17
4FSUM1A0,0,2,P571
4GXGK8UY,0,1,P137
4GXGK8UY,0,2,P375
4GXGK8UY,0,3,P1427
4II8ICTZ,0,1,P127
4II8ICTZ,0,2,P159
4II8ICTZ,0,3,P1454
4IA0LVHR,0,1,P1435
4IA0LVHR,0,2,P571
4ID21YJ5,0,2,P175
4ID21YJ5,0,1,P577
4F5ZPLMK,0,1,P527
4F5ZPLMK,0,2,P641
4F5ZPLMK,0,3,P155
4F5ZPLMK,0,4,P156
4G0UEN8O,0,2,P816
4G0UEN8O,0,1,P1148
4IETW7QS,0,2,P131
4IETW7QS,0,3,P17
4IETW7QS,0,1,P571
4IETW7QS,0,4,P1082
4HMJH57F,0,1,P921
4HMJH57F,0,2,P361
4HCIL8BO,0,2,P17
4HCIL8BO,0,1,P571
4IFVDCLY,0,2,P361
4IFVDCLY,0,3,P150
4IFVDCLY,0,4,P1365
4IFVDCLY,0,1,P2046
4ILXSY5R,0,1,P190
4ILXSY5R,0,2,P1383
4HA0JUWY,0,1,P115
4HA0JUWY,0,2,P17
4HA0JUWY,0,3,P159
4HG1DNIW,0,2,P1433
4HG1DNIW,0,1,P580
4GVQFQ1F,0,2,P17
4GVQFQ1F,0,1,P571
4FYVEARM,0,2,P17
4FYVEARM,0,4,P930
4FYVEARM,0,1,P571
4FYVEARM,0,3,P2043
4HR2K0KQ,0,1,P47
4HR2K0KQ,0,2,P421
4HR2K0KQ,0,3,P131
4DBPMAAK,0,1,P2563
4DBPMAAK,0,2,P4969
4FGQTBA2,0,1,P1001
4FGQTBA2,0,2,P585
4EL9KUCB,0,1,P57
4EL9KUCB,0,2,P2047
4GQ8YZXD,0,1,P17
4GQ8YZXD,0,2,P47
4GHEPS9W,0,1,P495
4GHEPS9W,0,2,P195
4G9Z862Z,0,1,P131
4G9Z862Z,0,3,P421
4G9Z862Z,0,2,P1082
4H4DANK3,0,1,P17
4H4DANK3,0,2,P186
4FBUXFDV,0,2,P527
4FBUXFDV,0,1,P1476
4G317E0L,0,1,P403
4G317E0L,0,2,P2043
4EITPSHV,0,1,P2214
4EITPSHV,0,2,P6257
4I9BUBJK,0,1,P2261
4I9BUBJK,0,2,P2262
4I9BUBJK,0,3,P2043
4IH24V21,0,1,P2583
4IH24V21,0,2,P2214
4IH24V21,0,3,P2215
4DVAZHU9,0,1,P2386
4DVAZHU9,0,2,P4511
4F20WVE5,0,1,P1082
4F20WVE5,0,2,P2046
4HN35JV8,0,1,P1100
4HN35JV8,0,2,P1114
4FNPJ1BL,0,1,P1123
4FNPJ1BL,0,2,P1122
4FNPJ1BL,0,3,P2160
4FNPJ1BL,0,4,P2067
4EF7OLYJ,0,1,P2160
4EF7OLYJ,0,2,P2154
4DQ4MMXL,0,1,P2227
4DQ4MMXL,0,2,P2214
4DQ4MMXL,0,3,P6879
4DQ4MMXL,0,4,P2060
4DQ4MMXL,0,5,P4296
4E409TWU,0,1,P2048
4E409TWU,0,2,P2043
4GWPCLMR,0,1,P1082
4GWPCLMR,0,2,P2046
4DI8YM0E,0,1,P2046
4DI8YM0E,0,2,P1082
4EKILPI5,0,1,P2049
4EKILPI5,0,2,P2048
4HUOPJVG,0,1,P1082
4HUOPJVG,0,2,P2044
4HUOPJVG,0,3,P2046
4FL1KGCN,0,1,P2044
4FL1KGCN,0,2,P1082
4FL1KGCN,0,3,P2046
4HVVS5DC,0,1,P2216
4HVVS5DC,0,2,P6879
4HVVS5DC,0,3,P2215
4HVVS5DC,0,4,P6258
4HVVS5DC,0,5,P1090
4GL81CUD,0,1,P6258
4GL81CUD,0,2,P6257
4GL81CUD,0,3,P2216
4ECV2TGR,0,1,P6879
4ECV2TGR,0,2,P4296
4ECV2TGR,0,3,P1215
4ECV2TGR,0,4,P2214
4ECV2TGR,0,5,P2215
4FWYU9N4,0,1,P1082
4FWYU9N4,0,2,P2046
4FWYU9N4,0,3,P2044
4F2FZH4N,0,1,P6257
4F2FZH4N,0,2,P2583
4G64HVKW,0,1,P6258
4G64HVKW,0,2,P2583
4HRM34WT,0,1,P1120
4HRM34WT,0,2,P1339
4DLPMN5Y,0,1,P1540
4DLPMN5Y,0,2,P2046
4E4VQ5Y0,0,1,P6257
4E4VQ5Y0,0,2,P7015
4E4VQ5Y0,0,3,P6258
4H146V4G,0,1,P1539
4H146V4G,0,2,P2044
4H146V4G,0,3,P1540
4I667GY1,0,1,P2044
4I667GY1,0,2,P1082
4I667GY1,0,3,P2046
4EEB5JI0,0,1,P2044
4EEB5JI0,0,2,P2046
4GJ5W6SQ,0,1,P2044
4GJ5W6SQ,0,2,P2046
4GJ5W6SQ,0,3,P1082
4IB71QIN,0,1,P2046
4IB71QIN,0,2,P2927
4IB71QIN,0,3,P1082
4HA6M87Z,0,1,P2049
4HA6M87Z,0,2,P2067
4GDH05B9,0,1,P1342
4GDH05B9,0,2,P4253
4EJEGCR0,0,1,P2215
4EJEGCR0,0,2,P6258
4EJEGCR0,0,3,P2216
4EJEGCR0,0,4,P6257
4ML8COI9,0,1,P1082
4ML8COI9,0,2,P2250
4LZJK6FE,0,1,P575
4LZJK6FE,0,2,P2583
4KO2N7FZ,0,1,P575
4KO2N7FZ,0,2,P2583
4M1OB5QY,0,1,P421
4M1OB5QY,0,2,P2046
4JVTNJTW,0,3,P59
4JVTNJTW,0,1,P6879
4JVTNJTW,0,2,P7015
4LR8KT7C,0,1,P2227
4LR8KT7C,0,2,P2583
4LWM4K1R,0,1,P2046
4LWM4K1R,0,2,P4080
4JS4P1VA,0,1,P2044
4JS4P1VA,0,2,P571
4NFRQ6R5,0,2,P1376
4NFRQ6R5,0,1,P2046
4J7QIUZD,0,1,P6339
4J7QIUZD,0,2,P729
4LODO3MM,0,2,P136
4LODO3MM,0,1,P571
4LD9PGVF,0,1,P6801
4LD9PGVF,0,2,P571
4MQ48KPA,0,1,P115
4MQ48KPA,0,2,P582
4K40T4IL,0,1,P2214
4K40T4IL,0,2,P2215
4K40T4IL,0,3,P6879
4K40T4IL,0,4,P7015
4K40T4IL,0,5,P4296
4K40T4IL,0,6,P2227
4K9C7F7U,0,1,P2160
4K9C7F7U,0,2,P2114
4N8OGCD7,0,1,P1093
4N8OGCD7,0,2,P2043
4MUWTHJ7,0,1,P571
4MUWTHJ7,0,2,P582
4KUXP05A,0,1,P421
4KUXP05A,0,2,P2044
4L2TORPT,0,2,P131
4L2TORPT,0,1,P2046
4JJIT8HP,0,1,P1313
4JJIT8HP,0,2,P1889
4NF15002,0,1,P275
4NF15002,0,2,P277
4NEB93NC,0,1,P1619
4NEB93NC,0,2,P571
4LWNDYOJ,0,1,P131
4LWNDYOJ,0,2,P421
4LZ3MLAP,0,1,P4794
4LZ3MLAP,0,2,P2257
4NGE3P15,0,1,P1435
4NGE3P15,0,2,P669
4L196DQA,0,1,P155
4L196DQA,0,2,P641
4MFVN6TT,0,1,P2215
4MFVN6TT,0,2,P2214
4LKMOFLR,0,1,P1215
4LKMOFLR,0,2,P2216
4LKMOFLR,0,3,P2214
4M533Y9W,0,1,P2044
4M533Y9W,0,2,P2046
4LUX91EA,0,1,P2052
4LUX91EA,0,2,P3157
4LUX91EA,0,3,P1132
4MKEO32Q,0,1,P2923
4MKEO32Q,0,2,P3041
4MKEO32Q,0,3,P2048
4MR41RNG,0,1,P2215
4MR41RNG,0,2,P2214
4MN56JAB,0,1,P2043
4MN56JAB,0,2,P1093
4MN56JAB,0,3,P2262
4LCE1UOV,0,1,P2067
4LCE1UOV,0,2,P1148
4JOMPIMS,0,1,P2262
4JOMPIMS,0,2,P2261
4JOMPIMS,0,3,P2043
4KIMAIPF,0,1,P2046
4KIMAIPF,0,2,P1082
4MFP813M,0,1,P2797
4MFP813M,0,2,P2806
4MTAJ87Y,0,1,P1113
4MTAJ87Y,0,2,P2437
4JRY6P14,0,1,P2046
4JRY6P14,0,2,P1082
4MF6FUXO,0,1,P2048
4MF6FUXO,0,2,P2049
4JKA8NCQ,0,1,P1540
4JKA8NCQ,0,2,P1539
4JNG26K3,0,1,P4296
4JNG26K3,0,2,P2214
4KYYIHUS,0,1,P1339
4KYYIHUS,0,2,P1120
4LBEU8U8,0,1,P2048
4LBEU8U8,0,2,P2049
4MVZ4KVA,0,1,P2043
4MVZ4KVA,0,2,P2261
4JKNJ1H7,0,1,P2044
4JKNJ1H7,0,2,P1082
4JKNJ1H7,0,3,P1538
4L0P02GY,0,1,P1082
4L0P02GY,0,2,P2046
4JL4SSX4,0,1,P2386
4JL4SSX4,0,2,P6257
4M0NMNAN,0,1,P1215
4M0NMNAN,0,2,P6257
4M0NMNAN,0,3,P2216
4M0NMNAN,0,4,P2583
4M0NMNAN,0,5,P1090
4KZ3TKWN,0,1,P1215
4KZ3TKWN,0,2,P6879
4KZ3TKWN,0,3,P2215
4KZ3TKWN,0,4,P6258
4KZ3TKWN,0,5,P1090
00YA2Y7C,0,1,P361
00NSYDVX,0,1,P1454
00BLAYH7,0,1,P2975
00QDQAUA,0,2,P137
00QDQAUA,0,1,P2261
00TXAK0W,0,3,P816
00TXAK0W,0,1,P2067
00TXAK0W,0,2,P1122
00TXAK0W,0,4,P2154
00TXAK0W,0,5,P2160
00TXAK0W,0,6,P2114
00K4PJEK,0,1,P4511
00GGKUQD,0,1,P131
00GFXX9W,0,1,P276
00GFXX9W,0,2,P186
00YFADFM,0,1,P17
00XAGE54,0,1,P17
00XAGE54,0,2,P361
00MK33P9,0,1,P131
00CYT0VB,0,1,P2992
0A3LTNOT,0,1,P50
0A3LTNOT,0,2,P859
0A3LTNOT,0,3,P921
00GNBCGP,0,1,P131
00GNBCGP,0,2,P276
00GNBCGP,0,3,P361
00NN7AU0,0,1,P3999
0A3BS387,0,1,P740
0A3BS387,0,2,P463
0A3X0RVB,0,1,P1376
00HPZYRV,0,1,P5816
00UCR92Q,0,1,P276
00TUX8XW,0,1,P1148
00TUX8XW,0,2,P2067
00TUX8XW,0,3,P2154
00S6UHNA,0,1,P2283
00XQVW6C,0,1,P571
00HKPYSP,0,1,P421
00HKPYSP,0,2,P571
00QTPROV,0,1,P1342
00F4DDB8,0,1,P750
0A3RWD29,0,2,P541
0A3RWD29,0,1,P585
00GOZ03E,0,1,P2583
00GOZ03E,0,2,P2227
00HC428N,0,1,P136
00ZCYS1R,0,1,P36
00FQ1GOQ,0,1,P355
00R7H94P,0,1,P1539
00YVFD97,0,3,P361
00YVFD97,0,1,P2043
00YVFD97,0,2,P1373
00L77STZ,0,1,P941
0A0AS275,0,1,P17
00YK6JKU,0,1,P2044
00R699I5,0,1,P2044
00DLMDI5,0,1,P138
00RCO58K,0,1,P355
00RCO58K,0,2,P1001
00JE18BI,0,1,P2359
00LGNCH3,0,1,P276
0A2OYVSJ,0,1,P17
00Z16W5U,0,1,P6568
00EDPHR0,0,1,P57
00O5E8QI,0,1,P460
00O5E8QI,0,2,P17
00O5E8QI,0,3,P3729
00SICZG9,0,1,P840
00ZES2JN,0,1,P2043
00T2M2JH,0,1,P2044
00SH19AN,0,1,P2139
00MIIBFM,0,1,P6257
00MIIBFM,0,2,P2216
00MIIBFM,0,3,P1090
00KWWZMZ,0,1,P2044
00PGPISM,0,1,P2049
00PGPISM,0,2,P2048
00SUXIX5,0,1,P2046
00X5RZSX,0,1,P2215
00WWU6C1,0,1,P1122
00Z7TTD0,0,1,P2044
00W5Z9NM,0,1,P3362
00W5Z9NM,0,2,P2226
00W5Z9NM,0,3,P2295
00W5Z9NM,0,4,P2137
00W5Z9NM,0,5,P2403
00W5Z9NM,0,6,P2139
00P1DRIR,0,1,P2044
00P1DRIR,0,2,P1082
00P1DRIR,0,3,P2046
00FMZR04,0,1,P2046
00FMZR04,0,2,P1082
00FMZR04,0,3,P2044
00CBBNCU,0,1,P1082
00CBBNCU,0,2,P2927
00CBBNCU,0,3,P2046
00LFR1E5,0,1,P2046
00LFR1E5,0,2,P1082
00LFR1E5,0,3,P2044
00DZN9U3,0,1,P2046
00DZN9U3,0,2,P2044
00CU42PU,0,1,P1082
00X3HWSL,0,1,P2044
00LS08FM,0,1,P6257
0A2WQW7B,0,1,P2048
0A2WQW7B,0,2,P1301
00VRSGHB,0,1,P1148
00VRSGHB,0,2,P2114
00VRSGHB,0,3,P1086
00VRSGHB,0,4,P2154
00IB04ER,0,1,P2043
00SWQK0C,0,1,P2261
00SWQK0C,0,2,P2262
00R2ATEA,0,1,P1086
00R3QC7E,0,1,P2046
00R3QC7E,0,2,P1082
00Z5U8HA,0,1,P2044
00Z5U8HA,0,2,P1082
0A0XQ1B1,0,1,P2044
00U3XK6Y,0,1,P2049
00U3XK6Y,0,2,P2048
00B03QI9,0,1,P2044
00K5CDR7,0,1,P1082
00SNTAT7,0,1,P1540
00SNTAT7,0,2,P1539
00SNTAT7,0,3,P2044
00TX71XU,0,1,P2044
00VBFQFM,0,1,P1090
00VBFQFM,0,2,P6257
00VBFQFM,0,3,P2215
0A2WOWGP,0,1,P1082
00YJ00E8,0,1,P2216
00YJ00E8,0,2,P6257
00YJ00E8,0,3,P1090
0AX9MEWG,0,1,P156
0AX9MEWG,0,2,P541
0AFMSPIX,0,1,P276
0AWUAT0K,0,1,P361
0AWUAT0K,0,2,P131
0AA4H39Q,0,1,P1343
0AA4H39Q,0,2,P279
0AMA8HF3,0,1,P1454
0A79T5C3,0,1,P571
0AN2OB8N,0,1,P1435
0AN2OB8N,0,2,P421
0AN2OB8N,0,3,P84
0AMPIB6Y,0,1,P571
0AGOT5VQ,0,1,P84
0AY17XJZ,0,1,P527
0AY17XJZ,0,2,P131
0AY9DYOB,0,2,P739
0AY9DYOB,0,3,P495
0AY9DYOB,0,4,P176
0AY9DYOB,0,5,P607
0AY9DYOB,0,1,P729
0AM28GPA,0,2,P47
0AM28GPA,0,1,P1082
0AM28GPA,0,3,P1538
0AGL72LH,0,1,P138
0AFV61HL,0,1,P121
0AFV61HL,0,2,P921
0AFV61HL,0,3,P1813
0ANC53U8,0,2,P131
0ANC53U8,0,1,P576
0AFRNWZI,0,1,P607
0A8BUJFK,0,1,P138
0ADP4J7T,0,1,P1435
0AGXEWOY,0,2,P131
0AGXEWOY,0,1,P2044
0AA0P544,0,1,P1086
0AA0P544,0,2,P2067
0A7O05AT,0,1,P155
0A40SP59,0,1,P50
0AI297WG,0,1,P276
0AI297WG,0,2,P115
0AWBQRR7,0,1,P17
0AWBQRR7,0,2,P749
0AXKNG2W,0,1,P159
0ASZDQYD,0,1,P2094
0ALOTSGJ,0,1,P527
0AX5SV4Q,0,2,P276
0AX5SV4Q,0,3,P17
0AX5SV4Q,0,1,P582
0AQV1YV2,0,1,P421
0AX7B6Z1,0,1,P361
0AAWEFTT,0,1,P750
0AFFKOVL,0,1,P747
0A8NNUG3,0,1,P793
0A8NNUG3,0,2,P84
0A8NNUG3,0,3,P2048
0AXX6WNU,0,1,P1889
0AEBQS4Y,0,1,P571
0AZ6T10W,0,1,P276
0AQCSHWE,0,1,P361
0ADB388Z,0,1,P2073
0ASCCQQM,0,1,P571
0A47VEYU,0,1,P571
0A47VEYU,0,2,P2044
0AN9OPO6,0,1,P156
0A6SD2NW,0,1,P155
0AKRZY29,0,2,P176
0AKRZY29,0,1,P2067
0A957H2A,0,1,P186
0AYF2G9T,0,1,P131
0A8CQRPP,0,1,P156
0A8CQRPP,0,4,P361
0A8CQRPP,0,2,P585
0A8CQRPP,0,3,P582
0APS6Q33,0,1,P1215
0A9EDIKU,0,1,P2094
0ACGBLPV,0,1,P2043
0A8YOSGJ,0,1,P2583
0A8YOSGJ,0,2,P1215
0A8YOSGJ,0,3,P6258
0ALSPPLR,0,1,P2386
0AUMD7IL,0,1,P1103
0AUMD7IL,0,2,P5595
0AUMD7IL,0,3,P1373
0AAAXONZ,0,1,P4131
0AAAXONZ,0,2,P2109
0AYKMIEM,0,1,P2044
0AJG974D,0,1,P2261
0AJG974D,0,2,P1093
0AJG974D,0,3,P2043
0AMKG9SX,0,1,P2109
0ASWF8TB,0,1,P1082
0A7S7B3C,0,1,P2895
0AULRJGX,0,1,P2046
0ADLUR97,0,1,P2047
0AAWXZ58,0,1,P1104
0A896T1H,0,1,P1104
0AU1ZQG0,0,1,P1104
0AN589PA,0,1,P2214
0AN589PA,0,2,P2215
0AN589PA,0,3,P6258
0AJPNZOA,0,1,P2046
0AJPNZOA,0,2,P1082
0APW2YH4,0,1,P1540
0APW2YH4,0,2,P2046
0APW2YH4,0,3,P2044
0APW2YH4,0,4,P1082
0AVUSARY,0,1,P2043
0AVUSARY,0,2,P2049
0ADDOYWX,0,1,P6257
0ADDOYWX,0,2,P6258
0ADDOYWX,0,3,P2216
0ADDOYWX,0,4,P2583
0AWZR9TN,0,1,P6257
0A82DDWZ,0,1,P1128
0AUFQYC3,0,1,P1123
0AUFQYC3,0,2,P2374
0AYNO7JO,0,1,P1215
0AYNO7JO,0,2,P2214
0AYNO7JO,0,3,P2583
0AYNO7JO,0,4,P6879
0AYNO7JO,0,5,P6257
0AI6ZW9E,0,1,P2896
0AZ9UQJQ,0,1,P2046
0A99IPRW,0,1,P2044
0AUXAQPV,0,1,P2044
0AUQDLS2,0,1,P2046
0AUQDLS2,0,2,P2044
0AN0317C,0,1,P1868
0AN0317C,0,2,P1868
0AC7LR6S,0,1,P2046
0AC7LR6S,0,2,P1082
0ABVZ7WS,0,1,P2049
0ABVZ7WS,0,2,P2043
0ANYLBB5,0,1,P2044
0AE5UUR4,0,1,P6258
0AE5UUR4,0,2,P6257
0BQ46XMT,0,1,P138
0BNZO6S6,0,1,P2262
0BQLMQY3,0,1,P585
0BANNY8Z,0,1,P6258
0BANNY8Z,0,2,P7015
0BANNY8Z,0,3,P2120
0BANNY8Z,0,4,P2227
0BANNY8Z,0,5,P1090
0BY5XPBI,0,1,P136
0BA2XFXR,0,1,P1435
0BTLA066,0,2,P59
0BTLA066,0,1,P6258
0BTLA066,0,3,P1215
0BTLA066,0,4,P1090
0BTLA066,0,5,P2215
0BCDZHW3,0,1,P178
0BA6D5XS,0,1,P729
0B8236YX,0,1,P112
0BQKJMN4,0,1,P279
0BWHOPT0,0,1,P2046
0BWHOPT0,0,2,P571
0BWJ65FL,0,2,P1454
0BWJ65FL,0,1,P2043
0B9L4YDM,0,1,P170
0BB5NB7K,0,1,P582
0BN85228,0,1,P47
0B5RKA93,0,1,P6375
0BZ7ZXAC,0,1,P138
0BT31MM4,0,1,P669
0BQSC5WV,0,1,P6375
0BMJ7L65,0,1,P2160
0BMJ7L65,0,2,P1086
0BMJ7L65,0,3,P2154
0BPELMAE,0,1,P1435
0B8THYJX,0,1,P131
0B8THYJX,0,2,P137
0B8THYJX,0,3,P138
0BANUR62,0,1,P17
0BANUR62,0,2,P137
0B8IRSSE,0,1,P2670
0BTPAK79,0,1,P2044
0BII5BM7,0,2,P816
0BII5BM7,0,1,P1122
0BK8ST8N,0,1,P7261
0BCGHJ96,0,1,P1652
0BCGHJ96,0,4,P276
0BCGHJ96,0,2,P585
0BCGHJ96,0,3,P1110
0BM5WMFC,0,1,P17
0BM5WMFC,0,2,P138
0BM5WMFC,0,3,P131
0BNY6FMW,0,1,P276
0BEMPYG9,0,1,P144
0BEMPYG9,0,2,P571
0B9WJ1FD,0,1,P1435
0BST9YZA,0,1,P2348
0BNTWTTQ,0,1,P361
0BYXE5G9,0,1,P17
0BYXE5G9,0,4,P131
0BYXE5G9,0,2,P571
0BYXE5G9,0,3,P1410
0BYXE5G9,0,5,P576
0BHG6DQR,0,1,P137
0BHG6DQR,0,2,P81
0BYK1UP3,0,1,P1343
0BB5E6V7,0,2,P131
0BB5E6V7,0,3,P122
0BB5E6V7,0,1,P576
0B6YGAWH,0,1,P180
0BW9VXHN,0,1,P1725
0BKRY93H,0,1,P17
0BBAXTSK,0,1,P361
0BB4NJY1,0,1,P61
0BB4NJY1,0,2,P398
0BB4NJY1,0,3,P6257
0BAWNWTP,0,1,P2046
0BGWR7D5,0,1,P2048
0BGWR7D5,0,2,P2049
0B63LKK0,0,1,P2043
0BUTVEBE,0,1,P1128
0BZNA6O9,0,1,P4519
0BTO5CEX,0,1,P2044
0BTO5CEX,0,2,P1082
0BBBRYCD,0,1,P1082
0BBBRYCD,0,2,P2044
0BYY5ZHU,0,1,P2046
0BEFRNL7,0,1,P2049
0B9C4N8E,0,1,P2043
0BYP7QK9,0,1,P3157
0BARW1G0,0,1,P2044
0BAHV9Y8,0,1,P2583
0BAHV9Y8,0,2,P6879
0BAHV9Y8,0,3,P7015
0BFE1GGM,0,1,P2044
0BFE1GGM,0,2,P2046
0BFE1GGM,0,3,P1082
0BRZ7UTV,0,1,P2049
0B1QKI5W,0,1,P1132
0BYE13JU,0,1,P1104
0BRCWL1C,0,1,P1082
0BRCWL1C,0,2,P2044
0BRCWL1C,0,3,P2046
0BP1GT4I,0,1,P2043
0BQZ6MDX,0,1,P6879
0BQZ6MDX,0,2,P2215
0BQZ6MDX,0,3,P4296
0BQZ6MDX,0,4,P6257
0BQZ6MDX,0,5,P2386
0BQZ6MDX,0,6,P2227
0BL50GIU,0,1,P2262
0BHBJNBI,0,1,P2044
0BWE6ZO8,0,1,P1342
0BNO82FL,0,1,P1540
0CNDHSHN,0,1,P1249
0CW7XYXQ,0,1,P137
0CI6HELZ,0,1,P576
0CMIT37R,0,1,P1435
0CKGE5BT,0,1,P2046
0CEU89AN,0,1,P1435
0CJIWP9Z,0,1,P136
0CJIWP9Z,0,2,P495
0CJIWP9Z,0,3,P1433
0CGHST2P,0,1,P112
0CGHST2P,0,2,P159
0CK2VKYZ,0,1,P361
0CK2VKYZ,0,2,P571
0CEXBR24,0,1,P276
0CEXBR24,0,2,P571
0CERGIMK,0,1,P131
0CERGIMK,0,2,P1435
0CERGIMK,0,3,P2348
0CDFFQWF,0,1,P2049
0CDFFQWF,0,2,P2043
0CW7VUOB,0,1,P2216
0CW7VUOB,0,2,P2215
0CW7VUOB,0,3,P7015
0CW7VUOB,0,4,P1215
0CTDNYG5,0,1,P176
0CSQCPY5,0,1,P1619
0CHHMIKE,0,1,P1215
0CESCQRE,0,1,P2643
0CESCQRE,0,2,P6375
0CMDZ939,0,1,P131
0CMDZ939,0,2,P421
0CMDZ939,0,3,P206
0CMDZ939,0,4,P2046
0CMDZ939,0,5,P2043
0CVVLTV5,0,2,P17
0CVVLTV5,0,1,P2044
0CHJRAQG,0,1,P2044
0CHJRAQG,0,2,P1082
0CS51TWU,0,1,P155
0CS51TWU,0,2,P156
0CU0AHTB,0,1,P155
0CU0AHTB,0,2,P991
0CU0AHTB,0,4,P156
0CU0AHTB,0,5,P541
0CU0AHTB,0,3,P585
0CT6U7B9,0,1,P17
0CT6U7B9,0,2,P571
0CJJ6CGV,0,1,P2578
0CBBWSUG,0,2,P5800
0CBBWSUG,0,1,P1477
0CD1MGB7,0,1,P571
0C97UY9Z,0,1,P1366
0C97UY9Z,0,2,P1142
0C97UY9Z,0,3,P571
0CLU1JK2,0,1,P131
0CRGR4RI,0,1,P1132
0CRGR4RI,0,2,P585
0CI4VFJ0,0,1,P2044
0CGWR0DR,0,2,P131
0CGWR0DR,0,3,P421
0CGWR0DR,0,4,P1376
0CGWR0DR,0,5,P17
0CGWR0DR,0,1,P2046
0CGLF62X,0,1,P571
0CNDK9CS,0,1,P131
0CTQ4RR5,0,2,P195
0CTQ4RR5,0,1,P2048
0CIEDJ4L,0,1,P2216
0CIEDJ4L,0,2,P2583
0CWT5QSM,0,1,P2043
0CRRWX5C,0,1,P2216
0CP17WG5,0,1,P1113
0CP17WG5,0,2,P2047
0CP74NKC,0,1,P2215
0CP74NKC,0,2,P2583
0CN96B6I,0,1,P2215
0CN96B6I,0,2,P2214
0CN96B6I,0,3,P2583
0CA1IPHM,0,1,P2154
0CA1IPHM,0,2,P1122
0CA1IPHM,0,3,P2114
0CA1IPHM,0,4,P1148
0CA1IPHM,0,5,P2160
0CA1IPHM,0,6,P1123
0CTKDQOZ,0,1,P2044
0CSY2BWG,0,1,P1538
0CSY2BWG,0,2,P1539
0C52KOJJ,0,1,P6258
0C52KOJJ,0,2,P1215
0C52KOJJ,0,3,P2214
0C52KOJJ,0,4,P2215
0C52KOJJ,0,5,P2216
0CQLLZKT,0,1,P2046
0CT5H3TO,0,1,P1436
0CFU7W4Z,0,1,P2097
0CK8IK8V,0,1,P2044
0CWEP1VM,0,1,P6258
0CWEP1VM,0,2,P2215
0CWEP1VM,0,3,P2583
0CWEP1VM,0,4,P7015
0CWEP1VM,0,5,P6879
0C9PB8H6,0,1,P2048
0C9PB8H6,0,2,P2049
0CDCMX67,0,1,P1090
0CDCMX67,0,2,P6257
0CKYBB4J,0,1,P6258
0CKYBB4J,0,2,P2216
0CKYBB4J,0,3,P2215
0CKYBB4J,0,4,P2583
0CIBCE5G,0,1,P1083
0C8F8KJG,0,1,P6257
0CNVNHPL,0,1,P1215
0CNVNHPL,0,2,P6258
0CNVNHPL,0,3,P7015
0CNVNHPL,0,4,P2215
0CNVNHPL,0,5,P6879
0CNVNHPL,0,6,P2583
0CHKINC6,0,1,P3157
0CWAVBMX,0,1,P1082
0CWAVBMX,0,2,P2046
0CWAVBMX,0,3,P2044
0CQG4XP7,0,1,P1082
0CQG4XP7,0,2,P2046
0CP70MWQ,0,1,P1123
0CP70MWQ,0,2,P1086
0CV2HDAJ,0,1,P2046
0CPYJI4V,0,1,P2044
0CPYJI4V,0,2,P1082
0CRLOV5T,0,1,P2044
0CGP4K4U,0,1,P2046
0CMPE48Y,0,1,P2196
0CMPE48Y,0,2,P1114
0DJMLNQZ,0,1,P206
0DASDX1W,0,4,P361
0DASDX1W,0,1,P4296
0DASDX1W,0,2,P6257
0DASDX1W,0,3,P2583
0DRY8U42,0,1,P2583
0DRY8U42,0,2,P1215
0DRY8U42,0,3,P6879
0DIBL9R6,0,1,P585
0DSCE1P7,0,3,P399
0DSCE1P7,0,1,P2214
0DSCE1P7,0,2,P1457
0D7LE2GF,0,1,P361
0D7LE2GF,0,2,P4253
0DOPDKQC,0,1,P5606
0DSVZG33,0,1,P17
0DVEWBYU,0,1,P559
0DGAL8VC,0,2,P361
0DGAL8VC,0,3,P206
0DGAL8VC,0,1,P2046
0DB147HN,0,1,P276
0DB147HN,0,2,P195
0DB147HN,0,3,P527
0DE9WPO0,0,1,P178
0DE9WPO0,0,2,P306
0D4OERRB,0,1,P5816
0D3DVCVY,0,1,P1441
0DA1WOUR,0,1,P2044
0DD0Y2KN,0,1,P2321
0DAQB4CK,0,1,P36
0DRJ5ZQ6,0,1,P30
0DRJ5ZQ6,0,2,P2044
0DSXN682,0,1,P276
0D7A895U,0,1,P814
0D1RWIMB,0,1,P88
0D8TPEJV,0,1,P582
0D5AAFXK,0,1,P1192
0DQC7W2Q,0,1,P527
0DDWW93C,0,1,P138
0DDWW93C,0,2,P376
0DR53O33,0,1,P2214
0DR53O33,0,2,P1215
0DUORLQQ,0,1,P2043
0DHGVYFQ,0,1,P50
0DHGVYFQ,0,2,P6216
0DLAPU4O,0,1,P159
0D6I8DCF,0,1,P138
0DJ96B9Q,0,1,P159
0DJ96B9Q,0,2,P1128
0DJ3QKG2,0,1,P2388
0DSO2AE1,0,1,P47
0DL2Q6I5,0,1,P463
0DL2Q6I5,0,2,P17
0DL2Q6I5,0,3,P571
0DDRAXGP,0,1,P749
0DJ3NQHK,0,1,P6499
0D03T8F7,0,1,P279
0D03T8F7,0,2,P361
0D03T8F7,0,3,P1343
0D2ENSHP,0,1,P1441
0CXTIQOU,0,1,P6375
0DJ5RZLL,0,1,P859
0D3MHGX2,0,1,P576
0D7C1A24,0,1,P749
0D7C1A24,0,2,P355
0DJZP5E7,0,1,P241
0DTEYOFS,0,1,P138
0DP9897P,0,1,P571
0DT7D1IN,0,1,P571
0DLJKZO1,0,1,P127
0D1ZEOSI,0,1,P361
0D0GKHTG,0,1,P2348
0D0GKHTG,0,2,P156
0DCHPDB9,0,1,P155
0DFL9P6V,0,1,P2923
0DFL9P6V,0,2,P2929
0DPF5H1T,0,1,P2048
0DCY1RXC,0,1,P2044
0DH5JRE8,0,1,P1148
0DH5JRE8,0,2,P2160
0DH5JRE8,0,3,P2114
0DTU19WY,0,1,P1132
0DTU19WY,0,2,P2257
0DH7RGSD,0,1,P2043
0DH7RGSD,0,2,P2262
0DH7RGSD,0,3,P2052
0D9LPIE1,0,1,P1123
0D9LPIE1,0,2,P2154
0D9LPIE1,0,3,P1086
0D9LPIE1,0,4,P1148
0D9LPIE1,0,5,P2114
0DFEVUI7,0,1,P2046
0DEYOC7M,0,1,P1373
0DV6C36Q,0,1,P2067
0DBLD0M4,0,1,P2046
0DQ6OTC1,0,1,P3157
0DQ6OTC1,0,2,P1132
0DL0BW60,0,1,P2044
0DL0BW60,0,2,P4080
0DL0BW60,0,3,P1082
0DL0BW60,0,4,P2046
0DUIXXKM,0,1,P2214
0DUIXXKM,0,2,P6257
0DUIXXKM,0,3,P1215
0DUIXXKM,0,4,P2215
0D2XQDQU,0,1,P1661
0CYHHBTF,0,1,P2216
0CYHHBTF,0,2,P1215
0CYHHBTF,0,3,P6258
0CYCQ67G,0,1,P2234
0D5COVM8,0,1,P2043
0DQ95JCS,0,1,P1868
0DQ95JCS,0,2,P1867
0DQ95JCS,0,3,P5045
0DQ95JCS,0,4,P1868
0DKCYGPC,0,1,P1128
0D9BVOK3,0,1,P6258
0D9BVOK3,0,2,P2214
0D9BVOK3,0,3,P2215
0DDAADP8,0,1,P2043
0D0JRBCR,0,1,P2046
0DK5M9NK,0,1,P2044
0DL7YEQO,0,1,P2044
0D85V9OD,0,1,P2044
0D60AMW8,0,1,P2044
0D9H9C6X,0,1,P1174
0DQR9C7N,0,1,P2635
0D2ZE2Z2,0,1,P2044
0D2ZE2Z2,0,2,P1082
0D2ZE2Z2,0,3,P2046
0DCCG3GQ,0,1,P2046
0DCCG3GQ,0,2,P2044
0DL8A6PE,0,1,P2046
0DA525KV,0,1,P2557
0DBCG9M7,0,1,P4080
0DBCG9M7,0,2,P2044
0DBCG9M7,0,3,P1082
0DF9RO8H,0,1,P2046
0DF9RO8H,0,2,P6753
0DF9RO8H,0,3,P1867
0DEONQ9D,0,1,P6879
0DFHI3XT,0,1,P6258
0DFHI3XT,0,2,P2215
0E86YRS2,0,1,P3157
0EAYFM2S,0,1,P720
0EAYFM2S,0,2,P1343
0EAYFM2S,0,5,P793
0EAYFM2S,0,3,P2067
0EAYFM2S,0,4,P2213
0ESOLJ2R,0,1,P306
0EIEQKCY,0,1,P1412
0ELIURJX,0,1,P793
0E84SSFB,0,1,P17
0E84SSFB,0,2,P127
0DZ4C6B5,0,1,P403
0ER3TR7E,0,1,P47
0ER3TR7E,0,2,P1082
0ERSL7CX,0,1,P921
0ERSL7CX,0,2,P608
0ENDEFZN,0,1,P607
0ENDEFZN,0,2,P289
0ENDEFZN,0,3,P137
0ENDEFZN,0,4,P176
0EDMLR2W,0,1,P1215
0EFH8HQ3,0,1,P361
0EFH8HQ3,0,2,P461
0DWRNE6D,0,3,P816
0DWRNE6D,0,4,P279
0DWRNE6D,0,1,P2160
0DWRNE6D,0,2,P2067
0DWRNE6D,0,5,P1122
0DWRNE6D,0,6,P1123
0E7339S3,0,1,P156
0E7339S3,0,2,P155
0E7339S3,0,4,P641
0E7339S3,0,5,P276
0E7339S3,0,3,P585
0EM4OGAA,0,1,P1215
0E78RI0W,0,1,P641
0E78RI0W,0,2,P2321
0EF3KOP4,0,1,P2371
0EF3KOP4,0,2,P279
0E1P43K3,0,1,P1120
0EJMVFT6,0,1,P276
0EBBIXPB,0,1,P1037
0EALI29X,0,1,P272
0EOG2SDT,0,3,P59
0EOG2SDT,0,1,P2216
0EOG2SDT,0,2,P2214
0ECCVD24,0,1,P361
0E65EIUJ,0,1,P131
0EDO8ZRD,0,1,P582
0E9UXWPD,0,1,P2053
0ERQQ87U,0,2,P749
0ERQQ87U,0,3,P461
0ERQQ87U,0,4,P137
0ERQQ87U,0,5,P2388
0ERQQ87U,0,1,P571
0EGCHNR7,0,1,P131
0EF84PKN,0,1,P2094
0EF84PKN,0,2,P2283
0EF84PKN,0,3,P17
0EF84PKN,0,4,P361
0ERSR2ES,0,1,P276
0EPWNXNL,0,1,P276
0E9YNYGZ,0,1,P576
0ECKSIH8,0,1,P170
0EFBKGDR,0,1,P641
0EFBKGDR,0,4,P155
0EFBKGDR,0,2,P585
0EFBKGDR,0,3,P580
0EHCAYU4,0,1,P1539
0E0MFQ8J,0,1,P127
0E0MFQ8J,0,2,P527
0ES1A50Z,0,1,P571
0E102095,0,1,P156
0E102095,0,2,P664
0EJFQQI4,0,1,P802
0EKE19YB,0,2,P176
0EKE19YB,0,3,P276
0EKE19YB,0,1,P730
0EQ8B07S,0,1,P750
0EQTBOGF,0,1,P131
0EQTBOGF,0,2,P1435
0ECKZ0RW,0,1,P1132
0ECKZ0RW,0,2,P2899
0EPTEK1Q,0,1,P2043
0EIZPKTM,0,1,P1093
0EIZPKTM,0,2,P2262
0EIZPKTM,0,3,P2043
0EEJCA2V,0,1,P2048
0EEJCA2V,0,2,P2049
0EQ9EK2R,0,1,P2044
0ENQY1TB,0,1,P2214
0EC2U4J8,0,1,P2044
0EC2U4J8,0,2,P2046
0EA27WB3,0,1,P1215
0EJJ4ZG9,0,1,P2215
0EJJ4ZG9,0,2,P7015
0EJJ4ZG9,0,3,P4296
0E0MEL5G,0,1,P6879
0E0MEL5G,0,2,P6257
0E49XT44,0,1,P2351
0E49XT44,0,2,P2351
0ENY8WNQ,0,1,P1215
0ENY8WNQ,0,2,P2120
0EMHFELM,0,1,P2046
0EBE8W0I,0,1,P1215
0EBE8W0I,0,2,P6257
0EBE8W0I,0,3,P2227
0E8HWXGX,0,1,P2044
0EE7GI8S,0,1,P2067
0EE7GI8S,0,2,P2048
0EJ4T8E2,0,1,P2046
0E1OKNDE,0,1,P2215
0E1OKNDE,0,2,P1215
0EH8JWCR,0,1,P2044
0EQ2GN7A,0,1,P2146
0EQ2GN7A,0,2,P6258
0EQ2GN7A,0,3,P2386
0ECJPJ6U,0,1,P2048
0E76NKB1,0,1,P1082
0E76NKB1,0,2,P2046
0ECPFKXG,0,1,P2043
0ES592PU,0,1,P6257
0E39EGHE,0,1,P2043
0EMBOCTY,0,1,P1148
0EMBOCTY,0,2,P1086
0EMBOCTY,0,3,P1123
0EMBOCTY,0,4,P2114
0EMBOCTY,0,5,P2154
0EI3Y216,0,1,P1083
0EKA2EZH,0,1,P1086
0EKA2EZH,0,2,P2067
0EKA2EZH,0,3,P1148
0EJSZB76,0,1,P2044
0E1R0Y23,0,1,P2896
0EN3PMZU,0,1,P2044
0E803PD8,0,1,P2044
0E803PD8,0,2,P2046
0EQOJAK1,0,1,P2047
0E65571C,0,1,P2048
0E65571C,0,2,P2067
0FMX1288,0,1,P577
0FLQA0LF,0,1,P2515
0FJN4JL9,0,1,P2261
0FKKNDOD,0,1,P2868
0FFQOYU1,0,1,P149
0FFQOYU1,0,2,P571
0FKCKZ6L,0,1,P138
0FKCKZ6L,0,2,P1192
0FE4W7HT,0,1,P2044
0FA7OHA9,0,1,P159
0F1F3FVI,0,1,P276
0FCBN071,0,1,P361
0FCBN071,0,2,P155
0F4Y9V4J,0,1,P814
0F4Y9V4J,0,4,P137
0F4Y9V4J,0,2,P571
0F4Y9V4J,0,3,P2046
0F19F19K,0,1,P2583
0FBV0GVD,0,1,P833
0FOL6UAJ,0,1,P17
0F1I9ZDZ,0,1,P159
0F1I9ZDZ,0,2,P571
0F72PL7Q,0,1,P729
0FD9838J,0,1,P2124
0F820D6A,0,1,P571
0FFPKUT4,0,1,P1441
0FJSK692,0,1,P279
0F3C9TED,0,1,P1071
0FGCKNP7,0,1,P2044
0F5LVFMK,0,1,P159
0FC7IX8P,0,2,P175
0FC7IX8P,0,1,P577
0FBKG2R9,0,2,P131
0FBKG2R9,0,3,P137
0FBKG2R9,0,1,P571
0FFPK88R,0,1,P136
0F7IE0P0,0,1,P159
0F7IE0P0,0,2,P2094
0FEU89NI,0,1,P279
0F662AOH,0,1,P1082
0EZPU7HZ,0,1,P6
0EZPU7HZ,0,2,P571
0FDPS5JQ,0,1,P17
0FDPS5JQ,0,2,P180
0F6OSY7O,0,1,P1313
0F3HRY56,0,1,P161
0FIU8LIB,0,1,P2046
0FM3MLSZ,0,1,P5995
0F91QIS8,0,1,P17
0F91QIS8,0,2,P571
0F8ZFMYW,0,1,P4519
0F8ZFMYW,0,2,P2049
0FM0HXMF,0,1,P1373
0FE7PP5N,0,1,P2044
0FKVQ8O1,0,1,P2046
0FKVQ8O1,0,2,P2044
0FKVQ8O1,0,3,P1082
0F9UKA41,0,1,P2043
0FD5D4T0,0,1,P6879
0F4MT7KK,0,1,P2216
0F4MT7KK,0,2,P4296
0F4MT7KK,0,3,P2214
0FNZJ0L7,0,1,P2046
0F1NRWUX,0,1,P2044
0FMCFFOY,0,1,P1132
0FMRYRK1,0,1,P2927
0FMRYRK1,0,2,P1082
0FMRYRK1,0,3,P2046
0FEX2YUR,0,1,P2044
0FEX2YUR,0,2,P2046
0F5SXY6M,0,1,P2044
0F5SXY6M,0,2,P1082
0FNY1LF6,0,1,P2215
0F97R405,0,1,P6258
0F97R405,0,2,P4296
0FEYOPWK,0,1,P2227
0F6JH1FW,0,1,P2177
0FEBVNHX,0,1,P1215
0FEBVNHX,0,2,P1090
0FEBVNHX,0,3,P2583
0FEBVNHX,0,4,P6258
0FEBVNHX,0,5,P2216
0F5MFEIF,0,1,P2049
0F5MFEIF,0,2,P2048
0FBHQY37,0,1,P2049
0FBHQY37,0,2,P2048
0FKLUBPX,0,1,P2216
0FKLUBPX,0,2,P2215
0FKLUBPX,0,3,P2583
0FEW8O4D,0,1,P2049
0FEW8O4D,0,2,P2043
0FKXKJZ7,0,1,P2044
0FDUE3TK,0,1,P2046
0FFUSHRV,0,1,P2046
0FGZ8ITQ,0,1,P2043
0FKQZN15,0,1,P2046
0FKQZN15,0,2,P1082
0FKQZN15,0,3,P2044
0F6BM0BT,0,1,P2044
0F7TVIWP,0,1,P2049
0F7TVIWP,0,2,P2048
0FCSFM5K,0,1,P6258
0FCSFM5K,0,2,P6257
0G69YU10,0,1,P2975
0GINAJJG,0,1,P1813
0G9D483X,0,1,P159
0G7JN06N,0,1,P17
0G7JN06N,0,2,P974
0G7JN06N,0,3,P706
0FWKHAH6,0,1,P674
0GHBPNWO,0,1,P361
0G4VVXOD,0,1,P131
0GF9B2AZ,0,1,P150
0G7R0V2Q,0,1,P1889
0G8EJ5O1,0,1,P463
0GBVEPR5,0,3,P59
0GBVEPR5,0,1,P2583
0GBVEPR5,0,2,P6258
0GBVEPR5,0,4,P6257
0GFU8DBY,0,1,P1082
0G50HU95,0,1,P571
0G4IEWIB,0,1,P131
0G4IEWIB,0,2,P1435
0G56MVKM,0,1,P571
0GLW6OY8,0,1,P2348
0GHWX8B6,0,1,P1889
0GKLQIDR,0,1,P4080
0GKLQIDR,0,2,P2046
0G71R58Y,0,1,P47
0G71R58Y,0,2,P421
0G71R58Y,0,3,P417
0FSP60O7,0,1,P159
0FSP60O7,0,2,P571
0G0UQKBS,0,1,P7153
0GCWQR8Q,0,1,P137
0GCWQR8Q,0,3,P559
0GCWQR8Q,0,2,P1619
0G425IFH,0,1,P1540
0G7F8BES,0,1,P1435
0G8Q1Z6G,0,1,P1456
0GJWAPWY,0,1,P131
0GJWAPWY,0,2,P1540
0GFZ9T81,0,1,P1889
0GFZ9T81,0,2,P2044
0FVUDR3E,0,1,P1680
0G45ASM7,0,2,P149
0G45ASM7,0,1,P571
0GL2QTRA,0,1,P155
0GCZZQAI,0,1,P179
0GCZZQAI,0,2,P156
0GE0RX3G,0,1,P276
0GHGO8RJ,0,1,P1082
0G3R8QEL,0,1,P1080
0G3R8QEL,0,2,P170
0FZ6MEG7,0,1,P6257
0FVFUHXV,0,1,P1215
0G1NQRP7,0,1,P2154
0G1NQRP7,0,2,P2160
0G6LTQR2,0,1,P1086
0G6LTQR2,0,2,P2154
0GJVX3SR,0,1,P1083
0G1OM9KP,0,1,P1148
0G1OM9KP,0,2,P1123
0G1OM9KP,0,3,P1123
0G1JQEW2,0,1,P2046
0G1JQEW2,0,2,P1082
0G1JQEW2,0,3,P2044
0FUKO1QB,0,1,P2046
0GGJIZWX,0,1,P1110
0G8SCWGN,0,1,P1339
0G198MK0,0,1,P1123
0G198MK0,0,2,P2154
0G198MK0,0,3,P1086
0G198MK0,0,4,P1148
0G198MK0,0,5,P2114
0G7X7JFH,0,1,P1215
0GIQYMP9,0,1,P2044
0GIQYMP9,0,2,P1082
0GIQYMP9,0,3,P2046
0G63I72X,0,1,P2044
0GJ22PYZ,0,1,P2044
0GD7PDJ9,0,1,P2044
0FVYIQ29,0,1,P2046
0G0QUOO8,0,1,P1082
0G5VY2FN,0,1,P1082
0G5VY2FN,0,2,P2046
0G5VY2FN,0,3,P2044
0FT7CVDN,0,1,P2067
0GAKHOUS,0,1,P2044
0G3I6LR5,0,1,P2044
0G3I6LR5,0,2,P2046
0GI1PPXP,0,1,P2047
0GEOB2SP,0,1,P1539
0G5Z6VTY,0,1,P2049
0G5Z6VTY,0,2,P2048
0GBD095F,0,1,P6257
0GLWB3BE,0,1,P2044
0GLWB3BE,0,2,P2046
0GLWB3BE,0,3,P1082
0G2B0JVX,0,1,P6258
0G2B0JVX,0,2,P1215
0G2B0JVX,0,3,P2227
0G2B0JVX,0,4,P6257
0G2B0JVX,0,5,P2215
0FYE49F8,0,1,P2216
0GDYXXFN,0,1,P2370
0FXLKYMP,0,1,P1113
0GEXIRXY,0,1,P2787
0FT0IVDX,0,1,P1082
0FT0IVDX,0,2,P2927
0FT0IVDX,0,3,P2046
0G4CXBTU,0,1,P2044
0H1X9VSI,0,1,P1661
0GQAOCY6,0,2,P655
0GQAOCY6,0,1,P577
0H25QU60,0,1,P50
0HBA1FHP,0,1,P708
0GY15EY4,0,1,P2043
0GZCQZFU,0,2,P527
0GZCQZFU,0,1,P571
0HB9590Y,0,1,P176
0HB9590Y,0,2,P739
0GUIAFQ3,0,1,P1435
0GSQQHLW,0,1,P6375
0GWUSA8S,0,1,P366
0GWUSA8S,0,2,P276
0GWUSA8S,0,3,P1435
0HAGINV3,0,1,P131
0HCLVDYD,0,2,P170
0HCLVDYD,0,3,P136
0HCLVDYD,0,1,P571
0HDZRTTP,0,1,P2216
0HDZRTTP,0,2,P6257
0H1XG0J6,0,1,P571
0GWOGKS7,0,1,P155
0HAC3G2Q,0,1,P6498
0H8RQUXC,0,1,P2094
0H8RQUXC,0,2,P17
0H5MVS4F,0,1,P170
0H1FIYDQ,0,1,P17
0H1Z4ZZU,0,1,P17
0H1Z4ZZU,0,2,P641
0H1Z4ZZU,0,3,P585
0H8FRSPL,0,1,P276
0H8FRSPL,0,4,P17
0H8FRSPL,0,2,P580
0H8FRSPL,0,3,P2899
0HDOYRIA,0,1,P2960
0GVM3T88,0,1,P585
0HCSZVU6,0,1,P131
0H6Q30O8,0,1,P463
0H6Q30O8,0,2,P571
0GYWWCGG,0,1,P576
0GX1MC9N,0,1,P6375
0HC0AJWC,0,1,P527
0GP57YK4,0,1,P527
0GXYXMO2,0,1,P286
0HDTDXTR,0,1,P463
0HDTDXTR,0,2,P106
0GS0IKN7,0,1,P2321
0HEF54C1,0,1,P3450
0GXNIT4P,0,1,P571
0H8N4T3L,0,1,P17
0H8N4T3L,0,2,P571
0H0SM8A0,0,1,P2130
0GXONLT3,0,1,P2067
0H0BEN7T,0,1,P2067
0HDWETS2,0,1,P2044
0HA8PE36,0,1,P1122
0H3BQYSJ,0,1,P2583
0H3BQYSJ,0,2,P1215
0H3BQYSJ,0,3,P6258
0HDPGNEC,0,1,P1561
0HDPGNEC,0,2,P1120
0H8GA7JE,0,1,P2044
0H8GA7JE,0,2,P6343
0H8GA7JE,0,3,P1539
0GVC4Q7P,0,1,P2386
0HBRQIOR,0,1,P1104
0H2GP2MW,0,1,P1540
0H2GP2MW,0,2,P2044
0H2GP2MW,0,3,P1082
0GVNDK9J,0,1,P3157
0H1I0EHA,0,1,P2044
0H0JF1UA,0,1,P2046
0H0JF1UA,0,2,P2044
0H3E4UK2,0,1,P2214
0H3E4UK2,0,2,P2216
0H3E4UK2,0,3,P6257
0H3E4UK2,0,4,P2215
0H0NLH9G,0,1,P2043
0H0XF2FN,0,1,P2386
0H0XF2FN,0,2,P6257
0H0XF2FN,0,3,P6879
0H0XF2FN,0,4,P2060
0GOO77NY,0,1,P2053
0GX7PBDW,0,1,P2044
0HB9VYW0,0,1,P1752
0H293SI1,0,1,P1104
0HA03HKU,0,1,P2043
0HA03HKU,0,2,P2262
0GSFEQQK,0,1,P2257
0HDV4919,0,1,P2048
0GYR6ZKW,0,1,P2046
0GYR6ZKW,0,2,P1082
0GYR6ZKW,0,3,P2131
0HBFCB34,0,1,P3157
0H1B4U8I,0,1,P2044
0GXDTJIE,0,1,P2046
0GXDTJIE,0,2,P2044
0GUT1LYJ,0,1,P2386
0H39WLSQ,0,1,P1113
0HAL0VKY,0,1,P2046
0HAL0VKY,0,2,P6753
0HAL0VKY,0,3,P1867
0HQV39B1,0,1,P2583
0I92XJVQ,0,1,P276
0HX4CLIA,0,2,P59
0HX4CLIA,0,3,P361
0HX4CLIA,0,1,P575
0HX4CLIA,0,4,P6258
0HPQMWGD,0,1,P1269
0HQZAWWY,0,2,P1343
0HS5J1HT,0,1,P1343
0HUWK9E2,0,1,P859
0HUTBQYD,0,1,P1056
0HUTBQYD,0,2,P127
0HSZHXUW,0,1,P571
0I6SXBFS,0,1,P17
0I50J316,0,3,P816
0I50J316,0,1,P1122
0I50J316,0,2,P2114
0I50J316,0,4,P2154
0HOH0AU1,0,1,P17
0I4E1LSZ,0,1,P150
0I4E1LSZ,0,2,P421
0I4E1LSZ,0,3,P17
0I4E1LSZ,0,4,P1082
0HX3KM22,0,1,P6257
0HPXU2PD,0,1,P1122
0HPXU2PD,0,2,P1123
0HPXU2PD,0,3,P1148
0HPXU2PD,0,4,P2114
0I6J4AVH,0,1,P195
0I4MU1G3,0,1,P1215
0HN9PBSR,0,1,P361
0HYX5AKZ,0,1,P47
0I57LMI3,0,1,P127
0HTPDQKX,0,1,P828
0HOVW3WY,0,1,P17
0HOVW3WY,0,2,P585
0I1F8C5M,0,1,P276
0I1F8C5M,0,2,P708
0I1F8C5M,0,3,P131
0I1F8C5M,0,4,P137
0I8UYU23,0,1,P159
0HY9AUF8,0,1,P131
0HYODG60,0,1,P2044
0HT9JTLB,0,1,P361
0HLLJAVW,0,1,P137
0I7S28X4,0,1,P1080
0I7VTILQ,0,1,P2388
0HSDQNX5,0,1,P2094
0HQZWT4D,0,1,P195
0HQZWT4D,0,2,P186
0I83LRIT,0,1,P156
0HQ763SD,0,1,P131
0HYFKEEK,0,1,P131
0HR7O4OU,0,1,P2215
0HR7O4OU,0,2,P2214
0HRV8MD4,0,1,P6257
0HRV8MD4,0,2,P1090
0I088BZ4,0,1,P6258
0I088BZ4,0,2,P1215
0HSXN0ZX,0,1,P6258
0HSXN0ZX,0,2,P2214
0HSXN0ZX,0,3,P2216
0HFTJ6KJ,0,1,P1128
0HWD2JBC,0,1,P1215
0HWD2JBC,0,2,P6258
0HTHT2TM,0,1,P4080
0HTHT2TM,0,2,P1538
0HTHT2TM,0,3,P2044
0HTHT2TM,0,4,P1082
0HXZTUCV,0,1,P2046
0HWMMSK7,0,1,P2046
0HWMMSK7,0,2,P1082
0I3OQIWC,0,1,P2923
0HIZ3VY4,0,1,P1101
0HHSLW4H,0,1,P2044
0I84LK45,0,1,P7015
0I84LK45,0,2,P6257
0HQ2IW47,0,1,P2583
0HQ2IW47,0,2,P2214
0HQ2IW47,0,3,P2215
0I9PN9HR,0,1,P6258
0HK8RM0H,0,1,P2046
0HO8NPEM,0,1,P2214
0HO8NPEM,0,2,P1215
0HO8NPEM,0,3,P6257
0I9QD02I,0,1,P2046
0HKANPCU,0,1,P2196
0HW8D8C0,0,1,P6879
0HW8D8C0,0,2,P2583
0HW8D8C0,0,3,P1215
0HW8D8C0,0,4,P6258
0HKUAWJR,0,1,P2154
0HKUAWJR,0,2,P1123
0I7BQ2C9,0,1,P1539
0HY2VR14,0,1,P1215
0I8T7RDY,0,1,P1082
0I8T7RDY,0,2,P2046
0I31XXSN,0,1,P2103
0I9A7629,0,1,P2214
0I9A7629,0,2,P6258
