0BMFKR9L,0,Q12277
0BMFKR9L,2,Q3624078
0B0L1O3V,0,Q46970
0B0L1O3V,3,Q465909
0BEEPU4E,0,Q48349
0AQG4N6O,0,Q102356
0C9XX84A,0,Q214252
0C9XX84A,3,Q570600
0A49Y1OZ,0,Q329245
0BQZ5G1D,0,Q644507
0C2MERDT,0,Q667276
0C2MERDT,2,Q5
0AND2O57,0,Q622425
0BC2M2VE,0,Q722604
0C064Q68,0,Q726870
0AJ659E6,0,Q180673
0AJ659E6,3,Q1187580
0BTG9ZEG,0,Q781132
0BVM6LK9,0,Q811534
0BY25CJ9,0,Q839954
0BY25CJ9,1,Q5
0C9O024V,0,Q851517
0C9O024V,1,Q5780448
0BHKN3H3,0,Q854845
0BGA2W3D,0,Q1267632
0BGA2W3D,2,Q22807280
0BHHXTT1,0,Q1277221
0BUKTE8J,0,Q1917626
0C7O7AF4,0,Q13221722
0C7O7AF4,2,Q3624078
0AR9L9FE,0,Q26703203
0AR9L9FE,1,Q5
0BSRRQ0H,0,Q26830017
0ASK0IDW,0,Q207524
0BZO0CNX,0,Q253019
0BC00XF3,0,Q726611
0AA6VXI0,0,Q878130
0AYQ3OYB,0,Q1162835
0BLH7O5W,0,Q5356187
0AFSK7PV,0,Q1931185
0AGFL0LE,0,Q318
0A5XRYWU,0,Q852190
0BAJKOQO,0,Q5756064
0EF95VRS,0,Q16560
0DNA8N3U,0,Q2537
0DNA8N3U,2,Q5
0EDF75GK,0,Q8436
0EDF75GK,2,Q101352
0EKT94J7,0,Q133056
0DGI3K52,0,Q149566
0EPVTSVE,0,Q188509
0FBVDL8C,0,Q1062509
0FBVDL8C,1,Q8928
0FBVDL8C,2,Q6243
0EFOZWXW,0,Q1153690
0E6FKLCW,0,Q1156831
0DEU0U8R,0,Q1644669
0DEU0U8R,1,Q1644669
0DMYMX2R,0,Q1875630
0EX31RM7,0,Q12042110
0DFXBOLZ,0,Q15640053
0F2T9YRO,0,Q18618819
0F2T9YRO,4,Q3679744
0E4NVZXO,0,Q21191270
0E4NVZXO,1,Q5
0DFKEXR9,0,Q27020041
0FEZBH6Z,0,Q25276
0CJ0TTEJ,0,Q1153690
0FDBR0HY,0,Q3055118
0EMMG1VQ,0,Q217327
0FI6AS4W,0,Q356847
0EFUMS8C,0,Q240601
0EAR2653,0,Q707813
0DYKFIPR,0,Q836976
0E176KOP,0,Q318
0EZK8WO3,0,Q1637706
0EO09U6L,0,Q6882870
0EI1M44D,0,Q10864048
0FB7FKX0,0,Q11774149
0E282V89,0,Q15727816
0EMXW8OO,0,Q67123843
0DIWUZC7,0,Q82047057
0IL6N6BV,0,Q7954
0IL6N6BV,1,Q5
0IL6N6BV,2,Q17524420
0I87PC7R,0,Q4022
0JQBVQ5P,0,Q3937
0ID4BF0S,0,Q6243
0JE55CND,0,Q40231
0INCGVLS,0,Q120544
0INCGVLS,1,Q5
0INCGVLS,2,Q18127
0HCH296C,0,Q123705
0IGDIYA6,0,Q35509
0J5FOZCZ,0,Q5
0J5FOZCZ,2,Q578
0HLMXDNJ,0,Q105543609
0G8OXJKB,0,Q210337
0IXJPVHP,0,Q192900
0IXJPVHP,4,Q13442814
0J8DC8T6,0,Q218616
0HO6P3ZI,0,Q134307
0IM6TXYC,0,Q314687
0IM6TXYC,1,Q314687
0IM6TXYC,2,Q314687
0IMK5KB2,0,Q512399
0HKDQUSS,0,Q517820
0HKDQUSS,2,Q2039348
0HQXUP18,0,Q520381
0IH81P01,0,Q623605
0IH81P01,1,Q79007
0JBYDL7X,0,Q697295
0JBYDL7X,1,Q13442814
0GWJMWRQ,0,Q735428
0HMHJFEK,0,Q871419
0HMHJFEK,3,Q261543
0IMAMFWC,0,Q960739
0IMAMFWC,1,Q5
0IMAMFWC,3,Q7339484
0HJTRDI9,0,Q1080794
0IOU537I,0,Q1153376
0HYKGQ5L,0,Q1210334
0J8M7G79,0,Q1266946
0J8M7G79,3,Q5
0J30C4U6,0,Q1430154
0IG2B42A,0,Q1523821
0IG2B42A,1,Q193556
0IG2B42A,3,Q127448
0HRUWPF2,0,Q2154519
0HOOWPHI,0,Q2619673
0IL24T5I,0,Q3240003
0GK47NN7,0,Q3231690
0GK47NN7,1,Q31629
0IO2CN4W,0,Q3656924
0IO2CN4W,1,Q5
0HN94XUB,0,Q12876091
0HN94XUB,1,Q1349648
0HN94XUB,2,Q28171280
0HN94XUB,4,Q17272482
0HXCE6U0,0,Q13414755
0JI0LF8Q,0,Q13691604
0JPV7J7A,0,Q11269813
0JPV7J7A,2,Q3624078
0HDK9KZ2,0,Q11483816
0H6V68Q6,0,Q15081030
0JLJ8V07,0,Q18340514
0JLJ8V07,1,Q18340514
0JLJ8V07,2,Q31629
0J1C6PQ2,0,Q18761864
0IB07G4Q,0,Q27787439
0IB07G4Q,1,Q220505
0IB07G4Q,4,Q27787439
0IB07G4Q,5,Q13442814
0IB07G4Q,6,Q27787439
0H3QHX59,0,Q19832486
0ITNG3KS,0,Q19951362
0ITNG3KS,1,Q484170
0IEVCIIW,0,Q47154513
0HBTHSK9,0,Q4421
0JJPS0PG,0,Q5898
0HJ2TC1A,0,Q11387
0JERFXMS,0,Q523
0I8CL384,0,Q93184
0GXGHMP1,0,Q132137
0IHGX6X0,0,Q1457376
0HFCUDR6,0,Q2175765
0J02SGYC,0,Q2247863
0IDUAKEZ,0,Q3024240
0GG4P3QN,0,Q3685476
0I035D9S,0,Q23013246
0JLIQQO4,0,Q11173
0HT1G7OI,0,Q217012
0H5RBYJN,0,Q8205328
0JNV95UK,0,Q618200
0HE37NLX,0,Q719592
0GEFA8WK,0,Q730038
0HANP8YN,0,Q785745
0HQTO2E8,0,Q595871
0JB97NLS,0,Q1640496
0JL5QTHN,0,Q5086782
0J7FU8V7,0,Q15057021
0J02D3VK,0,Q19832486
0HSKT1Q0,0,Q29045252
0HRRA1IB,0,Q63100559
0ODJU1S9,0,Q28564
0OIA92YZ,0,Q217012
0OIA92YZ,2,Q8928
0MXKZU2R,0,Q188055
0MXKZU2R,1,Q188055
0OKF06EU,0,Q221221
0OKF06EU,1,Q8928
0NVBOGQ3,0,Q526877
0OXYC08U,0,Q851782
0OS2TYSU,0,Q1048372
0OV0SV05,0,Q1621308
0OV0SV05,1,Q5
0OV0SV05,2,Q7339484
0OW0R8BP,0,Q1793804
0OYJNPBF,0,Q6617100
0OM8ACNR,0,Q15911314
0OEW8UYW,0,Q18199879
0OCM829Q,0,Q53764738
0OCM829Q,1,Q849778
0O42X6YY,0,Q22687
0N1HABDH,0,Q83373
0O1FOESP,0,Q190438
0MPF0G23,0,Q1134686
0O15F4C8,0,Q1151284
0OEACAZN,0,Q1153392
0NXYIPHP,0,Q8463186
0OP9EREE,0,Q54231557
0OSG08DV,0,Q50337
0NAWTJ4V,0,Q83261
0OC2ZJ6V,0,Q5457310
0NSDNIQF,0,Q23790
0RCW2NI9,0,Q14350
0RCW2NI9,1,Q3624078
0RYL6NVT,0,Q15416
0RYL6NVT,2,Q5
0TC0V739,0,Q22687
0TC0V739,3,Q13442814
0S6EGTL8,0,Q27686
0RCSZRMN,0,Q35054
0RCSZRMN,1,Q13442814
0SFYQYX6,0,Q9143
0SFYQYX6,2,Q865760
0S4R4ME9,0,Q43501
0S4R4ME9,1,Q16521
0PVII59P,0,Q79602
0RAF6N1E,0,Q81672
0SQHVLGZ,0,Q131569
0RGFA79J,0,Q134556
0T460J78,0,Q213930
0T460J78,2,Q8928
0T5OQMQC,0,Q216107
0T5OQMQC,1,Q5
0R3W0URC,0,Q356847
0RWBCSYP,0,Q366301
0RWBCSYP,2,Q5
0SGAJ773,0,Q1331793
0QO55H6D,0,Q878130
0S8ZN3EW,0,Q1147395
0S8ZN3EW,2,Q17272482
0POHOSFX,0,Q1261214
0SI97RDC,0,Q50053
0SUQZYVY,0,Q2143825
0SUQZYVY,2,Q13442814
0S6KHYL5,0,Q2327632
0S6KHYL5,2,Q13442814
0RWROMAO,0,Q2912397
0RWROMAO,3,Q7339484
0T3TVDUQ,0,Q2919801
0TA86NC3,0,Q3305213
0RJIJF6G,0,Q11774149
0RJIJF6G,1,Q11774149
0T92DMEC,0,Q11796413
0RJJ4GX2,0,Q15296535
0R2PIEU0,0,Q18285142
0R2PIEU0,1,Q3024240
0Q11JVVZ,0,Q20639847
0RJLTEHI,0,Q20671381
0RLPJPC1,0,Q21009059
0SHO3UAB,0,Q21073024
0SZ93NLE,0,Q27560760
0SZ93NLE,1,Q5
0T8S1AEY,0,Q22231112
0SUBN502,0,Q22674925
0RYS11L6,0,Q53534649
0RYS11L6,1,Q53534649
0RYS11L6,2,Q5
0RPBOVMC,0,Q63440326
0R1NPBPX,0,Q76154857
0R1NPBPX,1,Q214519
0QCT0KWK,0,Q83373
0PVSXJ2S,0,Q1054
0RE0QN7V,0,Q634099
0T4Q9GC8,0,Q852151
0RA159U6,0,Q1349648
0S4C7EM6,0,Q2074737
0Q5VRJX2,0,Q2247863
0PUJRC1O,0,Q17201685
0QY7VWHH,0,Q19832486
0QLWGHZL,0,Q25930744
0QFYC6UI,0,Q318
0TEGV3UH,0,Q74047
0S7KQJN5,0,Q667509
0S01D4EV,0,Q1352333
0TFFA2UE,0,Q1549591
0R4MJO1F,0,Q2577184
0R6THMN4,0,Q15154951
0WYNCYYG,0,Q6232
0WYNCYYG,1,Q17444909
0XA0GMXM,0,Q5848
0XYH3F2W,0,Q11422
0XYH3F2W,1,Q2668072
0Y1CT0MG,0,Q62447
0VVM3GBN,0,Q132821
0Y0H9132,0,Q170173
0WGOSGAI,0,Q309250
0WGOSGAI,1,Q3624078
0Y1G6EFM,0,Q478174
0Y1G6EFM,1,Q7339484
0Y7PUI7Y,0,Q483453
0Y7PUI7Y,1,Q5
0X12PD80,0,Q852190
0X12PD80,1,Q2620513
0X12PD80,2,Q15060255
0X8JEP17,0,Q1352333
0XFS8V5C,0,Q1757063
0WNOZ0DS,0,Q3550864
0WI9D12M,0,Q14276458
0Y5Z7XNR,0,Q26156208
0XCY8BKM,0,Q30092776
0XCY8BKM,1,Q132017
0VLMQB16,0,Q11344
0WKRL382,0,Q13890
0W79VLR2,0,Q486972
0WFYV46N,0,Q515
0UKE77D6,0,Q217327
0UKNI4BY,0,Q475476
0V31OUHE,0,Q726242
0VLLEI96,0,Q952274
0UFHQQDJ,0,Q2417724
0VNZWZ08,0,Q2454570
0UVAHTEE,0,Q2989398
0WBHE4ZX,0,Q13414758
0W9VFR5R,0,Q16830604
0XUYBHA2,0,Q20719675
0XRWL659,0,Q21100463
0VT1A1QZ,0,Q11276
0WC9K2XH,0,Q16521
0XEJH1XZ,0,Q181322
0XZ32WO7,0,Q727379
0W3HAQ6N,0,Q1066288
0XPADT8A,0,Q2713747
0UV21JNE,0,Q3157041
0UTCOF22,0,Q15056995
0U6BT25L,0,Q15154951
0UC1IJD5,0,Q1394476
0UQFRX3Z,0,Q18543139
0Y6HDTA0,0,Q18611609
1AD8JOA1,0,Q23442
1DK5QOR2,0,Q51977
1B0KV9W9,0,Q131681
1DA88LXI,0,Q207436
1DA88LXI,1,Q8928
1DCZWFL2,0,Q166620
1DCZWFL2,2,Q166620
1DIFEZWM,0,Q178659
1DIFEZWM,1,Q5
1CUULTMD,0,Q820655
1CUULTMD,1,Q3624078
1B2BP5GG,0,Q1377841
1C3VE6QQ,0,Q2379075
1DK4SNTV,0,Q2616791
1DK4SNTV,1,Q17272482
1B9J94Y0,0,Q3231690
1DCOJESZ,0,Q13539802
1DCOJESZ,2,Q7270
1CTUGPQW,0,Q14750991
1CTUGPQW,1,Q5
1CTUGPQW,3,Q101352
1D7I57RA,0,Q16764907
1D7I57RA,1,Q16764907
1D7I57RA,2,Q5
1D7I57RA,3,Q7339484
1COHMUMM,0,Q179700
1DIU7KCW,0,Q19899465
1CTPSZEF,0,Q20655472
1DKSXIGP,0,Q28020127
1BXDXXTK,0,Q27020779
1BXDXXTK,1,Q30227593
1C5K9WZE,0,Q11303
1BXQOEX3,0,Q115518
1AKUEJUH,0,Q501094
1AA10OK2,0,Q523
1C2B059M,0,Q6243
1AV5PRLA,0,Q1162835
1AKQNZGF,0,Q1210334
1DGJN9J4,0,Q2348563
1B3HWJXE,0,Q10374536
1C8W1GNZ,0,Q3327873
1CY8FCBS,0,Q5961
1BYL0QS2,0,Q207326
1CZ61VKM,0,Q318
1BTR2EGV,0,Q13217644
1B85Q5C0,0,Q19832486
1B5IJG2S,0,Q23005601
1H9XIJC2,0,Q5084
1H9XIJC2,1,Q13442814
1HVGTC0L,0,Q43483
1I7FQ4YB,0,Q174814
1I7FQ4YB,1,Q3624078
1I1Q2Y33,0,Q200539
1GRP5WF3,0,Q382952
1I7U9N64,0,Q221276
1I0ZOC77,0,Q260161
1I0ZOC77,1,Q5
1I0ZOC77,2,Q260161
1IHK0MAQ,0,Q279118
1IHK0MAQ,1,Q2039348
1I3DM0LE,0,Q466147
1GDHT5D9,0,Q607241
1IOSFZJ8,0,Q105543609
1IOSFZJ8,1,Q5
1IJ7FHSL,0,Q1059324
1GVUDEB3,0,Q1141054
1H5G097Q,0,Q1829324
1IL7RZ8S,0,Q2154519
1I3WA0RE,0,Q10915529
1H4LRYWT,0,Q18393176
1H53O96N,0,Q27676416
1DZBSAPV,0,Q26887310
1DZBSAPV,2,Q26887310
1IKIXVQW,0,Q482994
1HMZ8XW1,0,Q71798788
1HHFP8LJ,0,Q72802977
1H7JZOLV,0,Q523
1H5I682U,0,Q79007
1EXLXFJ2,0,Q526877
1IKTG95Q,0,Q353834
1H55417H,0,Q845169
1HAM0N6N,0,Q1549591
1HH0ALKB,0,Q1569167
1I7V8XKQ,0,Q1993624
1HNQWTH0,0,Q3539870
1HXJDV13,0,Q7404395
1H3A7E78,0,Q10451997
1H53QBWU,0,Q15221242
1FRS0AHZ,0,Q30092776
1FMBJYMQ,0,Q63084210
1G8TUKQR,0,Q6592
1F6E6BSE,0,Q523
1GD6P090,0,Q6232
1I9J5FMC,0,Q30612
1G0HA9HA,0,Q165
1H7AMV35,0,Q5
1H2498BE,0,Q355304
1FSAHNGX,0,Q294562
1FCAO49U,0,Q4502142
1HMUE85M,0,Q1044693
1ICX04HN,0,Q1377841
1GR5IOHS,0,Q7930989
1FWVOKBS,0,Q19832486
1ELYTWC9,0,Q72803622
1N72AURV,0,Q855451
1MRBH59I,0,Q23442
1NXVJPXB,0,Q34442
1MEHO1WW,0,Q79007
1MY80O7U,0,Q482994
1NCI5JV7,0,Q216337
1NCI5JV7,2,Q188451
1NI771LR,0,Q184188
1LZHV7GG,0,Q318
1LZHV7GG,2,Q5
1N35VWWY,0,Q218616
1N84YDKA,0,Q499192
1N84YDKA,1,Q499192
1NV8JWL6,0,Q105543609
1N6SK1W7,0,Q641066
1N31JO4E,0,Q871419
1N31JO4E,3,Q261543
1NLWFG5X,0,Q1194951
1NLWFG5X,2,Q13442814
1NDMWNJ7,0,Q1269627
1M9BGA7F,0,Q1589009
1M9BGA7F,1,Q3624078
1MBBOQQ7,0,Q2085381
1N9J9LE8,0,Q13218690
1N9J9LE8,2,Q123480
1O8I4PAJ,0,Q12292478
1MF0SGX5,0,Q18761202
1KZ13MLI,0,Q8072
1ML5W37C,0,Q6458
1IP3VHYC,0,Q40231
1NN0AUOD,0,Q27686
1MVVK1CH,0,Q48498
1LK0U4D5,0,Q62049
1M0QZPKL,0,Q132137
1NQB30I6,0,Q202866
1MQETJLE,0,Q701632
1O23WFZ7,0,Q2557101
1LFKOGNT,0,Q13539802
1MXD38DG,0,Q15221373
1LZLPR80,0,Q25930719
1O4N8NEW,0,Q64138263
1MEHWSLU,0,Q5084
1KS5TOSF,0,Q93184
1MYYTV3F,0,Q214190
1M3NBI6M,0,Q748331
1KTE0BDH,0,Q1002812
1LQ3547I,0,Q1131296
1LUX5OVS,0,Q1793804
1NR5PFQT,0,Q3024240
1LI9PL4M,0,Q5078274
1O2ZP1MS,0,Q11173
1LP8U4N4,0,Q72802727
1RYK3NLR,0,Q23397
1S9XJBN9,0,Q212198
1QW38YIM,0,Q353699
1QPUCYN0,0,Q644507
1OEE9UZS,0,Q830588
1OEE9UZS,2,Q5
1P6HV3LJ,0,Q480477
1T2QQD3X,0,Q838795
1T2QQD3X,1,Q5
1T1JQ8O2,0,Q975413
1PDNNWHW,0,Q1036344
1RIXCAGL,0,Q1371150
1SLIK2U3,0,Q1408475
1SLIK2U3,1,Q3624078
1SLIK2U3,2,Q32880
1SXZ0MRG,0,Q1143604
1SXZ0MRG,1,Q27785883
1S7BJ07M,0,Q1144689
1QAN3T26,0,Q1318941
1SHL07LY,0,Q15711870
1SHL07LY,1,Q1047698
1QODN64W,0,Q18761202
1QODN64W,1,Q3305213
1QNLM9HS,0,Q19816504
1QNLM9HS,1,Q59755569
1S3SW6XI,0,Q22808404
1R137UTA,0,Q29592127
1PD0IQE6,0,Q13632
1RSU0TQR,0,Q41872
1RO4R6BS,0,Q131681
1QKROLRM,0,Q162986
1RZ95U6F,0,Q620471
1SS53TG6,0,Q1153690
1SS177WZ,0,Q1457376
1QTBZA5M,0,Q104157
1QQOR5GZ,0,Q1640824
1T0VYLDP,0,Q18867465
1RELG98I,0,Q64138263
1STHX9AV,0,Q64138263
1S08VEQI,0,Q67123843
1QJ9WVX3,0,Q33506
1Q5IC32Q,0,Q523
1QGFO03B,0,Q355304
1QLHX1KO,0,Q327757
1QZ9UECZ,0,Q468008
1Q8RZKU9,0,Q744913
1SUCMJTA,0,Q1428357
1Q6E03P6,0,Q3257686
1Q7RGZFA,0,Q11835431
1T3LXK1Q,0,Q12043905
1RMNMJCP,0,Q17198545
1R6V8XO5,0,Q21503295
1Q1GLMB7,0,Q25930498
1QUC05UN,0,Q55850643
1SZI56F1,0,Q61089180
1VS24W2N,0,Q24862
1ULVHLQJ,0,Q2095
1X6NRRS4,0,Q95074
1X6NRRS4,1,Q13442814
1X6NRRS4,2,Q5
1XR7VJPQ,0,Q169534
1XQWLYJY,0,Q378427
1XQWLYJY,1,Q5
1XKGR958,0,Q281643
1XKGR958,3,Q18127
1XKOS8FT,0,Q658255
1WUW7I1X,0,Q580499
1WLYAVLY,0,Q6881511
1XJ7K2JO,0,Q1410668
1VTBN9JD,0,Q17232649
1WNT2LEK,0,Q1500350
1WNT2LEK,2,Q17272482
1WWQH9M3,0,Q2500708
1VRCLO8K,0,Q3240715
1V8XQ4TT,0,Q3710488
1V8XQ4TT,1,Q482994
1XP7O5Q0,0,Q25391823
1XP7O5Q0,1,Q188451
1VLOFK15,0,Q47403752
1VLOFK15,2,Q4438121
1XBGNQK2,0,Q54928607
1XBGNQK2,2,Q13442814
1XKJQSSY,0,Q64578911
1XDVZ2T4,0,Q61220733
1XDVZ2T4,3,Q13442814
1X3B8FCX,0,Q15284
1WYIQCSW,0,Q22687
1XPJ7LYU,0,Q685309
1WCKFMMH,0,Q744691
1WESURXC,0,Q523
1XEAHOF1,0,Q1131296
1VAGFFE5,0,Q1549591
1XLBWQ1D,0,Q6999
1W0NVZV5,0,Q9035798
1X51VGIY,0,Q55659167
1VA6WRAH,0,Q72802727
1VTW932D,0,Q23397
1XAHDXHQ,0,Q3305213
1X0Q8TJX,0,Q262166
1WT727E5,0,Q2292572
1VQD95ZW,0,Q13220204
1XN5I3RB,0,Q19951362
1XRUJ2OC,0,Q22808404
1XE1UD0H,0,Q63440326
1VOGUM0U,0,Q72803622
1WF5XW3D,0,Q76514543
2I5DKW5R,0,Q7889
2I5DKW5R,2,Q7889
2I9Z36VM,0,Q46587
2I9Z36VM,2,Q5
2FCZQRWD,0,Q131681
2IAZANFB,0,Q182547
2IAZANFB,1,Q3024240
2FG5T0TV,0,Q188593
2HGTU2JF,0,Q716
2H4SGIL5,0,Q486972
2GD0VMCF,0,Q550394
2GOCBAI2,0,Q1363599
2HWAORGI,0,Q1364157
2HWAORGI,2,Q3624078
2GWOJANV,0,Q2143781
2GWOJANV,1,Q13442814
2HMBBF75,0,Q4313794
2HMBBF75,2,Q8486
2GWUA615,0,Q6500733
2I8J8BNS,0,Q5283531
2HEHL8TC,0,Q2031291
2FQUJHDA,0,Q15711797
2FQUJHDA,2,Q3624078
2EXZH7X6,0,Q18493502
2HYVNOUK,0,Q50393057
2HYVNOUK,1,Q31629
2HYVNOUK,2,Q349
2IDFSJP7,0,Q46587
2IHAYJE9,0,Q184348
2FBF4Q3X,0,Q381885
2HGI1BQ8,0,Q713
2H922Y55,0,Q676050
2GNNWVT2,0,Q806869
2H3VI22E,0,Q1141054
2GC7QCBM,0,Q5055981
2GZ0FC4S,0,Q12178655
2F8EBPWX,0,Q18608583
2GYKRVLN,0,Q51031626
2HNEZLRW,0,Q72053617
2GQ6YJ39,0,Q515
2FCAIMQB,0,Q523
2H2EXB2M,0,Q166735
2F32HORA,0,Q752783
2HL054SN,0,Q1065118
2ICQC30O,0,Q12131624
2I5NS1DX,0,Q15221242
2ICI1315,0,Q15630849
2IDPVLPX,0,Q15921247
2F1QPTO2,0,Q34918903
2H409OPL,0,Q54231557
2KWFG8D0,0,Q6999
2MYWF3Q3,0,Q6465
2MYWF3Q3,1,Q484170
2MYWF3Q3,3,Q16543547
2MYWF3Q3,5,Q46865913
2M985SU6,0,Q13890
2LPJVIPY,0,Q43229
2JBYWWW4,0,Q13366104
2JBYWWW4,1,Q39911
2JBYWWW4,2,Q47018478
2LDQG8X5,0,Q39816
2NQRC9QR,0,Q162633
2LZ0BA9M,0,Q417175
2KVQW4QZ,0,Q570116
2N7RTUK9,0,Q967098
2NE53N7Q,0,Q1373385
2MWWRZ4G,0,Q1410668
2MWWRZ4G,2,Q327333
2MWWRZ4G,3,Q3679744
2N95CLVU,0,Q1203472
2N95CLVU,1,Q1203472
2N95CLVU,2,Q1203472
2N84KIMS,0,Q1286517
2KIDF3TT,0,Q2297177
2MTS9UFS,0,Q2354973
2LRC7BDQ,0,Q2529274
2LRC7BDQ,3,Q838795
2NE3KVG0,0,Q3002150
2NE3KVG0,2,Q3624078
2MZAUG7S,0,Q5500295
2NRWY3BX,0,Q1656682
2NRWY3BX,1,Q31629
2N89H631,0,Q13410400
2NIBOOO5,0,Q11670533
2NL6L3CU,0,Q27676416
2MZ5DTXC,0,Q108346082
2MMKFX7Z,0,Q21073024
2MWMEPR3,0,Q41971267
2JH5QUGO,0,Q6999
2MUQ1W9G,0,Q93184
2MA1TPOR,0,Q253019
2JPVP3VI,0,Q1341811
2N7Q5J1G,0,Q1352333
2MV92EV9,0,Q5153359
2MCJBJS6,0,Q5356184
2K43ZLKS,0,Q12037308
2JPT2MGP,0,Q16830604
2K7BIT2K,0,Q22231111
2MAR2OAT,0,Q23442
2JZBDW2X,0,Q386426
2JZ6E0TM,0,Q500834
2LQAW7E5,0,Q743
2NOGJER0,0,Q1115575
2MLL8IWB,0,Q318
2KHXXSVH,0,Q1989945
2N7C8GFB,0,Q2187969
2MJAP812,0,Q3257686
2MP16BIE,0,Q19953632
2N4FN4LN,0,Q72803622
2S0NKJ5V,0,Q8362
2Q4AVJTJ,0,Q12561
2Q4AVJTJ,2,Q12561
2QLPI2PN,0,Q41298
2PL5YXCR,0,Q23397
2PL5YXCR,1,Q4022
2RQ3RPDK,0,Q102356
2SRODG6C,0,Q190397
2RPC1OPJ,0,Q192283
2P8E5635,0,Q202444
2Q7PSZ26,0,Q288514
2Q7PSZ26,1,Q13442814
2S5QOTZI,0,Q327333
2RSDK60U,0,Q558330
2QNLF0Y7,0,Q836976
2QNLF0Y7,2,Q11446
2SFXQJON,0,Q879050
2PGEVVRM,0,Q954074
2PGEVVRM,1,Q22936940
2PGEVVRM,2,Q57733494
2PGEVVRM,3,Q954074
2RY38IJR,0,Q959309
2R1ORQPX,0,Q1137109
2R1ORQPX,2,Q7889
2PWOJX5H,0,Q1371288
2QAAPESX,0,Q1153392
2PFSIZIS,0,Q1895097
2SML76CB,0,Q2007502
2SMSF6AW,0,Q2020153
2PZ3NZVD,0,Q2057971
2PZ3NZVD,2,Q591041
2SZT8UW9,0,Q2175765
2RXT2RXB,0,Q2306612
2RXT2RXB,3,Q7339484
2RTFXD2D,0,Q3395377
2RTFXD2D,3,Q4502142
2QDWXP59,0,Q3215290
2RM8XXXS,0,Q3331189
2RM8XXXS,1,Q5
2RM8XXXS,2,Q5
2OWHDFFC,0,Q5341295
2R167ZVF,0,Q7302866
2R167ZVF,2,Q18127
2PGL9H76,0,Q10511371
2PGL9H76,2,Q127448
2PGL9H76,3,Q482994
2OI1GGLX,0,Q3257686
2OI1GGLX,2,Q11514315
2OI1GGLX,4,Q17272482
2P982CDY,0,Q14762300
2SG727DG,0,Q12043905
2SV60YK5,0,Q15630906
2SGEA10J,0,Q16510064
2S6J0XB9,0,Q18761202
2S6J0XB9,1,Q5
2SKMMGPJ,0,Q18761202
2SKMMGPJ,1,Q5
2RNKO61X,0,Q18761864
2RBEX3A5,0,Q20646667
2R525ASI,0,Q21481766
2QFKQUD6,0,Q22231113
2QYBSLYQ,0,Q50687555
2R4MK5BL,0,Q9143
2S5M5QQU,0,Q63100601
2S5M5QQU,1,Q9430
2P29BZNN,0,Q46587
2QK0BTBG,0,Q764463
2QIJ8H0G,0,Q797219
2SSJQLRX,0,Q860582
2P2GLCRD,0,Q917146
2QT017PM,0,Q937876
2P6XAZRM,0,Q1358344
2P4C4LHH,0,Q2217740
2RFDITWM,0,Q3024240
2SERCAWH,0,Q13410496
2SLBRA1Z,0,Q25930813
2SH3W7CI,0,Q4360
2R1BVB2O,0,Q6232
2SPK8O3S,0,Q515
2RGBR7S7,0,Q158555
2SQDT8DV,0,Q482994
2PZWJXFR,0,Q743
2RSZ8GTH,0,Q727715
2OV2W0IH,0,Q523
2R1A8E28,0,Q2072238
2QGMCKFY,0,Q2537537
2QLRV8DB,0,Q14502790
2P8F6WAA,0,Q26742250
2SCCGG81,0,Q55558027
2Y2F5TNZ,0,Q3863
2XX50WQ4,0,Q18142
2YK1483K,0,Q22698
2YK1483K,2,Q327333
2XP5WGZN,0,Q61878
2YH6MSDS,0,Q133056
2Y5KQDSR,0,Q150784
2YKDC4FI,0,Q216107
2Y1JTT04,0,Q270791
2W9PLOXM,0,Q486972
2W9PLOXM,1,Q3624078
2Y22K094,0,Q1059478
2WPE33BQ,0,Q1351282
2VJANLRG,0,Q1362543
2UHXRULS,0,Q751
2Y6CF9VT,0,Q523
2XJ7PH7X,0,Q2266066
2X2IK0X3,0,Q15298259
2X2IK0X3,1,Q559618
2X7SBZEU,0,Q19723451
2YPQYI6Q,0,Q20639848
2Y1AF750,0,Q28783456
2WI88MRD,0,Q11387
2WWLOW6X,0,Q40231
2XHJVT7D,0,Q1106
2XT784UI,0,Q878130
2WN9U6W0,0,Q1190554
2Y6BL3K5,0,Q1993624
2VND831Z,0,Q2647254
2VOIDQ2N,0,Q13218690
2UYTQOS8,0,Q15149663
2X50HJZE,0,Q17318027
2Y8HNXRT,0,Q18218093
2WTM1ZSL,0,Q27676524
2UO31ZQM,0,Q523
2VIHC615,0,Q860861
2Y2UBA52,0,Q46587
2WIA5UNH,0,Q550394
2UO69X9X,0,Q559290
2VWOVAOJ,0,Q695850
2Y7NYCUV,0,Q1153690
2X615JQ3,0,Q1440300
2VP64T69,0,Q5398426
2YHXYGR8,0,Q16510064
3AEBKTP0,0,Q127448
3BFKGUG7,0,Q28640
3BUXPQPD,0,Q11173
3BUXPQPD,1,Q16521
3BL0O34X,0,Q549805
3BL0O34X,1,Q4686357
3B9M4Q6S,0,Q672070
3B9M4Q6S,2,Q5
3B3DFJFF,0,Q820655
3B3DFJFF,2,Q20162172
2ZW9HFQS,0,Q1352333
3AJ75ELU,0,Q2442401
3CWE5CUV,0,Q3220391
3CWE5CUV,1,Q13442814
3BJ559BJ,0,Q5356187
3BJ559BJ,2,Q1232589
3C7A014R,0,Q6139189
3CSGI1XN,0,Q7940971
3AU2CANM,0,Q13464614
3AU2CANM,1,Q5
3AU2CANM,2,Q207694
3ALM4W68,0,Q15056993
3C4YW2AY,0,Q15070223
3C4YW2AY,4,Q702842
3CAQ52YM,0,Q22231110
3AUSKNKC,0,Q56753859
3CT9IHP1,0,Q37002670
3BBO2SMR,0,Q71965638
3BBO2SMR,2,Q8928
3C3NK8LB,0,Q24638
3BOQGGNJ,0,Q188593
3BT5LCMS,0,Q726242
2ZAKBALA,0,Q1321542
3BWPHDP8,0,Q2179958
3A69G7Y2,0,Q2179958
03Y8RI2D,0,Q3327920
3CZPAEB3,0,Q15056995
2ZSEO1A6,0,Q66619774
03R3S49G,0,Q523
3BKB2F4E,0,Q179700
3CKJ213E,0,Q190438
3A7DEBJ4,0,Q203958
3CCMWO4W,0,Q847935
3B1O7E2I,0,Q878130
3BUBX3D1,0,Q5116010
3CTIBK5A,0,Q4830453
3AS4VVC7,0,Q15634531
2ZD37E0P,0,Q220659
3A8PVD5G,0,Q18618819
2ZTDDPY2,0,Q64138263
3C6AZG9U,0,Q63100584
3HPCJQLE,0,Q24856
3HVGQXRK,0,Q172754
3H3F2WRD,0,Q372363
3H3F2WRD,1,Q618779
3HYM0W6R,0,Q220505
3H9JOXKD,0,Q249556
3HOK35YQ,0,Q645883
3GU64F1C,0,Q1321050
3I6JRCHR,0,Q2668072
3HCTHKNS,0,Q27676420
3HHXKSVW,0,Q22231111
3HHR5P3F,0,Q56242215
3HHR5P3F,2,Q32880
3DMNUPGN,0,Q63100595
3DMNUPGN,3,Q44606775
3DMNUPGN,5,Q9430
3GW9VZTV,0,Q57733494
3GW9VZTV,1,Q57733494
3F9VNSTJ,0,Q523
3GMETPP3,0,Q105999
3GZADUGW,0,Q654754
3HC8B2AX,0,Q2298305
3FN4DXZL,0,Q47168
3HWLT4V5,0,Q13634881
3HPZR7K1,0,Q15221373
3HQLEA9M,0,Q15091377
3F9SVFJ0,0,Q54231557
3H7S7ZIV,0,Q8092
3EUD90Q3,0,Q11204
3GXSCPXH,0,Q498162
3HIBXR2B,0,Q526877
3FGK6Y6T,0,Q559026
3HXCMH5G,0,Q262166
3FQMXJYM,0,Q1147395
3H98MCYE,0,Q1589568
3FHCROWC,0,Q1872284
3G8364UV,0,Q55659167
3EU4KJN6,0,Q13217644
3EEVDZZ9,0,Q13410496
3F1OPPTY,0,Q12225020
3EHFLJYD,0,Q18123741
3HUBBTWI,0,Q19886676
3GHX7O5H,0,Q5398426
3FM7MUNX,0,Q85332736
3MB1O42T,0,Q13890
3NDVPCLK,0,Q106658
3KCURSEF,0,Q1972
3N7YTFJM,0,Q9779
3NM3MLWR,0,Q55678
3NOASFP4,0,Q190928
3MEEHLS2,0,Q382927
3MEEHLS2,2,Q3624078
3KB4JVO5,0,Q655686
3MNPMYLT,0,Q543654
3N3VE4VN,0,Q907698
3N3VE4VN,1,Q3624078
3LI07XAY,0,Q7889
3LZY31O8,0,Q12413618
3KQPTCZZ,0,Q13414763
3LLN27NZ,0,Q18918041
3NL57L9P,0,Q19723444
3N46H57I,0,Q22674925
3N46H57I,1,Q17272482
3NJLE054,0,Q95074
3NJLE054,1,Q5
3K0LMAET,0,Q6999
3K6H05HB,0,Q15276
3NH3P9ZT,0,Q318
3N3X5PYJ,0,Q83373
3KWSJDGN,0,Q615980
3LIOY5WR,0,Q640364
3MV0YLF8,0,Q1330776
3NNPOXK3,0,Q1849126
3M5HGNGR,0,Q2074737
3MLLM7HN,0,Q45242174
3NHL0DEU,0,Q66619774
3N2HV814,0,Q72802977
3J4676B9,0,Q25653
3NQMJNQD,0,Q64034451
3MWJG1VB,0,Q79602
3KHJ5F4E,0,Q158438
3LZ7QKOJ,0,Q25276
3N697UGF,0,Q484170
3KFHNHML,0,Q1402592
3NPYL95H,0,Q1259759
3MVN0X3U,0,Q3184121
3L2AORC2,0,Q16103215
3KC4COTG,0,Q42744322
3MDYXG25,0,Q55102916
3T3XU11Y,0,Q7944
3T1IR34F,0,Q16521
3T1IR34F,2,Q12056776
3QZ1II4C,0,Q1493194
3T025YUC,0,Q57083319
3T025YUC,2,Q15238535
3T8D4G67,0,Q72803426
3T8B7C35,0,Q3863
3RXL4UE8,0,Q811704
3SRKTBIO,0,Q42211429
3RKHMGI2,0,Q207934
3T73GUM8,0,Q486972
3SQALQYC,0,Q811704
3S49ACDP,0,Q1162835
3SDBIVEY,0,Q1758856
3RRBDIYX,0,Q11774149
3SK798BE,0,Q20646667
3RA2SDLA,0,Q21518270
3YLIT056,0,Q4022
3YXSR07F,0,Q7944
3YXI5197,0,Q7187
3XFPP19I,0,Q11446
3XTS33P4,0,Q24869
3XTS33P4,1,Q27915572
3WZA54DN,0,Q124734
3VXQ8TJN,0,Q33384
3VL78TK3,0,Q46169
3Y05WK3R,0,Q46622
3X7LQF7L,0,Q132137
3V9F9ASD,0,Q193622
3V9F9ASD,1,Q3624078
3YX5P20J,0,Q203784
3YX5P20J,1,Q57733494
3YX5P20J,2,Q15259995
3YQVSB6B,0,Q234497
3YQVSB6B,1,Q13442814
3UQGSHV0,0,Q269949
3WW17MEV,0,Q475476
3XTCTXAK,0,Q16970
3XTCTXAK,1,Q1250464
3YQB0YDB,0,Q845945
3Z5YGU6S,0,Q1081138
3VY7T2CX,0,Q1413677
3VY7T2CX,2,Q3624078
3XP2PWN6,0,Q1335652
3TF9EKK9,0,Q1434544
3TF9EKK9,1,Q13442814
3VBLHUZA,0,Q1917626
3Y5LB7Q7,0,Q1970725
3Y5LB7Q7,2,Q4502142
3V5FHNPG,0,Q3231690
3V5FHNPG,1,Q3231690
3XP5ZM3V,0,Q7777570
3XP5ZM3V,2,Q5
3USF18WJ,0,Q7830213
3USF18WJ,1,Q13414754
3Z6MTX3D,0,Q13410444
3Z6MTX3D,1,Q1081138
3Z6MTX3D,2,Q15127012
3UJROYN8,0,Q105543609
3UJROYN8,1,Q5
3UJROYN8,2,Q482994
3WZKZGXR,0,Q12045585
3WZKZGXR,2,Q3624078
3UM8K41U,0,Q16887036
3W4SMBSG,0,Q18123741
3VX0JJ0M,0,Q19730508
3X2R2C03,0,Q26213387
3X2R2C03,1,Q13442814
3X2R2C03,2,Q26213387
3WZCT084,0,Q37953779
3WZCT084,3,Q5
3YKNXZU6,0,Q47461344
3XTCJM8S,0,Q63100611
3WSXTZ8H,0,Q58973026
3VVOYPJJ,0,Q7275
3YSAHWGZ,0,Q17198545
3WGEC1BL,0,Q7930989
3VMU937Q,0,Q353699
3X4HL6SE,0,Q328584
3XZLLT60,0,Q402092
3Y1DDYQ2,0,Q618200
3TQHHBOV,0,Q707813
3W0V5P2D,0,Q811979
3WI2V6M1,0,Q3700011
3TQY8B01,0,Q11060274
3Z6IKEH5,0,Q18123741
3VTFI8MA,0,Q62078547
3Y9RL7N9,0,Q71798532
3U47GL5X,0,Q47574
3UDGL8PP,0,Q57058
3Z5A9N87,0,Q356847
3TLY9UOG,0,Q811704
3VLZA4YK,0,Q523
3TVQBOZ8,0,Q1491746
3V3K8KDB,0,Q1493194
3Y5V55BW,0,Q1549591
3UOTBJON,0,Q2154519
3U15KGVE,0,Q11774062
3YL6897M,0,Q66619666
4CF4SFQ3,0,Q8142
4CF4SFQ3,1,Q308229
4BTCWYQJ,0,Q16917
4CBLK0HP,0,Q179049
4CWHGLJD,0,Q498162
4CSCV4EV,0,Q1088552
4CENC7N8,0,Q3966183
4C165ALT,0,Q28738741
4B10HPWY,0,Q72802977
4BU6G72B,0,Q44613
4BPG4E9W,0,Q953806
4BEGQWY5,0,Q1061151
4BEJIS05,0,Q1141054
4CMC1MF1,0,Q17366755
4BMBXO7I,0,Q22231108
4AMTKHHT,0,Q24452
4AM925GZ,0,Q350895
4BAI823V,0,Q221276
4BCW3A2C,0,Q618193
4B06WKDD,0,Q764463
4AN2ODH2,0,Q2775236
4COFK4W7,0,Q10267336
4CO2IEL0,0,Q12859788
4BA5NFTA,0,Q17198620
4ATJWPE9,0,Q35034452
4I8VB49Y,0,Q8261
4I8VB49Y,1,Q50424085
4IMX1J20,0,Q41253
4I5Z6FZT,0,Q23622
4I5Z6FZT,1,Q5
4I5Z6FZT,2,Q34770
4HFEUL7B,0,Q35509
4I0PQ7OS,0,Q376
4I0PQ7OS,2,Q13442814
4I0TH1MY,0,Q44613
4I0TH1MY,1,Q32880
4FY7RDLW,0,Q51404
4GUJGVT2,0,Q132137
4GUJGVT2,4,Q5
4IESOKS2,0,Q133036
4IESOKS2,1,Q13442814
4HWK9OIJ,0,Q158454
4I6TVFFO,0,Q215380
4I6TVFFO,1,Q5
4FMKABBS,0,Q169930
4GC09ROR,0,Q182676
4GCH2YO2,0,Q192350
4GCH2YO2,3,Q3624078
4I3EOHAZ,0,Q193495
4G05A1A5,0,Q317548
4G05A1A5,2,Q3624078
4H2CLYND,0,Q327333
4GYD3Q4P,0,Q475061
4GYD3Q4P,2,Q17272482
4HJCP4JC,0,Q484170
4HJCP4JC,2,Q4164871
4FME0Q2X,0,Q575759
4FME0Q2X,1,Q5
4FCQJD2D,0,Q746549
4IFN6H27,0,Q532
4IFN6H27,1,Q3624078
4FJIKSI8,0,Q856713
4FJIKSI8,1,Q5956785
4FJIKSI8,2,Q1516252
4FSUM1A0,0,Q877998
4FSUM1A0,1,Q191067
4GXGK8UY,0,Q1142930
4II8ICTZ,0,Q1589009
4IA0LVHR,0,Q1630622
4IA0LVHR,1,Q570600
4ID21YJ5,0,Q108346082
4F5ZPLMK,0,Q2289151
4F5ZPLMK,1,Q57733494
4F5ZPLMK,2,Q212198
4F5ZPLMK,3,Q2289151
4F5ZPLMK,4,Q2289151
4G0UEN8O,0,Q2500708
4IETW7QS,0,Q2661988
4IETW7QS,2,Q2198484
4IETW7QS,3,Q3624078
4HMJH57F,0,Q3305213
4HCIL8BO,0,Q3982337
4IFVDCLY,0,Q5327704
4ILXSY5R,0,Q13218690
4HA0JUWY,0,Q13580678
4HA0JUWY,2,Q13442814
4HG1DNIW,0,Q14406742
4GVQFQ1F,0,Q10429667
4GVQFQ1F,2,Q13442814
4FYVEARM,0,Q15079663
4FYVEARM,2,Q3624078
4HR2K0KQ,0,Q15127012
4DBPMAAK,0,Q1114461
4DBPMAAK,1,Q1047698
4FGQTBA2,0,Q15966540
4EL9KUCB,0,Q18089587
4EL9KUCB,1,Q5
4GQ8YZXD,0,Q18663566
4GHEPS9W,0,Q22075301
4GHEPS9W,2,Q207694
4G9Z862Z,0,Q29414133
4G9Z862Z,1,Q59136
4G9Z862Z,3,Q17272482
4H4DANK3,0,Q56242235
4H4DANK3,1,Q13442814
4FBUXFDV,0,Q47461344
4G317E0L,0,Q63565252
4EITPSHV,0,Q72802977
4I9BUBJK,0,Q2055880
4IH24V21,0,Q115518
4DVAZHU9,0,Q55818
4F20WVE5,0,Q285181
4HN35JV8,0,Q785745
4FNPJ1BL,0,Q878130
4EF7OLYJ,0,Q1373385
4DQ4MMXL,0,Q2247863
4E409TWU,0,Q2864737
4GWPCLMR,0,Q2577184
4DI8YM0E,0,Q2655841
4EKILPI5,0,Q11060274
4HUOPJVG,0,Q27676416
4FL1KGCN,0,Q3957
4HVVS5DC,0,Q5871
4GL81CUD,0,Q11282
4ECV2TGR,0,Q523
4FWYU9N4,0,Q130003
4F2FZH4N,0,Q272447
4G64HVKW,0,Q497654
4HRM34WT,0,Q1371150
4DLPMN5Y,0,Q1149652
4E4VQ5Y0,0,Q1153392
4H146V4G,0,Q486972
4I667GY1,0,Q3556889
4EEB5JI0,0,Q9035798
4GJ5W6SQ,0,Q12813115
4IB71QIN,0,Q13410422
4HA6M87Z,0,Q19723451
4GDH05B9,0,Q37002670
4EJEGCR0,0,Q72803708
4ML8COI9,0,Q112099
4LZJK6FE,0,Q46587
4KO2N7FZ,0,Q46587
4M1OB5QY,0,Q56061
4JVTNJTW,0,Q523
4JVTNJTW,3,Q8928
4LR8KT7C,0,Q130019
4LWM4K1R,0,Q667509
4JS4P1VA,0,Q498162
4NFRQ6R5,0,Q751708
4J7QIUZD,0,Q846837
4LODO3MM,0,Q868557
4LODO3MM,2,Q188451
4LD9PGVF,0,Q1059324
4MQ48KPA,0,Q1396170
4K40T4IL,0,Q1142192
4K9C7F7U,0,Q1325627
4N8OGCD7,0,Q1617851
4MUWTHJ7,0,Q34442
4KUXP05A,0,Q2514025
4L2TORPT,0,Q2537537
4JJIT8HP,0,Q3184121
4JJIT8HP,1,Q294414
4NF15002,0,Q3932296
4NF15002,2,Q9143
4NEB93NC,0,Q4828724
4LWNDYOJ,0,Q16725943
4LWNDYOJ,1,Q1065118
4LWNDYOJ,2,Q17272482
4LZ3MLAP,0,Q15275719
4LZ3MLAP,1,Q13442814
4NGE3P15,0,Q18761864
4L196DQA,0,Q46190676
4L196DQA,2,Q6026443
4MFVN6TT,0,Q71798788
4LKMOFLR,0,Q13632
4M533Y9W,0,Q28111
4LUX91EA,0,Q33881
4MKEO32Q,0,Q39715
4MR41RNG,0,Q83373
4MN56JAB,0,Q191826
4LCE1UOV,0,Q468008
4JOMPIMS,0,Q575727
4KIMAIPF,0,Q3491915
4MFP813M,0,Q1327701
4MTAJ87Y,0,Q5398426
4JRY6P14,0,Q1006876
4MF6FUXO,0,Q22669139
4JKA8NCQ,0,Q3957
4JNG26K3,0,Q1153690
4KYYIHUS,0,Q1331380
4LBEU8U8,0,Q2647254
4MVZ4KVA,0,Q2811
4JKNJ1H7,0,Q17318027
4L0P02GY,0,Q18559008
4JL4SSX4,0,Q18611609
4M0NMNAN,0,Q28738741
4KZ3TKWN,0,Q54231557
00YA2Y7C,0,Q7889
00NSYDVX,0,Q43229
00BLAYH7,0,Q16521
00BLAYH7,1,Q1470762
00QDQAUA,0,Q25653
00TXAK0W,0,Q28232
00TXAK0W,3,Q2500708
00K4PJEK,0,Q35509
00GGKUQD,0,Q57821
00GFXX9W,0,Q101401
00YFADFM,0,Q133442
00YFADFM,1,Q13442814
00XAGE54,0,Q213441
00XAGE54,1,Q101352
00MK33P9,0,Q184296
00MK33P9,1,Q702842
00CYT0VB,0,Q188860
00CYT0VB,1,Q241317
0A3LTNOT,0,Q253623
0A3LTNOT,1,Q5
00GNBCGP,0,Q283202
00NN7AU0,0,Q483110
0A3BS387,0,Q879146
0A3X0RVB,0,Q1070990
00HPZYRV,0,Q1154710
00HPZYRV,1,Q56557118
00UCR92Q,0,Q1311958
00TUX8XW,0,Q1321542
00S6UHNA,0,Q2031615
00S6UHNA,1,Q54117920
00XQVW6C,0,Q2307291
00HKPYSP,0,Q2631599
00HKPYSP,1,Q17272482
00QTPROV,0,Q3308596
00F4DDB8,0,Q3464665
00F4DDB8,1,Q210337
0A3RWD29,0,Q5116010
0A3RWD29,2,Q17279032
00GOZ03E,0,Q10451997
00HC428N,0,Q10648343
00ZCYS1R,0,Q13221722
00ZCYS1R,1,Q7930989
00FQ1GOQ,0,Q13580678
00R7H94P,0,Q12225020
00YVFD97,0,Q15079663
00YVFD97,3,Q5503
00L77STZ,0,Q15632617
00L77STZ,1,Q5
0A0AS275,0,Q17156793
0A0AS275,1,Q13442814
00YK6JKU,0,Q17201685
00R699I5,0,Q17205774
00DLMDI5,0,Q17624054
00RCO58K,0,Q1030034
00RCO58K,2,Q64034451
00JE18BI,0,Q21070568
00JE18BI,1,Q3760158
00LGNCH3,0,Q21480300
0A2OYVSJ,0,Q21672098
0A2OYVSJ,1,Q11032
00Z16W5U,0,Q26703203
00EDPHR0,0,Q47467768
00EDPHR0,1,Q5
00O5E8QI,0,Q60754876
00O5E8QI,1,Q60754876
00O5E8QI,2,Q13442814
00O5E8QI,3,Q60754876
00SICZG9,0,Q61855877
00ZES2JN,0,Q47521
00T2M2JH,0,Q158683
00SH19AN,0,Q708676
00MIIBFM,0,Q726611
00KWWZMZ,0,Q860861
00PGPISM,0,Q953045
00SUXIX5,0,Q1149652
00X5RZSX,0,Q1457376
00WWU6C1,0,Q2522813
00Z7TTD0,0,Q6784672
00W5Z9NM,0,Q6881511
00P1DRIR,0,Q7216840
00FMZR04,0,Q1077333
00CBBNCU,0,Q13410524
00LFR1E5,0,Q15630849
00DZN9U3,0,Q1394476
00CU42PU,0,Q22674925
00X3HWSL,0,Q55463514
00LS08FM,0,Q5961
0A2WQW7B,0,Q11303
00VRSGHB,0,Q32385
00IB04ER,0,Q58917
00SWQK0C,0,Q443802
00R2ATEA,0,Q477795
00R3QC7E,0,Q1637706
00Z5U8HA,0,Q1962175
0A0XQ1B1,0,Q2516330
00U3XK6Y,0,Q6149036
00B03QI9,0,Q6150991
00K5CDR7,0,Q12397176
00SNTAT7,0,Q12225020
00TX71XU,0,Q35989030
00VBFQFM,0,Q54231557
0A2WOWGP,0,Q65661087
00YJ00E8,0,Q71965638
0AX9MEWG,0,Q40231
0AX9MEWG,1,Q40231
0AX9MEWG,2,Q4164871
0AFMSPIX,0,Q40244
0AWUAT0K,0,Q34763
0AA4H39Q,0,Q66560094
0AA4H39Q,1,Q3331189
0AMA8HF3,0,Q9842
0AMA8HF3,1,Q67304002
0A79T5C3,0,Q44494
0AN2OB8N,0,Q55485
0AN2OB8N,3,Q5
0AMPIB6Y,0,Q58917
0AGOT5VQ,0,Q77115
0AY17XJZ,0,Q170321
0AY9DYOB,0,Q190570
0AY9DYOB,3,Q13442814
0AM28GPA,0,Q262166
0AGL72LH,0,Q483247
0AFV61HL,0,Q550089
0ANC53U8,0,Q757292
0AFRNWZI,0,Q1114461
0A8BUJFK,0,Q1115575
0ADP4J7T,0,Q1137809
0ADP4J7T,1,Q1081138
0AGXEWOY,0,Q1349255
0AGXEWOY,2,Q13442814
0AA0P544,0,Q1369686
0A7O05AT,0,Q1238720
0A7O05AT,1,Q1238720
0A40SP59,0,Q1650727
0A40SP59,1,Q5
0AI297WG,0,Q1661706
0AI297WG,1,Q1549591
0AI297WG,2,Q1076486
0AWBQRR7,0,Q1664720
0AWBQRR7,1,Q13442814
0AXKNG2W,0,Q1666019
0AXKNG2W,1,Q515
0ASZDQYD,0,Q1683232
0ASZDQYD,1,Q22936940
0ALOTSGJ,0,Q1875630
0ALOTSGJ,1,Q1875630
0AX5SV4Q,0,Q2001676
0AX5SV4Q,3,Q591041
0AQV1YV2,0,Q2577184
0AQV1YV2,1,Q17272482
0AX7B6Z1,0,Q2680291
0AAWEFTT,0,Q15416
0AFFKOVL,0,Q4117139
0AFFKOVL,1,Q3331189
0A8NNUG3,0,Q4989906
0A8NNUG3,2,Q5
0AXX6WNU,0,Q4989906
0AEBQS4Y,0,Q4801521
0AZ6T10W,0,Q7379880
0AQCSHWE,0,Q11269813
0ADB388Z,0,Q15056993
0ASCCQQM,0,Q15071808
0A47VEYU,0,Q27676428
0AN9OPO6,0,Q25796237
0AN9OPO6,1,Q25796237
0A6SD2NW,0,Q26887310
0A6SD2NW,1,Q26887310
0AKRZY29,0,Q29048322
0A957H2A,0,Q56242215
0AYF2G9T,0,Q60491487
0AYF2G9T,1,Q127448
0A8CQRPP,0,Q47403752
0A8CQRPP,4,Q47358534
0APS6Q33,0,Q54231557
0A9EDIKU,0,Q57733494
0A9EDIKU,1,Q61588176
0ACGBLPV,0,Q561431
0A8YOSGJ,0,Q726611
0ALSPPLR,0,Q838948
0AUMD7IL,0,Q928830
0AAAXONZ,0,Q1411996
0AYKMIEM,0,Q1210950
0AJG974D,0,Q1303735
0AMKG9SX,0,Q1601458
0ASWF8TB,0,Q1782540
0A7S7B3C,0,Q2547976
0AULRJGX,0,Q11832860
0ADLUR97,0,Q18089617
0AAWXZ58,0,Q23927052
0A896T1H,0,Q47461344
0AU1ZQG0,0,Q55936923
0AN589PA,0,Q72803170
0AJPNZOA,0,Q106658
0APW2YH4,0,Q532
0AVUSARY,0,Q207524
0ADDOYWX,0,Q272447
0AWZR9TN,0,Q285400
0A82DDWZ,0,Q568041
0AUFQYC3,0,Q878130
0AYNO7JO,0,Q936076
0AI6ZW9E,0,Q1002697
0AZ9UQJQ,0,Q1022469
0A99IPRW,0,Q1847301
0AUXAQPV,0,Q3192808
0AUQDLS2,0,Q6882870
0AN0317C,0,Q15078695
0AC7LR6S,0,Q15195406
0ABVZ7WS,0,Q28060923
0ANYLBB5,0,Q26211545
0AE5UUR4,0,Q72802977
0BQ46XMT,0,Q3947
0BNZO6S6,0,Q15276
0BQLMQY3,0,Q120804
0BANNY8Z,0,Q523
0BY5XPBI,0,Q48498
0BA2XFXR,0,Q82117
0BTLA066,0,Q101600
0BTLA066,2,Q43229
0BCDZHW3,0,Q131436
0BCDZHW3,1,Q5
0BA6D5XS,0,Q207977
0B8236YX,0,Q216107
0B8236YX,1,Q5
0BQKJMN4,0,Q187588
0BWHOPT0,0,Q192287
0BWJ65FL,0,Q249556
0B9L4YDM,0,Q483453
0B9L4YDM,1,Q5
0BB5NB7K,0,Q506240
0BN85228,0,Q548611
0BN85228,1,Q548611
0B5RKA93,0,Q721747
0BZ7ZXAC,0,Q811979
0BT31MM4,0,Q860861
0BQSC5WV,0,Q1007870
0BMJ7L65,0,Q1038
0BPELMAE,0,Q1516079
0B8THYJX,0,Q1587716
0B8THYJX,2,Q327333
0BANUR62,0,Q43483
0BANUR62,1,Q11514315
0BANUR62,2,Q1951366
0B8IRSSE,0,Q17489659
0BTPAK79,0,Q2225692
0BII5BM7,0,Q2334543
0BK8ST8N,0,Q2668072
0BK8ST8N,1,Q59755569
0BCGHJ96,0,Q4484477
0BCGHJ96,1,Q5
0BM5WMFC,0,Q10567925
0BM5WMFC,1,Q482994
0BM5WMFC,2,Q5
0BM5WMFC,3,Q127448
0BNY6FMW,0,Q13393265
0BEMPYG9,0,Q11060274
0B9WJ1FD,0,Q17715832
0BST9YZA,0,Q18340514
0BST9YZA,1,Q30227593
0BNTWTTQ,0,Q18543139
0BNTWTTQ,1,Q95723
0BYXE5G9,0,Q27971968
0BHG6DQR,0,Q55488
0BHG6DQR,1,Q521458
0BHG6DQR,2,Q728937
0BYK1UP3,0,Q16521
0BB5E6V7,0,Q26830017
0BB5E6V7,3,Q1307214
0B6YGAWH,0,Q56676227
0BW9VXHN,0,Q55850643
0BKRY93H,0,Q62391930
0BKRY93H,1,Q13442814
0BBAXTSK,0,Q63100559
0BBAXTSK,1,Q44606775
0BB4NJY1,0,Q67206691
0BAWNWTP,0,Q41176
0BGWR7D5,0,Q48634
0B63LKK0,0,Q429088
0BUTVEBE,0,Q507619
0BZNA6O9,0,Q1146040
0BTO5CEX,0,Q902814
0BBBRYCD,0,Q1077097
0BYY5ZHU,0,Q3423162
0BEFRNL7,0,Q3231690
0B9C4N8E,0,Q5004679
0BYP7QK9,0,Q18131152
0BARW1G0,0,Q55075651
0BAHV9Y8,0,Q24452
0BFE1GGM,0,Q62049
0BRZ7UTV,0,Q207934
0B1QKI5W,0,Q167170
0BYE13JU,0,Q193934
0BRCWL1C,0,Q735428
0BP1GT4I,0,Q740752
0BQZ6MDX,0,Q1142192
0BL50GIU,0,Q1917626
0BHBJNBI,0,Q2265915
0BWE6ZO8,0,Q3154693
0BNO82FL,0,Q18333556
0CNDHSHN,0,Q5084
0CW7XYXQ,0,Q15262
0CI6HELZ,0,Q41298
0CMIT37R,0,Q80793
0CMIT37R,1,Q570600
0CKGE5BT,0,Q131596
0CEU89AN,0,Q185187
0CJIWP9Z,0,Q191067
0CGHST2P,0,Q200764
0CGHST2P,1,Q5
0CK2VKYZ,0,Q378427
0CK2VKYZ,1,Q378427
0CEXBR24,0,Q262343
0CEXBR24,1,Q33506
0CERGIMK,0,Q734271
0CERGIMK,1,Q856076
0CDFFQWF,0,Q740445
0CW7VUOB,0,Q744691
0CTDNYG5,0,Q778129
0CSQCPY5,0,Q1112477
0CHHMIKE,0,Q1142192
0CESCQRE,0,Q23002042
0CMDZ939,0,Q1161185
0CMDZ939,3,Q9430
0CVVLTV5,0,Q1210950
0CHJRAQG,0,Q1500352
0CS51TWU,0,Q2368579
0CS51TWU,1,Q2368579
0CS51TWU,2,Q2368579
0CU0AHTB,0,Q2618461
0CU0AHTB,2,Q5
0CT6U7B9,0,Q2680291
0CT6U7B9,1,Q11514315
0CJJ6CGV,0,Q13442814
0CBBWSUG,0,Q1114461
0CBBWSUG,2,Q636497
0CD1MGB7,0,Q5500295
0C97UY9Z,0,Q7210356
0CLU1JK2,0,Q17457107
0CLU1JK2,1,Q2039348
0CRGR4RI,0,Q20646667
0CI4VFJ0,0,Q17201685
0CGWR0DR,0,Q16085106
0CGWR0DR,3,Q17272482
0CGWR0DR,5,Q1145276
0CGLF62X,0,Q25796237
0CNDK9CS,0,Q35112127
0CNDK9CS,1,Q2881272
0CTQ4RR5,0,Q41971267
0CIEDJ4L,0,Q115518
0CWT5QSM,0,Q145179
0CRRWX5C,0,Q195385
0CP17WG5,0,Q506240
0CP74NKC,0,Q797219
0CN96B6I,0,Q1153392
0CA1IPHM,0,Q1038
0CTKDQOZ,0,Q1210950
0CSY2BWG,0,Q2775236
0C52KOJJ,0,Q2557101
0CQLLZKT,0,Q3253281
0CT5H3TO,0,Q3052382
0CFU7W4Z,0,Q4164871
0CK8IK8V,0,Q26211545
0CWEP1VM,0,Q72802727
0C9PB8H6,0,Q125191
0CDCMX67,0,Q46587
0CKYBB4J,0,Q50053
0CIBCE5G,0,Q641226
0C8F8KJG,0,Q726242
0CNVNHPL,0,Q812800
0CHKINC6,0,Q1754568
0CWAVBMX,0,Q2154459
0CQG4XP7,0,Q2298305
0CP70MWQ,0,Q25276
0CV2HDAJ,0,Q2463705
0CPYJI4V,0,Q15092344
0CRLOV5T,0,Q15642541
0CGP4K4U,0,Q21503788
0CMPE48Y,0,Q55521176
0DJMLNQZ,0,Q3957
0DASDX1W,0,Q6232
0DASDX1W,4,Q11387
0DRY8U42,0,Q5898
0DIBL9R6,0,Q578
0DSCE1P7,0,Q523
0D7LE2GF,0,Q11204
0DOPDKQC,0,Q55488
0DOPDKQC,1,Q30949085
0DSVZG33,0,Q55818
0DSVZG33,1,Q3624078
0DVEWBYU,0,Q79007
0DVEWBYU,1,Q79007
0DGAL8VC,0,Q207524
0DB147HN,0,Q213924
0DB147HN,1,Q22806
0DE9WPO0,0,Q176165
0DE9WPO0,1,Q4830453
0D4OERRB,0,Q185187
0D4OERRB,1,Q56557118
0D3DVCVY,0,Q1114461
0DA1WOUR,0,Q262166
0DD0Y2KN,0,Q478174
0DD0Y2KN,1,Q5
0DAQB4CK,0,Q509686
0DRJ5ZQ6,0,Q631305
0DRJ5ZQ6,1,Q852190
0DSXN682,0,Q721747
0D7A895U,0,Q759421
0D7A895U,1,Q3679744
0D1RWIMB,0,Q811979
0D8TPEJV,0,Q893394
0D5AAFXK,0,Q928830
0DQC7W2Q,0,Q1032264
0DQC7W2Q,1,Q57733494
0DDWW93C,0,Q1348589
0DDWW93C,1,Q5
0DDWW93C,2,Q2537
0DR53O33,0,Q1362543
0DUORLQQ,0,Q1303735
0DHGVYFQ,0,Q1318295
0DHGVYFQ,1,Q5
0DHGVYFQ,2,Q59755569
0DLAPU4O,0,Q1321960
0D6I8DCF,0,Q1516079
0DJ96B9Q,0,Q1553482
0DJ3QKG2,0,Q2072238
0DSO2AE1,0,Q2267870
0DL2Q6I5,0,Q2300373
0DL2Q6I5,2,Q13442814
0DDRAXGP,0,Q2442401
0DJ3NQHK,0,Q2775236
0D03T8F7,0,Q4162444
0D2ENSHP,0,Q3895768
0CXTIQOU,0,Q4367464
0DJ5RZLL,0,Q4671329
0D3MHGX2,0,Q5283531
0D7C1A24,0,Q6382533
0DJZP5E7,0,Q10358588
0DJZP5E7,1,Q37726
0DTEYOFS,0,Q11879590
0DP9897P,0,Q15633582
0DT7D1IN,0,Q18325436
0DLJKZO1,0,Q27951514
0D1ZEOSI,0,Q28140340
0D0GKHTG,0,Q27020779
0D0GKHTG,1,Q30227593
0D0GKHTG,2,Q27020779
0DCHPDB9,0,Q45897039
0DCHPDB9,1,Q45897039
0DFL9P6V,0,Q39715
0DPF5H1T,0,Q133067
0DCY1RXC,0,Q667509
0DH5JRE8,0,Q550394
0DTU19WY,0,Q1344963
0DH7RGSD,0,Q1229765
0D9LPIE1,0,Q1325627
0DFEVUI7,0,Q2463705
0DEYOC7M,0,Q11670533
0DV6C36Q,0,Q19723451
0DBLD0M4,0,Q19886676
0DQ6OTC1,0,Q23005603
0DL0BW60,0,Q61089180
0DUIXXKM,0,Q72704237
0D2XQDQU,0,Q43229
0CYHHBTF,0,Q2488
0CYCQ67G,0,Q131681
0D5COVM8,0,Q133346
0DQ95JCS,0,Q152450
0DKCYGPC,0,Q314024
0D9BVOK3,0,Q691269
0DDAADP8,0,Q697196
0D0JRBCR,0,Q845945
0DK5M9NK,0,Q1134686
0DL7YEQO,0,Q1153408
0D85V9OD,0,Q3192808
0D60AMW8,0,Q3559024
0D9H9C6X,0,Q17431399
0DQR9C7N,0,Q17518557
0D2ZE2Z2,0,Q15830667
0DCCG3GQ,0,Q17205774
0DL8A6PE,0,Q20081524
0DA525KV,0,Q1327701
0DBCG9M7,0,Q61089180
0DF9RO8H,0,Q63084210
0DEONQ9D,0,Q66619666
0DFHI3XT,0,Q71965638
0E86YRS2,0,Q7997
0EAYFM2S,0,Q3863
0EAYFM2S,1,Q1750705
0ESOLJ2R,0,Q7397
0EIEQKCY,0,Q16334295
0EIEQKCY,1,Q1288568
0ELIURJX,0,Q33506
0E84SSFB,0,Q44782
0E84SSFB,1,Q3624078
0DZ4C6B5,0,Q47053
0ER3TR7E,0,Q57058
0ERSL7CX,0,Q79218
0ENDEFZN,0,Q104843
0ENDEFZN,2,Q559026
0ENDEFZN,3,Q4508
0EDMLR2W,0,Q184348
0EFH8HQ3,0,Q483247
0DWRNE6D,0,Q549767
0DWRNE6D,4,Q11344
0E7339S3,0,Q799377
0E7339S3,1,Q799377
0E7339S3,2,Q799377
0E7339S3,4,Q212198
0EM4OGAA,0,Q878367
0E78RI0W,0,Q935429
0E78RI0W,1,Q7339484
0E78RI0W,2,Q5
0EF3KOP4,0,Q1160573
0EF3KOP4,1,Q21601419
0E1P43K3,0,Q1190554
0EJMVFT6,0,Q1241568
0EBBIXPB,0,Q1254933
0EBBIXPB,1,Q5
0EALI29X,0,Q1261214
0EOG2SDT,0,Q1332364
0EOG2SDT,3,Q4502142
0ECCVD24,0,Q2188189
0E65EIUJ,0,Q2614970
0E65EIUJ,1,Q240601
0EDO8ZRD,0,Q2668072
0E9UXWPD,0,Q3529419
0ERQQ87U,0,Q3917681
0ERQQ87U,2,Q20901295
0ERQQ87U,3,Q3917681
0ERQQ87U,4,Q3624078
0EGCHNR7,0,Q6784672
0EGCHNR7,1,Q2264478
0EF84PKN,0,Q4380246
0EF84PKN,1,Q3257686
0EF84PKN,3,Q13442814
0EF84PKN,4,Q16510064
0ERSR2ES,0,Q5155053
0EPWNXNL,0,Q5155053
0E9YNYGZ,0,Q5283531
0ECKSIH8,0,Q7379880
0ECKSIH8,1,Q5
0EFBKGDR,0,Q10876320
0EFBKGDR,1,Q212198
0EFBKGDR,4,Q10876320
0EHCAYU4,0,Q12225020
0E0MFQ8J,0,Q12292478
0ES1A50Z,0,Q95074
0E102095,0,Q17317604
0E102095,2,Q721067
0EJFQQI4,0,Q20643955
0EKE19YB,0,Q20650761
0EQ8B07S,0,Q24862
0EQTBOGF,0,Q63099748
0EQTBOGF,2,Q30634609
0ECKZ0RW,0,Q30612
0EPTEK1Q,0,Q34442
0EIZPKTM,0,Q170173
0EEJCA2V,0,Q488053
0EQ9EK2R,0,Q591942
0ENQY1TB,0,Q878367
0EC2U4J8,0,Q956318
0EA27WB3,0,Q1036344
0EJJ4ZG9,0,Q1353952
0E0MEL5G,0,Q1493194
0E49XT44,0,Q1707610
0ENY8WNQ,0,Q2154519
0EMHFELM,0,Q3936950
0EBE8W0I,0,Q10451997
0E8HWXGX,0,Q30304302
0EE7GI8S,0,Q25930493
0EJ4T8E2,0,Q81064299
0E1OKNDE,0,Q523
0EH8JWCR,0,Q25391
0EQ2GN7A,0,Q44559
0ECJPJ6U,0,Q48498
0E76NKB1,0,Q70208
0ECPFKXG,0,Q83620
0ES592PU,0,Q203958
0E39EGHE,0,Q429088
0EMBOCTY,0,Q618198
0EI3Y216,0,Q622425
0EKA2EZH,0,Q1190172
0EJSZB76,0,Q1529096
0E1R0Y23,0,Q5633421
0EN3PMZU,0,Q10854310
0E803PD8,0,Q17205621
0EQOJAK1,0,Q24862
0E65571C,0,Q76154857
0FMX1288,0,Q11424
0FLQA0LF,0,Q11424
0FLQA0LF,1,Q5
0FJN4JL9,0,Q15276
0FKKNDOD,0,Q35456
0FFQOYU1,0,Q39614
0FFQOYU1,1,Q32880
0FKCKZ6L,0,Q55491
0FE4W7HT,0,Q170321
0FA7OHA9,0,Q178790
0FA7OHA9,1,Q1549591
0F1F3FVI,0,Q186347
0F1F3FVI,1,Q56557504
0FCBN071,0,Q251092
0FCBN071,1,Q1194340
0FCBN071,2,Q251092
0F4Y9V4J,0,Q337807
0F4Y9V4J,1,Q3679744
0F4Y9V4J,4,Q327333
0F19F19K,0,Q644507
0FBV0GVD,0,Q494829
0FOL6UAJ,0,Q625082
0FOL6UAJ,1,Q11514315
0F1I9ZDZ,0,Q742421
0F72PL7Q,0,Q785745
0FD9838J,0,Q847017
0F820D6A,0,Q1378975
0FFPKUT4,0,Q1792372
0FJSK692,0,Q1799072
0F3C9TED,0,Q2864737
0FGCKNP7,0,Q2514025
0F5LVFMK,0,Q3117735
0FC7IX8P,0,Q28020127
0FC7IX8P,2,Q5
0FBKG2R9,0,Q6063204
0FFPK88R,0,Q10648343
0F7IE0P0,0,Q13393265
0FEU89NI,0,Q11862829
0F662AOH,0,Q456876
0EZPU7HZ,0,Q17143723
0EZPU7HZ,1,Q5
0FDPS5JQ,0,Q18218093
0FDPS5JQ,1,Q101352
0F6OSY7O,0,Q29414133
0F6OSY7O,1,Q29385978
0F3HRY56,0,Q43099869
0F3HRY56,1,Q805233
0FIU8LIB,0,Q64138263
0FM3MLSZ,0,Q58840819
0FM3MLSZ,1,Q431289
0F91QIS8,0,Q80096233
0F91QIS8,1,Q3624078
0F8ZFMYW,0,Q11446
0FM0HXMF,0,Q55488
0FE7PP5N,0,Q187971
0FKVQ8O1,0,Q532
0F9UKA41,0,Q561431
0FD5D4T0,0,Q691269
0F4MT7KK,0,Q797219
0FNZJ0L7,0,Q1410668
0F1NRWUX,0,Q1210950
0FMCFFOY,0,Q2992826
0FMRYRK1,0,Q11774149
0FEX2YUR,0,Q17205774
0F5SXY6M,0,Q21672098
0FNY1LF6,0,Q523
0F97R405,0,Q5864
0FEYOPWK,0,Q11276
0F6JH1FW,0,Q11173
0FEBVNHX,0,Q83373
0F5MFEIF,0,Q93184
0FBHQY37,0,Q93184
0FKLUBPX,0,Q168845
0FEW8O4D,0,Q174782
0FKXKJZ7,0,Q585956
0FDUE3TK,0,Q728904
0FFUSHRV,0,Q902814
0FGZ8ITQ,0,Q1426271
0FKQZN15,0,Q2074737
0F6BM0BT,0,Q5926864
0F7TVIWP,0,Q23013246
0FCSFM5K,0,Q72802977
0G69YU10,0,Q16521
0G69YU10,1,Q1470762
0GINAJJG,0,Q30612
0G9D483X,0,Q33506
0G7JN06N,0,Q39594
0G7JN06N,1,Q3024240
0G7JN06N,2,Q4022
0FWKHAH6,0,Q14406742
0GHBPNWO,0,Q169336
0G4VVXOD,0,Q56061
0GF9B2AZ,0,Q192611
0G7R0V2Q,0,Q355567
0G8EJ5O1,0,Q262166
0G0AM3Z8,0,Q591041
0GBVEPR5,0,Q272447
0GBVEPR5,3,Q8928
0GFU8DBY,0,Q456876
0G50HU95,0,Q628179
0G4IEWIB,0,Q718893
0G56MVKM,0,Q891723
0GLW6OY8,0,Q1202091
0GLW6OY8,1,Q30227593
0GHWX8B6,0,Q1616075
0GKLQIDR,0,Q1802801
0G71R58Y,0,Q1872284
0G71R58Y,1,Q1872284
0G71R58Y,2,Q17272482
0FSP60O7,0,Q1899015
0FSP60O7,1,Q13433827
0G0UQKBS,0,Q2006279
0GCWQR8Q,0,Q2354973
0G425IFH,0,Q3257686
0G7F8BES,0,Q358
0G8Q1Z6G,0,Q532
0G8Q1Z6G,1,Q12139612
0GJWAPWY,0,Q12225020
0GJWAPWY,1,Q331130
0GFZ9T81,0,Q15127012
0FVUDR3E,0,Q18918145
0G45ASM7,0,Q19860854
0G45ASM7,2,Q32880
0GL2QTRA,0,Q482994
0GCZZQAI,0,Q23866334
0GCZZQAI,1,Q71310524
0GCZZQAI,2,Q23866334
0GE0RX3G,0,Q26703203
0GE0RX3G,1,Q35034452
0GHGO8RJ,0,Q65661087
0G3R8QEL,0,Q73502689
0G3R8QEL,1,Q1004
0G3R8QEL,2,Q13442814
0FZ6MEG7,0,Q217012
0FVFUHXV,0,Q318
0G1NQRP7,0,Q477795
0G6LTQR2,0,Q549792
0GJVX3SR,0,Q595452
0G1OM9KP,0,Q878130
0G1JQEW2,0,Q917146
0FUKO1QB,0,Q1070990
0GGJIZWX,0,Q1366722
0G8SCWGN,0,Q1190554
0G198MK0,0,Q1325627
0G7X7JFH,0,Q1491746
0GIQYMP9,0,Q1500352
0G63I72X,0,Q2265915
0GJ22PYZ,0,Q3631092
0GD7PDJ9,0,Q16748868
0FVYIQ29,0,Q20538317
0G0QUOO8,0,Q22674925
0G5VY2FN,0,Q486972
0FT7CVDN,0,Q11173
0GAKHOUS,0,Q63440326
0G3I6LR5,0,Q5098
0GI1PPXP,0,Q207628
0GEOB2SP,0,Q532
0G5Z6VTY,0,Q93184
0GBD095F,0,Q207436
0GLWB3BE,0,Q751708
0G2B0JVX,0,Q836976
0FYE49F8,0,Q1362543
0GDYXXFN,0,Q1371562
0FXLKYMP,0,Q3464665
0GEXIRXY,0,Q7814330
0FT0IVDX,0,Q13414755
0G4CXBTU,0,Q35989030
0H1X9VSI,0,Q7397
0GQAOCY6,0,Q699
0GQAOCY6,2,Q5
0H25QU60,0,Q482
0H25QU60,1,Q5
0HBA1FHP,0,Q9842
0HBA1FHP,1,Q3146899
0GY15EY4,0,Q44539
0GZCQZFU,0,Q158454
0HB9590Y,0,Q184613
0HB9590Y,1,Q4830453
0GUIAFQ3,0,Q231685
0GSQQHLW,0,Q274393
0GWUSA8S,0,Q2065736
0HAGINV3,0,Q328468
0HCLVDYD,0,Q559618
0HCLVDYD,2,Q5
0HDZRTTP,0,Q1036344
0H1XG0J6,0,Q1363599
0GWOGKS7,0,Q1366722
0HAC3G2Q,0,Q1149652
0H8RQUXC,0,Q1152708
0H8RQUXC,1,Q22936940
0H8RQUXC,2,Q13442814
0H5MVS4F,0,Q1457747
0H1FIYDQ,0,Q1555508
0H1FIYDQ,1,Q13442814
0H1Z4ZZU,0,Q1812109
0H1Z4ZZU,2,Q2312410
0H8FRSPL,0,Q2100967
0H8FRSPL,4,Q3624078
0HDOYRIA,0,Q2342494
0GVM3T88,0,Q2380836
0HCSZVU6,0,Q2463705
0H6Q30O8,0,Q3117735
0H6Q30O8,1,Q1422653
0GYWWCGG,0,Q5356185
0GX1MC9N,0,Q5783996
0HC0AJWC,0,Q11879590
0GP57YK4,0,Q18247357
0GXYXMO2,0,Q20638319
0GXYXMO2,1,Q5
0HDTDXTR,0,Q22074483
0GS0IKN7,0,Q22231118
0GS0IKN7,1,Q5
0HEF54C1,0,Q47345468
0GXNIT4P,0,Q47481352
0H8N4T3L,0,Q57314035
0H8N4T3L,1,Q3624078
0H0SM8A0,0,Q11424
0GXONLT3,0,Q26529
0H0BEN7T,0,Q26529
0HDWETS2,0,Q39614
0HA8PE36,0,Q716
0H3BQYSJ,0,Q318
0HDPGNEC,0,Q744913
0H8GA7JE,0,Q2775236
0GVC4Q7P,0,Q3240715
0HBRQIOR,0,Q10870555
0H2GP2MW,0,Q12225020
0GVNDK9J,0,Q22231108
0H1I0EHA,0,Q37908868
0H0JF1UA,0,Q64138263
0H3E4UK2,0,Q71965429
0H0NLH9G,0,Q4022
0H0XF2FN,0,Q523
0GOO77NY,0,Q47521
0GX7PBDW,0,Q62447
0HB9VYW0,0,Q193842
0H293SI1,0,Q637866
0HA03HKU,0,Q898771
0GSFEQQK,0,Q1344963
0HDV4919,0,Q1640824
0GYR6ZKW,0,Q1907114
0HBFCB34,0,Q2348250
0H1B4U8I,0,Q12063697
0GXDTJIE,0,Q17198545
0GUT1LYJ,0,Q18611609
0H39WLSQ,0,Q5398426
0HAL0VKY,0,Q63084210
0HQV39B1,0,Q115518
0I92XJVQ,0,Q32815
0HX4CLIA,0,Q2488
0HX4CLIA,2,Q8928
0HPQMWGD,0,Q9415
0HPQMWGD,1,Q3328821
0HQZAWWY,0,Q101352
0HQZAWWY,1,Q101352
0HS5J1HT,0,Q133056
0HUWK9E2,0,Q155271
0HUTBQYD,0,Q334453
0HUTBQYD,2,Q6881511
0HSZHXUW,0,Q645883
0I6SXBFS,0,Q56750657
0I6SXBFS,1,Q11514315
0I50J316,0,Q549792
0HOH0AU1,0,Q631305
0HOH0AU1,1,Q13442814
0I4E1LSZ,0,Q634099
0I4E1LSZ,3,Q13442814
0HX3KM22,0,Q523
0HPXU2PD,0,Q1038
0I6J4AVH,0,Q1473346
0I4MU1G3,0,Q249389
0HN9PBSR,0,Q2519340
0HYX5AKZ,0,Q2555896
0HYX5AKZ,1,Q2555896
0I57LMI3,0,Q3305213
0I57LMI3,1,Q5
0HTPDQKX,0,Q3002150
0HOVW3WY,0,Q3199915
0I1F8C5M,0,Q3914
0I8UYU23,0,Q14645593
0HY9AUF8,0,Q15069452
0HYODG60,0,Q17205774
0HT9JTLB,0,Q15911314
0HLLJAVW,0,Q15911738
0I7S28X4,0,Q27921916
0I7S28X4,1,Q559618
0I7VTILQ,0,Q22996476
0HSDQNX5,0,Q27020779
0HSDQNX5,1,Q349
0HQZWT4D,0,Q56676227
0HQZWT4D,2,Q174219
0I83LRIT,0,Q47018901
0HQ763SD,0,Q55774719
0HYFKEEK,0,Q65661087
0HYFKEEK,1,Q15071808
0HR7O4OU,0,Q6251
0HRV8MD4,0,Q2488
0I088BZ4,0,Q221221
0HSXN0ZX,0,Q726242
0HFTJ6KJ,0,Q6881511
0HWD2JBC,0,Q845169
0HTHT2TM,0,Q486972
0HXZTUCV,0,Q1496967
0HWMMSK7,0,Q3199141
0I3OQIWC,0,Q7321258
0HIZ3VY4,0,Q18761864
0HHSLW4H,0,Q23012917
0I84LK45,0,Q54231557
0HQ2IW47,0,Q72534536
0I9PN9HR,0,Q72704237
0HK8RM0H,0,Q188913
0HO8NPEM,0,Q244264
0I9QD02I,0,Q682944
0HKANPCU,0,Q1138671
0HW8D8C0,0,Q1352333
0HKUAWJR,0,Q1372202
0I7BQ2C9,0,Q1195098
0HY2VR14,0,Q1457376
0I8T7RDY,0,Q15141632
0I31XXSN,0,Q26213387
0I9A7629,0,Q71798788
