5935A0L7,0,1,http://dbpedia.org/ontology/team
41IBLJH7,0,5,http://dbpedia.org/ontology/wikiPageDisambiguates
ID25OWF7,0,2,http://dbpedia.org/ontology/debutTeam
0W10LBT3,0,1,http://dbpedia.org/ontology/subdivision
QIMQODPX,0,1,http://dbpedia.org/ontology/capital
QIMQODPX,0,2,http://dbpedia.org/ontology/capital
QIMQODPX,0,3,http://dbpedia.org/ontology/capital
874FRHOC,0,1,http://dbpedia.org/ontology/capital
874FRHOC,0,2,http://dbpedia.org/ontology/capital
874FRHOC,0,3,http://dbpedia.org/ontology/capital
YSXPNNGH,0,1,http://dbpedia.org/ontology/subdivision
MYX444NL,0,3,http://dbpedia.org/property/locationCountry
MZSGIPPS,1,3,http://dbpedia.org/ontology/industry
E9VIFTTD,0,1,http://dbpedia.org/property/tradename
E9VIFTTD,0,3,http://dbpedia.org/property/routesOfAdministration
15Z8VMUH,0,2,http://dbpedia.org/property/team
15Z8VMUH,0,3,http://dbpedia.org/ontology/position
PK0QTL3Q,0,1,http://dbpedia.org/ontology/team
U6HC36KO,0,2,http://dbpedia.org/ontology/birthPlace
U6HC36KO,0,3,http://dbpedia.org/ontology/birthPlace
U6HC36KO,0,4,http://dbpedia.org/ontology/birthPlace
XFGCAQVK,0,1,http://dbpedia.org/property/tradename
XFGCAQVK,0,3,http://dbpedia.org/property/routesOfAdministration
N9J2QP89,1,2,http://dbpedia.org/ontology/country
XLL4ZKLO,0,1,http://dbpedia.org/property/tradename
XLL4ZKLO,0,3,http://dbpedia.org/property/routesOfAdministration
7E8G8JDP,0,4,http://dbpedia.org/property/routesOfAdministration
EUC1HH5L,0,1,http://dbpedia.org/ontology/officialLanguage
EUC1HH5L,0,5,http://dbpedia.org/ontology/capital
EUC1HH5L,0,7,http://dbpedia.org/ontology/currency
TVHHPBMY,0,1,http://dbpedia.org/property/tradename
TVHHPBMY,0,3,http://dbpedia.org/property/routesOfAdministration
4N89QKNS,0,1,http://dbpedia.org/ontology/capital
4N89QKNS,0,2,http://dbpedia.org/ontology/capital
9MX2X18H,0,2,http://dbpedia.org/ontology/predecessor
9MX2X18H,0,3,http://dbpedia.org/ontology/successor
3XLRFCD6,0,1,http://dbpedia.org/ontology/hometown
3XLRFCD6,0,4,http://dbpedia.org/ontology/genre
CJWTL9TQ,0,1,http://dbpedia.org/ontology/birthPlace
CJWTL9TQ,0,2,http://dbpedia.org/ontology/birthPlace
W3ZP08J3,1,2,http://dbpedia.org/property/locationCountry
CWI64CIY,1,2,http://dbpedia.org/property/locationCountry
OM5IGQPK,0,1,http://dbpedia.org/property/text
OM5IGQPK,0,2,http://dbpedia.org/ontology/capital
FEL6246H,0,1,http://dbpedia.org/property/tradename
FEL6246H,0,3,http://dbpedia.org/property/routesOfAdministration
AXEQBNHL,0,1,http://dbpedia.org/ontology/manager
AXEQBNHL,0,2,http://dbpedia.org/property/name
AXEQBNHL,0,4,http://dbpedia.org/ontology/owner
832EJX5T,0,1,http://dbpedia.org/ontology/subdivision
I9NB74X2,0,1,http://dbpedia.org/property/leaderName
I9NB74X2,0,4,http://dbpedia.org/property/establishedEvent
I9NB74X2,0,6,http://dbpedia.org/property/leaderName
CSLQC3C5,0,4,http://dbpedia.org/ontology/genre
CWBFUK9E,0,2,http://dbpedia.org/ontology/debutTeam
DBDW2PCN,0,1,http://dbpedia.org/property/base
DBDW2PCN,0,2,http://dbpedia.org/property/caption
JJA26YFP,0,4,http://dbpedia.org/ontology/genre
253J2D54,0,3,http://dbpedia.org/ontology/nearestCity
253J2D54,0,4,http://dbpedia.org/ontology/location
5LXO6QJI,0,1,http://dbpedia.org/property/leaderName
5LXO6QJI,0,4,http://dbpedia.org/property/establishedEvent
5LXO6QJI,0,5,http://dbpedia.org/property/governmentType
5LXO6QJI,0,6,http://dbpedia.org/property/leaderName
7SRCBPLJ,0,2,http://dbpedia.org/property/team
7SRCBPLJ,0,3,http://dbpedia.org/ontology/position
NF7C3DD0,0,1,http://dbpedia.org/property/ideology
82N2ATQY,0,2,http://dbpedia.org/ontology/predecessor
82N2ATQY,0,3,http://dbpedia.org/ontology/successor
OQW9JA2M,0,1,http://dbpedia.org/ontology/birthPlace
OQW9JA2M,0,2,http://dbpedia.org/ontology/birthPlace
RO8BNP84,1,2,http://dbpedia.org/ontology/genre
RO8BNP84,1,3,http://dbpedia.org/ontology/computingPlatform
RO8BNP84,1,4,http://dbpedia.org/ontology/developer
VDZ4X1ZH,1,2,http://dbpedia.org/ontology/genre
VDZ4X1ZH,1,3,http://dbpedia.org/ontology/computingPlatform
VDZ4X1ZH,1,4,http://dbpedia.org/ontology/developer
L58KXO9T,0,1,http://dbpedia.org/ontology/birthPlace
L58KXO9T,0,2,http://dbpedia.org/ontology/birthPlace
TTQLGZUI,0,1,http://dbpedia.org/property/tradename
TTQLGZUI,0,3,http://dbpedia.org/property/routesOfAdministration
3IFHV1XG,1,2,http://dbpedia.org/ontology/country
GSES6M03,0,1,http://dbpedia.org/ontology/ground
GSES6M03,0,2,http://dbpedia.org/ontology/ground
SG65KXVF,0,2,http://dbpedia.org/property/tradename
SG65KXVF,0,4,http://dbpedia.org/property/routesOfAdministration
F8KRD5EQ,0,1,http://dbpedia.org/ontology/largestCity
NZ1UDBFW,0,1,http://dbpedia.org/property/text
NZ1UDBFW,0,2,http://dbpedia.org/ontology/capital
K2VMWWYZ,1,2,http://dbpedia.org/ontology/country
1T2TALA7,0,5,http://dbpedia.org/ontology/wikiPageDisambiguates
RIXA11DP,0,2,http://dbpedia.org/ontology/location
RIXA11DP,0,3,http://dbpedia.org/ontology/location
QPGB7R3O,0,1,http://dbpedia.org/property/base
QPGB7R3O,0,2,http://dbpedia.org/property/caption
1V2ISQP4,0,1,http://dbpedia.org/ontology/manager
1V2ISQP4,0,2,http://dbpedia.org/property/name
1V2ISQP4,0,4,http://dbpedia.org/property/owner
4QXXVA2I,0,1,http://dbpedia.org/ontology/birthPlace
4QXXVA2I,0,2,http://dbpedia.org/ontology/birthPlace
ASIFPWIO,0,1,http://dbpedia.org/ontology/team
X4W6XLPU,0,3,http://dbpedia.org/ontology/country
EK3ZEZQA,0,1,http://dbpedia.org/property/products
EK3ZEZQA,0,5,http://dbpedia.org/ontology/country
YKL1CQ99,0,1,http://dbpedia.org/ontology/birthPlace
YKL1CQ99,0,2,http://dbpedia.org/ontology/birthPlace
0PDW5PY6,1,2,http://dbpedia.org/property/location
0PDW5PY6,1,3,http://dbpedia.org/ontology/product
KTAKPUXQ,0,1,http://dbpedia.org/ontology/subdivision
FNKOMV2X,0,1,http://dbpedia.org/ontology/birthPlace
D14VE92M,0,1,http://dbpedia.org/ontology/product
55J2O7S3,1,2,http://dbpedia.org/ontology/city
7LN23Y30,0,5,http://dbpedia.org/ontology/wikiPageDisambiguates
4IVSOLML,0,1,http://dbpedia.org/property/foundation
4IVSOLML,0,4,http://dbpedia.org/ontology/genre
8B25SQ8C,0,1,http://dbpedia.org/property/manager
8B25SQ8C,0,2,http://dbpedia.org/property/name
8B25SQ8C,0,4,http://dbpedia.org/property/owner
AKHEJLA0,0,1,http://dbpedia.org/ontology/anthem
AKHEJLA0,0,2,http://dbpedia.org/ontology/anthem
AKHEJLA0,0,4,http://dbpedia.org/property/leaderName
AKHEJLA0,0,5,http://dbpedia.org/property/leader
0LZJJEGE,0,3,http://dbpedia.org/ontology/location
MVXPJ4HN,1,2,http://dbpedia.org/property/hqLocationCountry
MVXPJ4HN,1,3,http://dbpedia.org/ontology/product
ROYR6CCV,0,5,http://dbpedia.org/property/governmentType
FL0UKEYZ,0,1,http://dbpedia.org/ontology/subdivision
OS9XTOGN,0,1,http://dbpedia.org/property/tradename
OS9XTOGN,0,3,http://dbpedia.org/property/routesOfAdministration
XID4N1U3,0,1,http://dbpedia.org/property/ground
XID4N1U3,0,2,http://dbpedia.org/property/stadium
0S0R2SDS,0,1,http://dbpedia.org/ontology/subdivision
DHYLURTP,0,1,http://dbpedia.org/property/leaderName
DHYLURTP,0,4,http://dbpedia.org/property/establishedEvent
DHYLURTP,0,5,http://dbpedia.org/property/governmentType
DHYLURTP,0,6,http://dbpedia.org/property/leaderName
Y08P0FOD,0,2,http://dbpedia.org/ontology/location
Y08P0FOD,0,3,http://dbpedia.org/ontology/location
XAJI0Y6D,1,2,http://dbpedia.org/ontology/country
ZHWJR64D,0,2,http://dbpedia.org/ontology/recordLabel
ZHWJR64D,0,3,http://dbpedia.org/ontology/associatedBand
DZR1YXR2,1,2,http://dbpedia.org/ontology/city
HV3A3ZMF,0,1,http://dbpedia.org/ontology/anthem
HV3A3ZMF,0,2,http://dbpedia.org/ontology/anthem
HV3A3ZMF,0,4,http://dbpedia.org/property/leaderName
HV3A3ZMF,0,5,http://dbpedia.org/property/leader
I3QK2IAG,0,1,http://dbpedia.org/ontology/hometown
I3QK2IAG,0,4,http://dbpedia.org/ontology/genre
EAL2W37D,1,3,http://dbpedia.org/ontology/industry
RDMLY4LY,0,3,http://dbpedia.org/property/west
RDMLY4LY,0,5,http://dbpedia.org/ontology/country
5IQVNB4G,0,1,http://dbpedia.org/ontology/officialLanguage
5IQVNB4G,0,5,http://dbpedia.org/ontology/capital
5IQVNB4G,0,7,http://dbpedia.org/property/currency
A7TZ0YNC,0,3,http://dbpedia.org/ontology/location
UJV6OH9S,0,1,http://dbpedia.org/ontology/birthPlace
UJV6OH9S,0,2,http://dbpedia.org/ontology/birthPlace
IR4COWGZ,0,1,http://dbpedia.org/property/tradename
IR4COWGZ,0,3,http://dbpedia.org/property/routesOfAdministration
53LC58DR,0,1,http://dbpedia.org/ontology/capital
53LC58DR,0,3,http://dbpedia.org/ontology/largestCity
