0DK0GET8,0,http://dbpedia.org/ontology/Person
0DK0GET8,1,http://dbpedia.org/ontology/Organisation
0DK0GET8,2,http://dbpedia.org/ontology/Person
0LZJJEGE,0,http://dbpedia.org/ontology/Organisation
0LZJJEGE,3,http://dbpedia.org/ontology/Country
0PDW5PY6,1,http://dbpedia.org/ontology/Company
0PDW5PY6,2,http://dbpedia.org/ontology/Place
0PDW5PY6,3,http://dbpedia.org/ontology/PersonFunction
0S0R2SDS,0,http://dbpedia.org/ontology/Settlement
0S0R2SDS,1,http://dbpedia.org/ontology/Place
0W10LBT3,0,http://dbpedia.org/ontology/Place
0W10LBT3,1,http://dbpedia.org/ontology/Place
15Z8VMUH,0,http://dbpedia.org/ontology/Athlete
15Z8VMUH,2,http://dbpedia.org/ontology/Organisation
15Z8VMUH,3,http://dbpedia.org/ontology/PersonFunction
1SWJCKJL,0,http://dbpedia.org/ontology/Place
1SWJCKJL,1,http://dbpedia.org/ontology/Lake
1T2TALA7,0,http://dbpedia.org/ontology/Year
1T2TALA7,2,http://dbpedia.org/ontology/Person
1T2TALA7,4,http://dbpedia.org/ontology/PoliticalParty
1T2TALA7,5,http://dbpedia.org/ontology/Year
1T2TALA7,6,http://dbpedia.org/ontology/Person
1V2ISQP4,0,http://dbpedia.org/ontology/Organisation
1V2ISQP4,1,http://dbpedia.org/ontology/Person
1V2ISQP4,2,http://dbpedia.org/ontology/Person
1V2ISQP4,3,http://dbpedia.org/ontology/Organisation
1V2ISQP4,4,http://dbpedia.org/ontology/Organisation
1V2ISQP4,5,http://dbpedia.org/ontology/Organisation
253J2D54,0,http://dbpedia.org/ontology/Place
253J2D54,3,http://dbpedia.org/ontology/Settlement
253J2D54,4,http://dbpedia.org/ontology/AdministrativeRegion
3IFHV1XG,1,http://dbpedia.org/ontology/Place
3IFHV1XG,2,http://dbpedia.org/ontology/Place
3XLRFCD6,0,http://dbpedia.org/ontology/Band
3XLRFCD6,1,http://dbpedia.org/ontology/Country
3XLRFCD6,4,http://dbpedia.org/ontology/MusicGenre
41IBLJH7,0,http://dbpedia.org/ontology/Year
41IBLJH7,2,http://dbpedia.org/ontology/Person
41IBLJH7,4,http://dbpedia.org/ontology/PoliticalParty
41IBLJH7,5,http://dbpedia.org/ontology/Year
41IBLJH7,6,http://dbpedia.org/ontology/Person
45BM1ENF,0,http://dbpedia.org/ontology/PoliticalParty
4IVSOLML,0,http://dbpedia.org/ontology/Organisation
4IVSOLML,1,http://dbpedia.org/ontology/Country
4IVSOLML,4,http://dbpedia.org/ontology/MusicGenre
4N89QKNS,0,http://dbpedia.org/ontology/Place
4N89QKNS,1,http://dbpedia.org/ontology/Settlement
4N89QKNS,2,http://dbpedia.org/ontology/Settlement
53LC58DR,0,http://dbpedia.org/ontology/Place
53LC58DR,1,http://dbpedia.org/ontology/Place
53LC58DR,3,http://dbpedia.org/ontology/Settlement
55J2O7S3,1,http://dbpedia.org/ontology/Airport
55J2O7S3,2,http://dbpedia.org/ontology/Place
5935A0L7,0,http://dbpedia.org/ontology/Person
5935A0L7,1,http://dbpedia.org/ontology/Organisation
5935A0L7,2,http://dbpedia.org/ontology/Place
5IQVNB4G,0,http://dbpedia.org/ontology/Place
5IQVNB4G,1,http://dbpedia.org/ontology/Language
5IQVNB4G,5,http://dbpedia.org/ontology/Place
5IQVNB4G,7,http://dbpedia.org/ontology/Currency
5LXO6QJI,0,http://dbpedia.org/ontology/Place
5LXO6QJI,1,http://dbpedia.org/ontology/Person
5LXO6QJI,4,http://dbpedia.org/ontology/Place
5LXO6QJI,6,http://dbpedia.org/ontology/Person
7E8G8JDP,0,http://dbpedia.org/ontology/ChemicalSubstance
7E8G8JDP,1,http://dbpedia.org/ontology/ChemicalSubstance
7E8G8JDP,2,http://dbpedia.org/ontology/ChemicalSubstance
7E8G8JDP,4,http://dbpedia.org/ontology/Beverage
7LN23Y30,0,http://dbpedia.org/ontology/Year
7LN23Y30,2,http://dbpedia.org/ontology/Person
7LN23Y30,4,http://dbpedia.org/ontology/PoliticalParty
7LN23Y30,5,http://dbpedia.org/ontology/Year
7LN23Y30,6,http://dbpedia.org/ontology/Person
7SRCBPLJ,0,http://dbpedia.org/ontology/Athlete
7SRCBPLJ,2,http://dbpedia.org/ontology/Organisation
7SRCBPLJ,3,http://dbpedia.org/ontology/PersonFunction
82N2ATQY,0,http://dbpedia.org/ontology/Person
82N2ATQY,2,http://dbpedia.org/ontology/Person
82N2ATQY,3,http://dbpedia.org/ontology/Person
832EJX5T,0,http://dbpedia.org/ontology/Place
832EJX5T,1,http://dbpedia.org/ontology/Place
832EJX5T,2,http://dbpedia.org/ontology/ArchitecturalStructure
874FRHOC,0,http://dbpedia.org/ontology/Country
874FRHOC,1,http://dbpedia.org/ontology/Settlement
874FRHOC,2,http://dbpedia.org/ontology/PopulatedPlace
874FRHOC,3,http://dbpedia.org/ontology/Settlement
8B25SQ8C,0,http://dbpedia.org/ontology/Organisation
8B25SQ8C,1,http://dbpedia.org/ontology/Person
8B25SQ8C,2,http://dbpedia.org/ontology/Person
8B25SQ8C,3,http://dbpedia.org/ontology/Organisation
8B25SQ8C,4,http://dbpedia.org/ontology/Organisation
8B25SQ8C,5,http://dbpedia.org/ontology/Organisation
8RIEC4D1,0,http://dbpedia.org/ontology/Person
9MX2X18H,0,http://dbpedia.org/ontology/Person
9MX2X18H,2,http://dbpedia.org/ontology/Person
9MX2X18H,3,http://dbpedia.org/ontology/Person
A7TZ0YNC,0,http://dbpedia.org/ontology/Organisation
A7TZ0YNC,3,http://dbpedia.org/ontology/Country
AFEYUHZ1,0,http://dbpedia.org/ontology/Place
AKHEJLA0,0,http://dbpedia.org/ontology/Country
AKHEJLA0,1,http://dbpedia.org/ontology/MusicalWork
AKHEJLA0,2,http://dbpedia.org/ontology/MusicalWork
AKHEJLA0,4,http://dbpedia.org/ontology/Person
AKHEJLA0,5,http://dbpedia.org/ontology/Person
ASIFPWIO,0,http://dbpedia.org/ontology/Person
ASIFPWIO,1,http://dbpedia.org/ontology/Organisation
AXEQBNHL,0,http://dbpedia.org/ontology/Organisation
AXEQBNHL,1,http://dbpedia.org/ontology/Person
AXEQBNHL,2,http://dbpedia.org/ontology/Person
AXEQBNHL,3,http://dbpedia.org/ontology/Organisation
AXEQBNHL,4,http://dbpedia.org/ontology/Organisation
AXEQBNHL,5,http://dbpedia.org/ontology/Organisation
BA75UUZP,0,http://dbpedia.org/ontology/Place
C11ERTJ5,0,http://dbpedia.org/ontology/Place
CDYK0X65,0,http://dbpedia.org/ontology/Organisation
CHJ755NF,0,http://dbpedia.org/ontology/Place
CJWTL9TQ,0,http://dbpedia.org/ontology/Person
CJWTL9TQ,1,http://dbpedia.org/ontology/Settlement
CJWTL9TQ,2,http://dbpedia.org/ontology/Place
CSLQC3C5,0,http://dbpedia.org/ontology/Person
CSLQC3C5,1,http://dbpedia.org/ontology/Country
CSLQC3C5,4,http://dbpedia.org/ontology/MusicGenre
CWBFUK9E,0,http://dbpedia.org/ontology/Person
CWBFUK9E,2,http://dbpedia.org/ontology/BaseballTeam
CWI64CIY,1,http://dbpedia.org/ontology/Company
CWI64CIY,2,http://dbpedia.org/ontology/Country
D14VE92M,0,http://dbpedia.org/ontology/Company
D14VE92M,1,http://dbpedia.org/ontology/VideoGame
D14VE92M,2,http://dbpedia.org/ontology/MusicGenre
D14VE92M,3,http://dbpedia.org/ontology/VideoGame
DBDW2PCN,0,http://dbpedia.org/ontology/Organisation
DBDW2PCN,1,http://dbpedia.org/ontology/Place
DBDW2PCN,2,http://dbpedia.org/ontology/MeanOfTransportation
DBDW2PCN,3,http://dbpedia.org/ontology/Settlement
DHYLURTP,0,http://dbpedia.org/ontology/Place
DHYLURTP,1,http://dbpedia.org/ontology/Person
DHYLURTP,4,http://dbpedia.org/ontology/Eukaryote
DHYLURTP,6,http://dbpedia.org/ontology/Person
DZR1YXR2,1,http://dbpedia.org/ontology/Airport
DZR1YXR2,2,http://dbpedia.org/ontology/Place
E9VIFTTD,0,http://dbpedia.org/ontology/ChemicalSubstance
E9VIFTTD,1,http://dbpedia.org/ontology/Company
E9VIFTTD,3,http://dbpedia.org/ontology/Beverage
EAL2W37D,1,http://dbpedia.org/ontology/Company
EAL2W37D,3,http://dbpedia.org/ontology/MusicGenre
EK3ZEZQA,0,http://dbpedia.org/ontology/Food
EK3ZEZQA,1,http://dbpedia.org/ontology/Company
EK3ZEZQA,2,http://dbpedia.org/ontology/MusicGenre
EK3ZEZQA,3,http://dbpedia.org/ontology/Place
EK3ZEZQA,5,http://dbpedia.org/ontology/Place
EUC1HH5L,0,http://dbpedia.org/ontology/Place
EUC1HH5L,1,http://dbpedia.org/ontology/Language
EUC1HH5L,5,http://dbpedia.org/ontology/Place
EUC1HH5L,7,http://dbpedia.org/ontology/Currency
F8KRD5EQ,0,http://dbpedia.org/ontology/Person
F8KRD5EQ,1,http://dbpedia.org/ontology/Place
F8KRD5EQ,2,http://dbpedia.org/ontology/Place
FEL6246H,0,http://dbpedia.org/ontology/ChemicalSubstance
FEL6246H,1,http://dbpedia.org/ontology/Company
FEL6246H,3,http://dbpedia.org/ontology/Beverage
FL0UKEYZ,0,http://dbpedia.org/ontology/Settlement
FL0UKEYZ,1,http://dbpedia.org/ontology/Place
FNKOMV2X,0,http://dbpedia.org/ontology/Work
FNKOMV2X,1,http://dbpedia.org/ontology/Settlement
GC5WI6FQ,0,http://dbpedia.org/ontology/Place
GSES6M03,0,http://dbpedia.org/ontology/Place
GSES6M03,1,http://dbpedia.org/ontology/Place
GSES6M03,2,http://dbpedia.org/ontology/ArchitecturalStructure
HV3A3ZMF,0,http://dbpedia.org/ontology/Country
HV3A3ZMF,1,http://dbpedia.org/ontology/MusicalWork
HV3A3ZMF,2,http://dbpedia.org/ontology/MusicalWork
HV3A3ZMF,4,http://dbpedia.org/ontology/Person
HV3A3ZMF,5,http://dbpedia.org/ontology/Person
I3QK2IAG,0,http://dbpedia.org/ontology/Band
I3QK2IAG,1,http://dbpedia.org/ontology/Country
I3QK2IAG,4,http://dbpedia.org/ontology/MusicGenre
I9NB74X2,0,http://dbpedia.org/ontology/Place
I9NB74X2,1,http://dbpedia.org/ontology/Person
I9NB74X2,4,http://dbpedia.org/ontology/Place
I9NB74X2,6,http://dbpedia.org/ontology/Person
ID25OWF7,0,http://dbpedia.org/ontology/Person
ID25OWF7,2,http://dbpedia.org/ontology/SportsTeam
IR4COWGZ,0,http://dbpedia.org/ontology/ChemicalSubstance
IR4COWGZ,1,http://dbpedia.org/ontology/Company
IR4COWGZ,3,http://dbpedia.org/ontology/Beverage
JJA26YFP,0,http://dbpedia.org/ontology/Person
JJA26YFP,1,http://dbpedia.org/ontology/Country
JJA26YFP,4,http://dbpedia.org/ontology/MusicGenre
K2VMWWYZ,1,http://dbpedia.org/ontology/Place
K2VMWWYZ,2,http://dbpedia.org/ontology/Place
K83TQLL8,0,http://dbpedia.org/ontology/Place
L58KXO9T,0,http://dbpedia.org/ontology/Person
L58KXO9T,1,http://dbpedia.org/ontology/Settlement
L58KXO9T,2,http://dbpedia.org/ontology/Place
MVXPJ4HN,1,http://dbpedia.org/ontology/Organisation
MVXPJ4HN,2,http://dbpedia.org/ontology/Place
MVXPJ4HN,3,http://dbpedia.org/ontology/PersonFunction
MYX444NL,0,http://dbpedia.org/ontology/Organisation
MYX444NL,3,http://dbpedia.org/ontology/Country
MZSGIPPS,1,http://dbpedia.org/ontology/Company
MZSGIPPS,3,http://dbpedia.org/ontology/MusicGenre
N9J2QP89,1,http://dbpedia.org/ontology/Place
N9J2QP89,2,http://dbpedia.org/ontology/Place
NF7C3DD0,0,http://dbpedia.org/ontology/PoliticalParty
NF7C3DD0,1,http://dbpedia.org/ontology/Organisation
NZ1UDBFW,0,http://dbpedia.org/ontology/Country
NZ1UDBFW,1,http://dbpedia.org/ontology/Place
NZ1UDBFW,2,http://dbpedia.org/ontology/Place
OM5IGQPK,0,http://dbpedia.org/ontology/Country
OM5IGQPK,1,http://dbpedia.org/ontology/Place
OM5IGQPK,2,http://dbpedia.org/ontology/Place
OS9XTOGN,0,http://dbpedia.org/ontology/ChemicalSubstance
OS9XTOGN,1,http://dbpedia.org/ontology/Company
OS9XTOGN,3,http://dbpedia.org/ontology/Beverage
PAC56T4U,0,http://dbpedia.org/ontology/Place
PK0QTL3Q,0,http://dbpedia.org/ontology/Person
PK0QTL3Q,1,http://dbpedia.org/ontology/SoccerClub
QIMQODPX,0,http://dbpedia.org/ontology/Country
QIMQODPX,1,http://dbpedia.org/ontology/Settlement
QIMQODPX,2,http://dbpedia.org/ontology/Settlement
QIMQODPX,3,http://dbpedia.org/ontology/Settlement
QPGB7R3O,0,http://dbpedia.org/ontology/Organisation
QPGB7R3O,1,http://dbpedia.org/ontology/Place
QPGB7R3O,2,http://dbpedia.org/ontology/MeanOfTransportation
QPGB7R3O,3,http://dbpedia.org/ontology/Settlement
RDMLY4LY,0,http://dbpedia.org/ontology/MusicGenre
RDMLY4LY,1,http://dbpedia.org/ontology/Company
RDMLY4LY,2,http://dbpedia.org/ontology/MusicGenre
RDMLY4LY,3,http://dbpedia.org/ontology/Place
RDMLY4LY,5,http://dbpedia.org/ontology/Place
RIXA11DP,0,http://dbpedia.org/ontology/Lake
RIXA11DP,2,http://dbpedia.org/ontology/Settlement
RIXA11DP,3,http://dbpedia.org/ontology/Place
RO8BNP84,1,http://dbpedia.org/ontology/VideoGame
RO8BNP84,2,http://dbpedia.org/ontology/MusicGenre
RO8BNP84,3,http://dbpedia.org/ontology/Device
RO8BNP84,4,http://dbpedia.org/ontology/Organisation
ROYR6CCV,0,http://dbpedia.org/ontology/Place
ROYR6CCV,5,http://dbpedia.org/ontology/Country
SG65KXVF,0,http://dbpedia.org/ontology/ChemicalSubstance
SG65KXVF,1,http://dbpedia.org/ontology/ChemicalSubstance
SG65KXVF,2,http://dbpedia.org/ontology/Company
SG65KXVF,4,http://dbpedia.org/ontology/Beverage
SQ0OXFQ8,0,http://dbpedia.org/ontology/Person
TTQLGZUI,0,http://dbpedia.org/ontology/ChemicalSubstance
TTQLGZUI,1,http://dbpedia.org/ontology/Company
TTQLGZUI,3,http://dbpedia.org/ontology/Beverage
TVHHPBMY,0,http://dbpedia.org/ontology/ChemicalSubstance
TVHHPBMY,1,http://dbpedia.org/ontology/Company
TVHHPBMY,3,http://dbpedia.org/ontology/Beverage
U6HC36KO,0,http://dbpedia.org/ontology/Person
U6HC36KO,2,http://dbpedia.org/ontology/PopulatedPlace
U6HC36KO,3,http://dbpedia.org/ontology/PopulatedPlace
U6HC36KO,4,http://dbpedia.org/ontology/Place
UJV6OH9S,0,http://dbpedia.org/ontology/Person
UJV6OH9S,1,http://dbpedia.org/ontology/Settlement
UJV6OH9S,2,http://dbpedia.org/ontology/Place
VDZ4X1ZH,1,http://dbpedia.org/ontology/VideoGame
VDZ4X1ZH,2,http://dbpedia.org/ontology/MusicGenre
VDZ4X1ZH,3,http://dbpedia.org/ontology/InformationAppliance
VDZ4X1ZH,4,http://dbpedia.org/ontology/Organisation
W3ZP08J3,1,http://dbpedia.org/ontology/Company
W3ZP08J3,2,http://dbpedia.org/ontology/Country
WM31YIHA,0,http://dbpedia.org/ontology/Place
WNNHJ7XV,0,http://dbpedia.org/ontology/Place
X4W6XLPU,0,http://dbpedia.org/ontology/Organisation
X4W6XLPU,3,http://dbpedia.org/ontology/Country
XAJI0Y6D,1,http://dbpedia.org/ontology/Place
XAJI0Y6D,2,http://dbpedia.org/ontology/Place
XFGCAQVK,0,http://dbpedia.org/ontology/ChemicalSubstance
XFGCAQVK,1,http://dbpedia.org/ontology/Company
XFGCAQVK,3,http://dbpedia.org/ontology/Beverage
XID4N1U3,0,http://dbpedia.org/ontology/Organisation
XID4N1U3,1,http://dbpedia.org/ontology/Place
XID4N1U3,2,http://dbpedia.org/ontology/ArchitecturalStructure
XLL4ZKLO,0,http://dbpedia.org/ontology/ChemicalSubstance
XLL4ZKLO,1,http://dbpedia.org/ontology/Company
XLL4ZKLO,3,http://dbpedia.org/ontology/Beverage
Y08P0FOD,0,http://dbpedia.org/ontology/Lake
Y08P0FOD,2,http://dbpedia.org/ontology/Settlement
Y08P0FOD,3,http://dbpedia.org/ontology/Place
YJXRPJ1E,0,http://dbpedia.org/ontology/Place
YSXPNNGH,0,http://dbpedia.org/ontology/Settlement
YSXPNNGH,1,http://dbpedia.org/ontology/Place
YV37DIA5,1,http://dbpedia.org/ontology/BaseballPlayer
Z15BCW79,1,http://dbpedia.org/ontology/BaseballPlayer
ZHWJR64D,0,http://dbpedia.org/ontology/Band
ZHWJR64D,2,http://dbpedia.org/ontology/Organisation
ZHWJR64D,3,http://dbpedia.org/ontology/Person
ZHWJR64D,4,http://dbpedia.org/ontology/PersonFunction
