00E2H310,0,Q5
00E2H310,1,Q486972
00E2H310,2,Q13442814
0D70DN48,0,Q337567
0D70DN48,2,Q3327870
0D70DN48,3,Q2031291
0H1C2CNE,0,Q58425000
0ODTHWLY,0,Q337567
0ODTHWLY,2,Q3327870
0ODTHWLY,3,Q64034451
0QT3LJ5O,0,Q5
0QT3LJ5O,1,Q15944511
11FODG7V,0,Q5
11FODG7V,2,Q486972
11FODG7V,3,Q10864048
11FODG7V,4,Q3624078
1C9LFOKN,0,Q486972
1C9LFOKN,1,Q4502142
25IE15ZF,0,Q2031291
25IE15ZF,1,Q4502142
25IE15ZF,4,Q188451
2AZGMKMG,1,Q644371
2AZGMKMG,2,Q486972
2CDH2KEB,0,Q5
2CDH2KEB,2,Q5
2CDH2KEB,3,Q5
2ZWSMOTJ,0,Q5
2ZWSMOTJ,1,Q486972
2ZWSMOTJ,2,Q13442814
3BB8RJIG,0,Q155076
3BB8RJIG,1,Q12909644
3BB8RJIG,2,Q79913
3BB8RJIG,3,Q12909644
3KIA4QJK,0,Q476028
3KIA4QJK,1,Q747074
3KIA4QJK,2,Q483110
3LG8J4MX,0,Q215380
3LG8J4MX,2,Q18127
3LG8J4MX,3,Q5
3LG8J4MX,4,Q12737077
3LNYQDIQ,0,Q5
3LNYQDIQ,2,Q12973014
3N6S2FCX,0,Q5
3N6S2FCX,1,Q486972
3N6S2FCX,2,Q13442814
3PY2F0NA,0,Q3624078
3PY2F0NA,1,Q486972
3PY2F0NA,3,Q486972
3RAVR6O9,0,Q5
3RAVR6O9,1,Q1048835
3RAVR6O9,2,Q17270000
3RAVR6O9,3,Q483110
3RR90TYL,0,Q5
3RR90TYL,2,Q486972
3RR90TYL,3,Q47168
3RR90TYL,4,Q1489259
3VW3LEY0,0,Q2031291
3VW3LEY0,1,Q3624078
3VW3LEY0,4,Q188451
3X6QY8Q0,0,Q58425000
439G6K1P,0,Q476028
439G6K1P,1,Q486972
439G6K1P,2,Q483110
4OYU624U,0,Q4502142
4OYU624U,1,Q192611
592UMUBJ,0,Q58425000
5HD27KI3,0,Q30304302
5HD27KI3,3,Q486972
5HD27KI3,4,Q47168
5PJV2Q5U,0,Q12140
5PJV2Q5U,1,Q28885102
5PJV2Q5U,3,Q24060765
64OJP4G3,0,Q5
64OJP4G3,1,Q486972
64OJP4G3,2,Q13442814
65PV2ARH,0,Q7278
65PV2ARH,1,Q591041
6LVRMRTR,0,Q12140
6LVRMRTR,1,Q28885102
6LVRMRTR,3,Q24060765
6UCIGUOE,0,Q486972
6UCIGUOE,1,Q4502142
6WMJZX24,0,Q2031291
6WMJZX24,1,Q2031291
6WMJZX24,4,Q188451
7DBIBBM8,0,Q6256
7DBIBBM8,1,Q486972
7DBIBBM8,2,Q486972
7DBIBBM8,3,Q486972
7EVLH0DV,0,Q215380
7EVLH0DV,1,Q4502142
7EVLH0DV,4,Q188451
7H65E4KI,0,Q5
7H65E4KI,1,Q15944511
7MB89SRL,0,Q5
7MB89SRL,1,Q188451
7MB89SRL,2,Q4502142
7VVP9YIF,0,Q5
7VVP9YIF,1,Q476028
7VVP9YIF,2,Q3624078
80RBYYXC,0,Q3624078
80RBYYXC,5,Q183039
8B5LBRPU,0,Q12140
8B5LBRPU,1,Q28885102
8B5LBRPU,3,Q24060765
8IYHGO6B,0,Q486972
8IYHGO6B,1,Q486972
8IYHGO6B,2,Q4502142
8MKQXO18,0,Q3624078
8MKQXO18,1,Q591041
8MKQXO18,3,Q5
8MKQXO18,4,Q5
8QA9EYPI,0,Q5
8QA9EYPI,1,Q7278
8QA9EYPI,2,Q3624078
8R6ZM8HE,1,Q4830453
8R6ZM8HE,3,Q43229
8YINKYDR,0,Q5
8YINKYDR,1,Q486972
8YINKYDR,2,Q13442814
93TA8OMW,0,Q5
93TA8OMW,1,Q20074337
93TA8OMW,2,Q11924610
93XKYYFN,1,Q7889
93XKYYFN,2,Q4502142
93XKYYFN,3,Q386724
93XKYYFN,4,Q1058914
9BGE5Y4L,0,Q1489259
9BGE5Y4L,1,Q58425000
9BGE5Y4L,2,Q486972
9E1MFHGU,0,Q12140
9E1MFHGU,1,Q28885102
9E1MFHGU,3,Q24060765
9Y8MPU2Q,0,Q3624078
9Y8MPU2Q,1,Q5
9Y8MPU2Q,4,Q101352
9Y8MPU2Q,5,Q43229
9Y8MPU2Q,6,Q5
A5TITKIN,0,Q58425000
AH6GNGFM,1,Q6881511
AH6GNGFM,2,Q3624078
AH6GNGFM,3,Q268592
ALEERN7K,0,Q5
ALEERN7K,2,Q13393265
ALEERN7K,3,Q1148974
ANRG9IPL,0,Q12140
ANRG9IPL,1,Q28885102
ANRG9IPL,3,Q24060765
ARC4100W,0,Q12140
ARC4100W,1,Q28885102
ARC4100W,3,Q24060765
B20WIQKU,0,Q5
B20WIQKU,1,Q486972
B20WIQKU,2,Q13442814
B38A9Q5R,0,Q4830453
B38A9Q5R,3,Q3624078
B7ILPH0Y,0,Q12140
B7ILPH0Y,1,Q28885102
B7ILPH0Y,3,Q24060765
BBP30TA6,0,Q476028
BBP30TA6,1,Q5
BBP30TA6,2,Q5
BBP30TA6,3,Q4830453
BBP30TA6,4,Q4830453
BBP30TA6,5,Q43229
BDH3WFGJ,0,Q476028
BDH3WFGJ,1,Q486972
BDH3WFGJ,2,Q483110
BID0NRU0,0,Q215380
BID0NRU0,1,Q4502142
BID0NRU0,4,Q188451
BLBITS6S,0,Q5
BLBITS6S,2,Q486972
BLBITS6S,3,Q10864048
BLBITS6S,4,Q3624078
CE54GE59,0,Q58425000
CG4QJAHB,1,Q6881511
CG4QJAHB,2,Q13442814
CG4QJAHB,6,Q3624078
CHZGO92A,0,Q29654788
CHZGO92A,2,Q5
CHZGO92A,3,Q4164871
CHZGO92A,4,Q7278
CHZGO92A,5,Q3186692
CHZGO92A,6,Q5
CN5WVWHH,0,Q5
CN5WVWHH,2,Q486972
CN5WVWHH,3,Q10864048
CN5WVWHH,4,Q3624078
CO23Z7GO,0,Q5
CO23Z7GO,1,Q486972
CO23Z7GO,2,Q13442814
CXBCCWXI,0,Q3624078
CXBCCWXI,1,Q10864048
CXBCCWXI,2,Q486972
CYSBOBXH,0,Q7278
DFZNNRC2,0,Q5
DFZNNRC2,1,Q486972
DFZNNRC2,2,Q13442814
DOMD317C,0,Q3624078
DOMD317C,1,Q4502142
DOMD317C,4,Q101352
DOMD317C,5,Q4830453
DOMD317C,6,Q5
DRSJ0SOG,0,Q3241972
DRSJ0SOG,2,Q5
DRSJ0SOG,3,Q4164871
DRSJ0SOG,4,Q7278
DRSJ0SOG,5,Q3186692
DRSJ0SOG,6,Q5
DVNKV0XU,0,Q5
DVNKV0XU,1,Q486972
DVNKV0XU,2,Q13442814
E3ZK744Q,0,Q12140
E3ZK744Q,1,Q28885102
E9I9UU4B,1,Q4830453
E9I9UU4B,3,Q43229
EJHSLGNK,0,Q6256
EJHSLGNK,1,Q486972
EJHSLGNK,2,Q486972
EJHSLGNK,3,Q486972
ETMAQ4TN,0,Q476028
ETMAQ4TN,1,Q5
ETMAQ4TN,2,Q5
ETMAQ4TN,3,Q4830453
ETMAQ4TN,4,Q43229
ETMAQ4TN,5,Q43229
EVJ4JJOJ,0,Q3624078
EVJ4JJOJ,1,Q23691
EVJ4JJOJ,2,Q4502142
EVJ4JJOJ,4,Q5
EVJ4JJOJ,5,Q5
EWHUGLYZ,0,Q486972
EWHUGLYZ,1,Q4502142
EX7JCWJH,0,Q3624078
EX7JCWJH,1,Q10864048
EX7JCWJH,2,Q486972
F98SUVJH,0,Q12140
F98SUVJH,1,Q28885102
F98SUVJH,3,Q24060765
FPQTE9XY,0,Q30304302
FPQTE9XY,3,Q486972
FPQTE9XY,4,Q47168
FRMCURXJ,0,Q486972
FRMCURXJ,1,Q4502142
G419XKSN,0,Q3624078
G419XKSN,1,Q10864048
G419XKSN,2,Q486972
G912OEID,0,Q215380
G912OEID,1,Q4502142
G912OEID,4,Q188451
GD6ZE3PZ,0,Q5
GD6ZE3PZ,2,Q515
GD6ZE3PZ,3,Q82794
GD6ZE3PZ,4,Q3624078
GF4ZOLF9,1,Q23397
GF4ZOLF9,2,Q3624078
GNDO9OXJ,0,Q5
GNDO9OXJ,1,Q20074337
GNDO9OXJ,2,Q11924610
GY7KNULP,0,Q4830453
GY7KNULP,1,Q2431196
GY7KNULP,2,Q107551175
GY7KNULP,3,Q10929058
GYWO0RAB,0,Q6256
GYWO0RAB,1,Q486972
GYWO0RAB,2,Q486972
GYWO0RAB,3,Q486972
H31EPPEX,0,Q4830453
H31EPPEX,3,Q3624078
H4OZ1VVJ,0,Q64034451
H4OZ1VVJ,1,Q2551525
HB00DX4L,0,Q5
HB00DX4L,1,Q15944511
HBKGJQEY,1,Q4830453
HBKGJQEY,2,Q3624078
HCLZSPEJ,0,Q486972
HCLZSPEJ,1,Q4502142
HPN25CWK,0,Q5
HPN25CWK,1,Q486972
HPN25CWK,2,Q13442814
HQCEC5NO,0,Q486972
HQCEC5NO,1,Q4502142
HQS0UE98,0,Q5
HQS0UE98,1,Q12973014
HQS0UE98,2,Q486972
I0ENR9U5,0,Q5
I0ENR9U5,1,Q15944511
I23ZH2WE,0,Q5
I61AJCIT,0,Q3624078
I61AJCIT,1,Q34770
I61AJCIT,5,Q486972
I61AJCIT,7,Q8142
ICXYO7RI,0,Q5
ICXYO7RI,1,Q188451
ICXYO7RI,2,Q4502142
IF9DCSGR,0,Q2031291
IF9DCSGR,1,Q486972
II2Q3L3I,0,Q4830453
II2Q3L3I,3,Q3624078
IO8Q6VA9,0,Q5
IO8Q6VA9,2,Q7930989
IO8Q6VA9,3,Q82794
IO8Q6VA9,4,Q3624078
IP6ZRIGH,0,Q3624078
IP6ZRIGH,1,Q10864048
IP6ZRIGH,2,Q486972
IX10143H,1,Q5
IYZYF533,0,Q786820
IYZYF533,1,Q3624078
IYZYF533,2,Q3231690
IYZYF533,3,Q486972
IZF82AX9,0,Q64034451
IZF82AX9,1,Q271669
JMNRCW4E,0,Q2031291
JMNRCW4E,1,Q486972
K2VEUQT0,0,Q7278
K2VEUQT0,1,Q12909644
K7S5HPFO,0,Q7278
KBS9ZALV,0,Q155076
KBS9ZALV,1,Q12909644
KBS9ZALV,2,Q79913
KBS9ZALV,3,Q12909644
KTU06X7E,0,Q5
KTU06X7E,1,Q3624078
KTU06X7E,2,Q17270000
KTU06X7E,3,Q483110
KYAAQ3GX,0,Q215380
KYAAQ3GX,2,Q18127
KYAAQ3GX,3,Q5
KYAAQ3GX,4,Q12737077
KYR4K45L,0,Q5
KZXTJ8EN,0,Q5
KZXTJ8EN,1,Q486972
KZXTJ8EN,2,Q13442814
L0OZ4PEO,0,Q476028
L0OZ4PEO,1,Q5
L0OZ4PEO,2,Q5
L0OZ4PEO,3,Q4830453
L0OZ4PEO,4,Q4830453
L0OZ4PEO,5,Q43229
LV5N8XDB,0,Q5
LV5N8XDB,2,Q12973014
M56G7E6D,0,Q12140
M56G7E6D,1,Q28885102
M56G7E6D,3,Q24060765
MCM4L65F,0,Q591041
MCM4L65F,1,Q4830453
MCM4L65F,2,Q3249551
MCM4L65F,3,Q486972
MCM4L65F,5,Q3624078
MKVL6QSR,0,Q5
MKVL6QSR,1,Q15944511
MKZIBJNS,0,Q5
MKZIBJNS,2,Q1093829
MKZIBJNS,3,Q852446
MKZIBJNS,4,Q1489259
N45JAVYY,0,Q4830453
N45JAVYY,1,Q2431196
N45JAVYY,2,Q107551175
N45JAVYY,3,Q386724
N7JQLXAR,0,Q486972
N7JQLXAR,1,Q4502142
NDX6RG4S,1,Q6881511
NDX6RG4S,2,Q3624078
NDX6RG4S,3,Q268592
NM13VZ92,0,Q486972
NM13VZ92,1,Q4502142
NMJQSIS0,0,Q5
NMJQSIS0,1,Q12973014
NMJQSIS0,2,Q486972
NPBQMNM8,0,Q4830453
NPBQMNM8,3,Q3624078
NU55AT0X,0,Q1489259
NU55AT0X,1,Q58425000
NU55AT0X,2,Q486972
NUDZ5WSX,0,Q3624078
NUDZ5WSX,1,Q34770
NUDZ5WSX,5,Q486972
NUDZ5WSX,7,Q8142
NYFX4M8T,0,Q3624078
NYFX4M8T,1,Q23691
NYFX4M8T,2,Q4502142
NYFX4M8T,4,Q5
NYFX4M8T,5,Q5
O0BECB72,0,Q6256
O0BECB72,1,Q486972
O0BECB72,2,Q486972
O0BECB72,3,Q486972
O37V1ZMI,1,Q5
OB6LHRLP,0,Q3624078
OB6LHRLP,1,Q5119
OB6LHRLP,2,Q486972
OHGI1JNY,1,Q23397
OHGI1JNY,2,Q3624078
OPAOW7SY,0,Q64034451
OPAOW7SY,1,Q192611
OW0AHKDI,0,Q7278
OW0AHKDI,1,Q12909644
PQBXNUTI,0,Q13226383
PQBXNUTI,2,Q5
PQBXNUTI,3,Q4164871
PQBXNUTI,4,Q7278
PQBXNUTI,5,Q3186692
PQBXNUTI,6,Q5
PRV5591P,0,Q5
PRV5591P,1,Q15944511
QDQ8GOO2,0,Q5
QDQ8GOO2,2,Q5
QDQ8GOO2,3,Q5
QNP7O8L5,0,Q5
QNP7O8L5,1,Q188451
QNP7O8L5,2,Q34379
QNP7O8L5,3,Q215380
QOAVEFGY,1,Q6881511
QOAVEFGY,2,Q13442814
QOAVEFGY,6,Q3624078
QPFX5Z8J,0,Q3624078
QPFX5Z8J,5,Q183039
QTT22XJU,0,Q5
QTT22XJU,1,Q476028
QTT22XJU,2,Q4502142
QWJLYL1T,1,Q4830453
QWJLYL1T,2,Q3624078
RDOY7BQZ,0,Q5
RDOY7BQZ,1,Q188451
RDOY7BQZ,2,Q34379
RDOY7BQZ,3,Q215380
RG6J9J56,0,Q486972
RG6J9J56,1,Q4502142
RYTFLT5K,0,Q12140
RYTFLT5K,1,Q28885102
SI75XFD3,0,Q4502142
SI75XFD3,1,Q4830453
SI75XFD3,2,Q3249551
SI75XFD3,3,Q486972
SI75XFD3,5,Q3624078
SNUO09BH,0,Q3624078
SNUO09BH,1,Q4502142
SNUO09BH,4,Q101352
SNUO09BH,5,Q4830453
SNUO09BH,6,Q5
SPPNJXB2,0,Q7278
SPPNJXB2,1,Q591041
T7RPWH6N,1,Q6881511
T7RPWH6N,2,Q13442814
T7RPWH6N,6,Q3624078
TGNDFN0E,0,Q5
TGNDFN0E,1,Q486972
TGNDFN0E,2,Q13442814
TNI3UKH2,0,Q29654788
TNI3UKH2,2,Q5
TNI3UKH2,3,Q4164871
TNI3UKH2,4,Q7278
TNI3UKH2,5,Q3186692
TNI3UKH2,6,Q5
TNICZ1MT,0,Q486972
TNICZ1MT,1,Q4502142
TTYXRW7Z,0,Q58425000
TW1HGRFI,1,Q23397
TW1HGRFI,2,Q3624078
U27DIY8F,0,Q5
U27DIY8F,1,Q7278
U27DIY8F,2,Q3624078
U4Y4QP1U,0,Q12140
U4Y4QP1U,1,Q28885102
U4Y4QP1U,3,Q24060765
UMA1DNF6,0,Q5
UMA1DNF6,2,Q486972
UMA1DNF6,3,Q10864048
UMA1DNF6,4,Q3624078
UWLXMVR2,1,Q7889
UWLXMVR2,2,Q2031291
UWLXMVR2,3,Q386724
UWLXMVR2,4,Q1058914
VGUZX5R3,0,Q3624078
VGUZX5R3,1,Q486972
VGUZX5R3,3,Q486972
VH3KXMH0,0,Q2031291
VH3KXMH0,1,Q3624078
VH3KXMH0,4,Q7187
VZSE4ULG,0,Q476028
VZSE4ULG,1,Q747074
VZSE4ULG,2,Q483110
WH6JINCM,0,Q215380
WH6JINCM,1,Q4502142
WH6JINCM,4,Q188451
X8BZBKPB,1,Q23397
X8BZBKPB,2,Q3624078
XBHX2VRT,0,Q58425000
XDYIQXSF,0,Q3624078
XDYIQXSF,1,Q5
XDYIQXSF,4,Q101352
XDYIQXSF,5,Q43229
XDYIQXSF,6,Q5
XGSVW66Y,0,Q5
XGSVW66Y,2,Q13393265
XGSVW66Y,3,Q1148974
XS0WQD5R,0,Q786820
XS0WQD5R,1,Q3624078
XS0WQD5R,2,Q3231690
XS0WQD5R,3,Q486972
XVF80FLQ,0,Q476028
XVF80FLQ,1,Q5
XVF80FLQ,2,Q5
XVF80FLQ,3,Q4830453
XVF80FLQ,4,Q4830453
XVF80FLQ,5,Q43229
YF8QZLSQ,0,Q58425000
YT8838HI,0,Q58425000
YYFKWZBX,1,Q644371
YYFKWZBX,2,Q486972
Z21IYI99,0,Q3624078
Z21IYI99,1,Q486972
Z21IYI99,2,Q486972
Z4M8AT89,0,Q58425000
ZLAS30LH,0,Q486972
ZLAS30LH,1,Q486972
ZLAS30LH,2,Q4502142
ZLT8HONL,1,Q6881511
ZLT8HONL,2,Q13442814
ZLT8HONL,6,Q3624078
