X3QM4E4N,0,Q9035798
D57LSWY2,0,Q17201685
9XIWHWO4,0,Q17201685
KGKU5BIK,0,Q17201685
T20QAA67,0,Q17201685
PLELE23Q,0,Q17201685
PE41RDSF,0,Q17201685
EP61J3CK,0,Q17201685
3ZXBWWOU,0,Q17201685
R6F0ATDO,0,Q17201685
ZAMT9C6Q,0,Q17201685
RP5VJ3XI,0,Q17201685
8CF6FHQ7,0,Q17201685
5LHE02DZ,0,Q17201685
T8JKJNIE,0,Q17201685
HPJLQWVD,0,Q17201685
N79DI9A6,0,Q17201685
EV95L8HM,0,Q35749
JTZJEMMQ,0,Q101352
Y46BOSU4,0,Q1457747
ZNBTOU45,0,Q1457747
ARQPK1HD,0,Q1457747
AP6SL1G7,0,Q1136601
XU1DFJP8,0,Q1136601
HPA9AMVG,0,Q1136601
62J9XHO2,0,Q1136601
RZI4Q2B3,0,Q1136601
417RTRB0,0,Q1136601
GIZIJM3A,0,Q21850100
GIZIJM3A,1,Q1093829
COW6UEXW,0,Q21850100
Z2TGFTJK,0,Q55491
2R7UXVKS,0,Q928830
B8GHX3X4,0,Q55491
W26U9AK3,0,Q928830
GN4HAI0M,0,Q55491
QE62GAFF,0,Q55491
I8TQSIBP,0,Q9096832
3UO1FRCK,0,Q1317754
Y7YAO22I,0,Q1317754
F4M809ZX,0,Q1317754
DD7WHIGJ,0,Q1317754
5593H37B,0,Q846837
LUW7N9BZ,0,Q846837
GI05LPPU,0,Q846837
N9IEU15F,0,Q846837
L5YCZSCB,0,Q846837
W1JPGIOP,0,Q846837
35S7374E,0,Q846837
V5YKVXFY,0,Q846837
IGYMF5ZB,0,Q846837
VKS3SDZ0,0,Q2338524
LV8A32Q5,0,Q47521
9O8IW1Z6,0,Q47521
B6SYZWW7,0,Q47521
G6HFOEIE,0,Q47521
UVPL0H6B,0,Q47521
KUTX80VH,0,Q47521
MRSFK1YR,0,Q47521
53KAKUQT,0,Q47521
X3OYNBXB,0,Q841983
AEKPRWPG,0,Q841983
V0919YQC,0,Q841983
XLT8K6OQ,0,Q841983
RHM2K34T,0,Q482994
GQKXAQU1,0,Q841983
JZ63ASLB,0,Q841983
O7J4E81L,0,Q5
M53T55X6,0,Q13414757
WKIQI2LP,0,Q13414757
WKIQI2LP,1,Q35657
P1YM5JIY,0,Q13414757
P1YM5JIY,1,Q35657
OV1E85OX,0,Q13414757
OV1E85OX,1,Q35657
DZZJ6L9Y,0,Q13414757
DZZJ6L9Y,1,Q35657
TEVZY9H7,0,Q13414757
TEVZY9H7,1,Q35657
S4AEGPGT,0,Q13414757
S4AEGPGT,1,Q35657
IXEB8CXZ,0,Q13414757
IXEB8CXZ,1,Q35657
HW6RN41H,0,Q13414757
HW6RN41H,1,Q35657
MA9YI5AR,0,Q13414757
SLODU16O,0,Q13414757
FNIHLWZF,0,Q13414757
05V2EDMX,0,Q13414757
UO111BSK,0,Q13414757
OOJU2HPZ,0,Q13414757
OOJU2HPZ,2,Q12139612
17172XCW,0,Q13414757
W1QWOKLM,0,Q13414757
W1QWOKLM,2,Q12139612
W1QWOKLM,3,Q13414757
OI8VRHPV,0,Q13414757
OI8VRHPV,1,Q5
OI8VRHPV,2,Q12139612
OI8VRHPV,3,Q13414757
DII22127,0,Q13414757
DII22127,2,Q12139612
DII22127,3,Q13414757
CIJXJMCQ,0,Q13414757
CIJXJMCQ,2,Q12139612
CIJXJMCQ,3,Q13414757
U8SROQ4T,0,Q13414757
U8SROQ4T,3,Q13414757
MYLBAKDX,0,Q13414757
MYLBAKDX,2,Q12139612
MYLBAKDX,3,Q13414757
XJLSJOZT,0,Q13414757
XJLSJOZT,2,Q62049
3XU12ZIA,0,Q13414757
3XU12ZIA,2,Q62049
VLL93CE2,0,Q13414757
3V0AK6N5,0,Q13414757
TC3LQD2D,0,Q13414757
2U84HC53,0,Q13414757
PDVNW5EO,0,Q13414757
IAG46HD9,0,Q13414757
ZMHQ6QWY,0,Q13414757
Z078MJI2,0,Q182531
XJ8291X2,0,Q182531
VMQX7VR9,0,Q12859788
5XE3PQG3,0,Q182531
JCMGMRU5,0,Q182531
TS0LEFBZ,0,Q182531
HPHS133R,0,Q182531
T0PIKHIE,0,Q182531
2AWFE9OC,0,Q20650761
8JZEQDDI,0,Q20650761
VNLN8ZXR,0,Q20650761
46Q2GL0M,0,Q70208
09BP4MFO,0,Q56750657
2917VXVO,0,Q11755880
7820ECJS,0,Q898771
OO3BMAT9,0,Q898771
0PE70ABO,0,Q898771
U4TG54BJ,0,Q898771
8B6948ET,0,Q898771
QHIOT6YY,0,Q1318295
74ZRZNKA,0,Q1318295
74ZRZNKA,2,Q50424085
74ZRZNKA,3,Q223393
JURB0LCZ,0,Q1318295
UV2O57YM,0,Q1318295
9FV9DSKV,0,Q1318295
J15LYYNK,0,Q1318295
MBDN1U0N,0,Q1318295
MBDN1U0N,1,Q7725634
GXOMA66V,0,Q1318295
GXOMA66V,1,Q7725634
CGQ1RICW,0,Q1318295
CGQ1RICW,1,Q7725634
MEGMM1U6,0,Q1318295
MEGMM1U6,1,Q7725634
915Z6ZHR,0,Q1318295
LUINN3KU,0,Q15634554
EOZBNBAD,0,Q15634554
QFKEMM5W,0,Q15634554
1MHZKMYF,0,Q3024240
JN0OFAA3,0,Q18325436
GBWOE7MN,0,Q1223230
GBWOE7MN,1,Q4022
6TAIZIZS,0,Q14276458
6TAIZIZS,1,Q4022
BCMNBJ1K,0,Q1223230
WZT70DIL,0,Q1223230
TN9XS2CL,0,Q858485
4PN533UQ,0,Q858485
MM8XQI6Z,0,Q327333
0QEMLBTN,0,Q1114515
GN1IJ7W6,0,Q1114515
W3CI63O2,0,Q1114515
1925WY8L,0,Q1114515
VMYU2Y3O,0,Q1114515
4B9D4N3R,0,Q1114515
4B9D4N3R,1,Q515
W3JYROI6,0,Q1114515
W3JYROI6,2,Q5
4B97947K,0,Q1114515
4B97947K,2,Q5
9GN53SYU,0,Q1114515
9GN53SYU,2,Q5
KFCMOQGG,0,Q1114515
KFCMOQGG,2,Q5
DP8721XI,0,Q1114515
DP8721XI,2,Q5
NDQDWMS5,0,Q192078
CM4RBNL6,0,Q192078
DHHAWXYE,0,Q192078
8W047I6J,0,Q192078
SIKO06PE,0,Q3327862
3YIG3PMM,0,Q3327862
I892QKD4,0,Q3327862
T55P8FQ8,0,Q3327862
G6W8ZKBP,0,Q3327862
Y32I18I0,0,Q3327862
5F7B5KP3,0,Q3327862
409HFPW4,0,Q3327862
7CA5X13L,0,Q3327862
KA89P2BE,0,Q3327862
YFS4DVDX,0,Q3327862
6OWTU4LO,0,Q3327862
63I8MGHQ,0,Q3327862
SVXUH1RM,0,Q3327862
O8ZUHDDD,0,Q3327862
NIW83G29,0,Q3327862
5V0PXGLM,0,Q3327862
G4DVDVI4,0,Q3327862
57YS9WTP,0,Q3327862
SNEXREVN,0,Q37988355
ARZUHFIG,0,Q37988355
52Q8WFX7,0,Q37988355
XDBGXBWB,0,Q37988355
A93W5301,0,Q744296
A93W5301,2,Q3624078
HWM2CCGF,0,Q744296
RYFRH1S3,0,Q744296
2KDRP3M1,0,Q744296
KKMF25YS,0,Q744296
KKMF25YS,1,Q32880
132YEZM5,0,Q17202187
TDRQYUVF,0,Q17202187
6FDJ4JPL,0,Q17202187
M1TSHZG8,0,Q17202187
M9RKYQKI,0,Q17202187
USLMTGDC,0,Q17202187
9UNGF8HL,0,Q17202187
224UUID5,0,Q17202187
CSEZB05X,0,Q17202187
VB14NMDD,0,Q1966910
6PYW8DJO,0,Q1966910
6PYW8DJO,2,Q3624078
Y6EEUSYS,0,Q1966910
Y6EEUSYS,2,Q3624078
ZYWYZ0R6,0,Q1966910
ZYWYZ0R6,2,Q3624078
5EIZHH23,0,Q1966910
5EIZHH23,2,Q3624078
K4QZKMQD,0,Q1966910
K4QZKMQD,2,Q3624078
Y8JEPIPT,0,Q1966910
Y8JEPIPT,2,Q3624078
CQ6A18ZU,0,Q1966910
CQ6A18ZU,2,Q3624078
AOF0CVN6,0,Q1966910
AOF0CVN6,2,Q3624078
13UO0KQS,0,Q1966910
QWH1W4YN,0,Q1966910
YSXUX25D,0,Q1966910
N4IN9ZHT,0,Q1966910
MYSV7QQQ,0,Q1966910
TRNL8CTO,0,Q1966910
4BRALUV3,0,Q1966910
ONUEK8VS,0,Q1966910
H2AA6MWB,0,Q1966910
H2AA6MWB,1,Q5
H2AA6MWB,3,Q13226383
N0ONN97D,0,Q1966910
N0ONN97D,2,Q5
SSHFDU1X,0,Q1966910
SSHFDU1X,2,Q5
N7DQBPRD,0,Q1966910
N7DQBPRD,2,Q5
XL18OFX6,0,Q1966910
XL18OFX6,1,Q35127
XL18OFX6,2,Q5
FRQUYBZC,0,Q1966910
FRQUYBZC,2,Q5
L9YEVJZ4,0,Q1966910
L9YEVJZ4,2,Q5
MNCUOB63,0,Q1966910
KAH6QQQR,0,Q1966910
5L18HB2O,0,Q25110269
5L18HB2O,1,Q5
RY5LP6LX,0,Q25110269
RY5LP6LX,1,Q5
BC1PI99P,0,Q25110269
SQJ7FH5G,0,Q25110269
SQJ7FH5G,1,Q5
S16GUO1K,0,Q25110269
S16GUO1K,1,Q5
G2YHD1VT,0,Q25110269
G2YHD1VT,1,Q5
CVS1GU2N,0,Q25110269
CVS1GU2N,1,Q5
LFJZVLQJ,0,Q25110269
LFJZVLQJ,1,Q5
CFMTBBWH,0,Q25110269
CFMTBBWH,1,Q5
2NU6HCB9,0,Q25110269
2NU6HCB9,1,Q5
36FVMISR,0,Q25110269
36FVMISR,1,Q5
A0SCFVRN,0,Q25110269
A0SCFVRN,1,Q5
273E753K,0,Q25110269
273E753K,1,Q5
UBEGLRBG,0,Q25110269
UBEGLRBG,1,Q5
5BQDYD04,0,Q25110269
5BQDYD04,1,Q5
FZ1DVK3K,0,Q25110269
FZ1DVK3K,1,Q5
I5AQ7I0M,0,Q25110269
I5AQ7I0M,1,Q5
I6H610JG,0,Q25110269
I6H610JG,1,Q5
Q754436O,0,Q25110269
Q754436O,1,Q5
ZDUGVL7G,0,Q25110269
ZDUGVL7G,1,Q5
LD58ED9D,0,Q25110269
LD58ED9D,1,Q5
3AUHWPFH,0,Q25110269
3AUHWPFH,1,Q5
PX8FZCR4,0,Q25110269
PX8FZCR4,1,Q5
Q2IJJE2J,0,Q25110269
Q2IJJE2J,1,Q5
FW4AFYAU,0,Q25110269
FW4AFYAU,1,Q5
7JZP7S70,0,Q25110269
7JZP7S70,1,Q5
59MI9NW2,0,Q25110269
59MI9NW2,1,Q5
HHKJHG1I,0,Q25110269
HHKJHG1I,1,Q17517379
HHKJHG1I,2,Q5
VOK3MRZZ,0,Q25110269
VOK3MRZZ,1,Q17517379
VOK3MRZZ,2,Q5
V92SBYOH,0,Q25110269
V92SBYOH,1,Q50424085
JR5AY0ZO,0,Q25110269
JR5AY0ZO,1,Q50424085
QFA3W0T8,0,Q25110269
QFA3W0T8,1,Q50424085
F94NICZB,0,Q25110269
F94NICZB,1,Q50424085
I246NFOF,0,Q25110269
I246NFOF,1,Q50424085
TS6JRMXM,0,Q25110269
TS6JRMXM,1,Q50424085
49E8YO2J,0,Q25110269
49E8YO2J,1,Q50424085
1T98RDNJ,0,Q25110269
1T98RDNJ,1,Q50424085
NQ0TT034,0,Q25110269
NQ0TT034,1,Q5
NQ0TT034,2,Q5
FRIAPNNZ,0,Q25110269
FRIAPNNZ,1,Q5
FRIAPNNZ,2,Q5
2AU9RKBE,0,Q25110269
2AU9RKBE,1,Q5
2AU9RKBE,2,Q5
XJB5X26K,0,Q25110269
XJB5X26K,1,Q5
XJB5X26K,2,Q5
XXWU53AQ,0,Q25110269
XXWU53AQ,1,Q5
XXWU53AQ,2,Q5
6RUD0FMI,0,Q25110269
6RUD0FMI,1,Q5
6RUD0FMI,2,Q3624078
GYWO23WJ,0,Q25110269
GYWO23WJ,1,Q5
K9ETEQZ5,0,Q25110269
K9ETEQZ5,1,Q5
K9ETEQZ5,2,Q3624078
JHGK4KRD,0,Q25110269
JHGK4KRD,1,Q35657
QU8VIVGJ,0,Q25110269
QU8VIVGJ,1,Q5
QU8VIVGJ,3,Q5
Y6V91NF6,0,Q25110269
Y6V91NF6,1,Q5
Y6V91NF6,3,Q5
1ZUOIQBS,0,Q25110269
1ZUOIQBS,1,Q5
1ZUOIQBS,3,Q5
6IZVV9CY,0,Q25110269
6IZVV9CY,1,Q5
6IZVV9CY,3,Q5
VQOH8H4E,0,Q25110269
VQOH8H4E,1,Q1075
WMC9CW7Q,0,Q25110269
WMC9CW7Q,2,Q5
WMC9CW7Q,3,Q5
F8MQ105I,0,Q25110269
F8MQ105I,2,Q5
F8MQ105I,3,Q5
2PKP0LFJ,0,Q25110269
2PKP0LFJ,2,Q5
2PKP0LFJ,3,Q5
G4GNYXFY,0,Q25110269
G4GNYXFY,2,Q5
7649AQ35,0,Q25110269
7649AQ35,2,Q5
F48VLIBR,0,Q25110269
F48VLIBR,2,Q5
4S06UGAP,0,Q25110269
4S06UGAP,2,Q5
5IRDGB10,0,Q25110269
5IRDGB10,2,Q5
N36B75WW,0,Q25110269
N36B75WW,2,Q5
1YW8NANV,0,Q25110269
1YW8NANV,2,Q5
FU5INUG9,0,Q25110269
FU5INUG9,2,Q5
NBPQ8AZE,0,Q25110269
NBPQ8AZE,2,Q5
JUGW6J9W,0,Q25110269
JUGW6J9W,2,Q5
BIBLCESC,0,Q25110269
BIBLCESC,1,Q5
BIBLCESC,3,Q24856
ASCQ6276,0,Q25110269
ASCQ6276,1,Q5
ASCQ6276,3,Q24856
JI9D40TH,0,Q25110269
YQTQ1Y49,0,Q25110269
STEZQ7Y5,0,Q25110269
STEZQ7Y5,1,Q3516833
CGE38PAN,0,Q25110269
CGE38PAN,1,Q3516833
JNAI5NSS,0,Q36496
G89GC8RO,0,Q22074477
G89GC8RO,2,Q1047698
P3101Y1V,0,Q22074477
P3101Y1V,2,Q1047698
9IT5RYRX,0,Q22074477
9IT5RYRX,2,Q1047698
ZUDX0N5J,0,Q22074477
ZUDX0N5J,2,Q1047698
NMJUQQ03,0,Q22074477
NMJUQQ03,2,Q101352
NFFUFLFM,0,Q22074477
NFFUFLFM,2,Q101352
QH2KWXTZ,0,Q22074477
QH2KWXTZ,2,Q101352
23PD0UL0,0,Q22074477
23PD0UL0,2,Q101352
RQK9MFD7,0,Q22074477
RQK9MFD7,1,Q28640
RQK9MFD7,2,Q101352
VAAPY0R6,0,Q22074477
VAAPY0R6,2,Q101352
98HDB1VG,0,Q22074477
98HDB1VG,2,Q101352
VP78JYGY,0,Q22074477
VP78JYGY,2,Q5
VP78JYGY,3,Q5
QASZD5Q8,0,Q22074477
QASZD5Q8,1,Q63998451
QASZD5Q8,2,Q5
QASZD5Q8,3,Q5
QKRQITFM,0,Q22074477
QKRQITFM,2,Q5
QKRQITFM,3,Q5
ZQ93EVLH,0,Q22074477
ZQ93EVLH,2,Q5
ZQ93EVLH,3,Q5
FES38EJY,0,Q22074477
W7GD7V7Y,0,Q22074477
AR2XIR80,0,Q22074477
AR2XIR80,1,Q12308941
FGUGC6HI,0,Q22074477
FGUGC6HI,1,Q12308941
FGUGC6HI,2,Q559618
OWRNODIJ,0,Q22074477
OWRNODIJ,1,Q12308941
5QWSU01D,0,Q22074477
5QWSU01D,2,Q559618
7PBCNEUO,0,Q22074477
7PBCNEUO,2,Q559618
VDXO2PQZ,0,Q22074477
VDXO2PQZ,2,Q559618
ZN9NU7TK,0,Q22074477
ZN9NU7TK,1,Q12308941
1PD687CX,0,Q22074477
0P6QG7OD,0,Q101352
0P6QG7OD,1,Q24577840
KMQA88GN,0,Q22074477
WGM50E9Y,0,Q22074477
S6MUG4ER,0,Q1114461
S6MUG4ER,1,Q14623646
0BB9LDWW,0,Q22074477
UBCMK2L6,0,Q22074477
1KYOLN8M,0,Q5
TXFDF1RN,0,Q22074477
TXFDF1RN,1,Q14514600
5KLRX9OR,0,Q22074477
6AYM7FOJ,0,Q486972
WW6H57G3,0,Q16521
UHF3DDNW,0,Q63209072
U88WEIA8,0,Q179872
W79OLDLX,0,Q179872
EYN4VJHQ,0,Q1073242
Q59ORNBM,0,Q1073242
VI1NHRFX,0,Q456876
H3BMA33Z,0,Q456876
5LN9VH33,0,Q456876
YLPTDAB9,0,Q456876
NPB7XSVY,0,Q456876
ZAL1YSH8,0,Q456876
KX3LX1SX,0,Q456876
I9UBZLH8,0,Q1077097
4GQ49E6O,0,Q456876
SUOFRHM6,0,Q456876
A8QUP1RG,0,Q1207909
IM7G7NU9,0,Q1207909
LF0L1RFW,0,Q1207909
WCNY09CW,0,Q1207909
Z2C0SJ2P,0,Q1207909
E5SH96UI,0,Q1207909
G1VRIJCS,0,Q1207909
DIRGFYG1,0,Q1207909
KH5JNTDS,0,Q1207909
UR3U4E94,0,Q1207909
YZHM9PK8,0,Q1207909
ZSAYTWB1,0,Q1207909
HW1F6DZS,0,Q3947
A4PV6G2Y,0,Q3947
T35KO1JY,0,Q3947
2I1HR6ZL,0,Q1516079
5QOWPOQ6,0,Q1207909
5QOWPOQ6,1,Q6256
FG9BJKFU,0,Q3529419
LHMHPEZO,0,Q3529419
WDGBCIIX,0,Q21199
HHHMUO24,0,Q861555
LKU4MZWM,0,Q19723451
92LGW2L0,0,Q19723451
25WSQ7H0,0,Q19723451
4A7C59U6,0,Q19723451
G7TKL0QV,0,Q19723451
LJ6PSM60,0,Q19723451
X0ZBYGPD,0,Q19723451
W4COJ6CA,0,Q19723451
XOQ0GXAJ,0,Q19723451
ECPJHBFB,0,Q19723451
3MVEFWD4,0,Q19723451
Z1DPNTZL,0,Q19723451
84VP87FD,0,Q19723451
KD31KN7O,0,Q19723451
IWCMBNFX,0,Q19723451
L9Z6CMTN,0,Q19723451
G3AUNE61,0,Q19723451
W4GE238D,0,Q19723451
S4ETCW3D,0,Q19723451
QCFMB4FY,0,Q19723451
GSWXM2FB,0,Q19723451
4URVPYWY,0,Q19723451
676M5NCH,0,Q19723451
3KNDQ154,0,Q19723451
YE142TG5,0,Q19723451
ZH175HKS,0,Q19723451
NNHV7E2N,0,Q19723451
K2PNIR84,0,Q19723451
6RH54VNS,0,Q19723451
ZEC5V7OB,0,Q19723451
VTWIVOBC,0,Q19723451
HIQIMH2W,0,Q726870
MDKYTXGY,0,Q726870
TH0KK41Y,0,Q550089
TH0KK41Y,1,Q3624078
C85OM859,0,Q550089
9OFDUVSJ,0,Q550089
QPNA76JF,0,Q550089
E3GLK3XR,0,Q550089
H4LFDGV4,0,Q550089
3LTIW8R2,0,Q550089
AMDQABD7,0,Q550089
7CK27MWC,0,Q550089
0EP6IB8H,0,Q550089
XQWVRI43,0,Q2111434
5HB7YG3U,0,Q2111434
0HGPSQQ5,0,Q787934
M0Z18QL9,0,Q787934
K33SSOS4,0,Q23442
M5LO0D10,0,Q23442
FDHILDVT,0,Q23442
LTOPMKYG,0,Q23442
FBY6HH5E,0,Q23442
XO0PR1SC,0,Q23442
MC16UMN7,0,Q23442
IFTOEBYJ,0,Q23442
229FBZOB,0,Q23442
0MAC3ZWJ,0,Q23442
PWQY57MA,0,Q23442
MWW2JIMA,0,Q23442
GM5GX3UI,0,Q23442
V34OVRY9,0,Q23442
J9ZSCFLR,0,Q23442
WOY39GG5,0,Q23442
AQ4N2YP1,0,Q23442
Z91KZAC1,0,Q23442
FBGMEYZA,0,Q23442
KAM3B7TF,0,Q23442
4YMG9J76,0,Q23442
61FSIUXT,0,Q23442
WG7J05KM,0,Q23442
0P1US6UY,0,Q23442
R787H6PT,0,Q23442
JJWPGN9O,0,Q23442
NG58JXL0,0,Q23442
YJ1XSI2V,0,Q23442
GF174J22,0,Q23442
H25RRE3E,0,Q23442
GBZD8FXL,0,Q23442
ZCNVI7Q9,0,Q23442
T7KQRGMU,0,Q23442
IFAFE7VW,0,Q23442
D6XHBZMY,0,Q13221722
G46UANJ3,0,Q13221722
ABEC8SJK,0,Q13221722
1B0BX7XG,0,Q13221722
22RY5D0A,0,Q13221722
F0QY1T5T,0,Q13221722
IYNOV595,0,Q13221722
2JKMYVV6,0,Q13221722
GS7EJKLC,0,Q13221722
105F34OY,0,Q13221722
6U9G7N7Z,0,Q203904
6U9G7N7Z,1,Q19791817
6U9G7N7Z,2,Q203904
ZL547VGM,0,Q203904
ZL547VGM,1,Q19791817
ZL547VGM,2,Q203904
F79B00AM,0,Q203904
F79B00AM,2,Q17412916
NWC3HJCA,0,Q203904
NWC3HJCA,1,Q203904
NWC3HJCA,2,Q17412916
Z2U9ZNE0,0,Q203904
Z2U9ZNE0,2,Q7725634
NIEAHGKQ,0,Q203904
HGR9LPD4,0,Q5
AMXOIL4R,0,Q917146
OIJ2HFA5,0,Q917146
7AYSV822,0,Q917146
T9LGOHAN,0,Q101352
0ORLQCTS,0,Q262166
OVKDL1DZ,0,Q486972
12PU63C6,0,Q7187
838QUK3H,0,Q202444
XJMAVW8L,0,Q486972
927X81E2,0,Q917146
25JG1OW5,0,Q75520
E76IZ40S,0,Q486972
0THS6KKP,0,Q75520
2LDOHMO0,0,Q75520
IH194CXP,0,Q75520
ZLKWQ04C,0,Q75520
0L3HPKXS,0,Q75520
9INQHASH,0,Q244264
9QK5Z0LA,0,Q244264
897IVPJT,0,Q244264
OK0HJRIV,0,Q244264
9TP4JOXB,0,Q244264
DN5GECAV,0,Q130019
GZ6IPSAF,0,Q6063801
OV98TZTY,0,Q5116872
JP7GL6A8,0,Q5116872
JP7GL6A8,1,Q30634609
2P0R49K2,0,Q5116872
34N53H6L,0,Q5116872
IUGZPCFR,0,Q16521
VDPZ209S,0,Q16521
VTNFE40D,0,Q16521
B6VETPFK,0,Q16521
3OQF4H8D,0,Q16521
QJQWR21G,0,Q16521
U842SHTV,0,Q16521
TH68BL3M,0,Q16521
9BIO3SRM,0,Q16521
I3KBU0VS,0,Q16521
JB24IVDT,0,Q16521
3KS9I3SO,0,Q16521
HK67DKQW,0,Q16521
A2YMQEC9,0,Q16521
9HOL3Z6F,0,Q16521
3HX17NGR,0,Q16521
F5U88SH1,0,Q16521
N3TRA1DV,0,Q16521
F3DKJFI8,0,Q16521
66FTLM2N,0,Q16521
TA1685PU,0,Q16521
6IF2S4G6,0,Q16521
WO7KUTIV,0,Q16521
Y4QDBITF,0,Q16521
29XI2SMQ,0,Q16521
X12LHLEA,0,Q16521
GX7Y6EU5,0,Q16521
TG8OVV6L,0,Q16521
ZC9D67HV,0,Q16521
GGQOBF2Q,0,Q16521
HJCZC4U6,0,Q16521
L2YLEZPP,0,Q644507
KMBJIF42,0,Q644507
CILF4GOV,0,Q644507
2PRDF5Y6,0,Q644507
1ML8KWAF,0,Q644507
QVUMKOVZ,0,Q644507
WYUHKQKX,0,Q644507
LB4QTJ4K,0,Q644507
OWG92HXV,0,Q644507
HYF3CLOJ,0,Q644507
GXQNQYTX,0,Q644507
X02N3STL,0,Q644507
ZCF5QK9P,0,Q644507
YM4AGX4K,0,Q644507
GC56O7YD,0,Q644507
N09A0UV6,0,Q644507
IM05K1O9,0,Q644507
TDRC6DFS,0,Q644507
UV1JK8S4,0,Q644507
CLZR5AY6,0,Q644507
RE4CJZ28,0,Q644507
AOOHOPP0,0,Q644507
WEDCKRKU,0,Q2516330
DSVVIN1V,0,Q2516330
65J8Y556,0,Q2516330
ETMNTRU9,0,Q2516330
S9IM092B,0,Q2516330
E6MW9TMQ,0,Q2516330
QC8LKYZH,0,Q2516330
Y13XYJUI,0,Q2516330
RPXBMEXR,0,Q2516330
EIFIFPG5,0,Q34009
BOQCBCGZ,0,Q34009
24VX042M,0,Q34009
DG8WV6JL,0,Q34009
EGZ3Q3VR,0,Q34009
FY1XCK3Y,0,Q34009
P5K33Z2J,0,Q34009
YFUAL1V2,0,Q34009
ELAB91KI,0,Q34009
3AOTBU4I,0,Q34009
C5H7Y8RF,0,Q34009
FH3AEQ0G,0,Q34009
MF8ZGM7P,0,Q519630
T39A1X7Q,0,Q101352
9RSPTTPG,0,Q59773381
RTVF6V3I,0,Q59773381
GB84NG7S,0,Q3231690
TTBDXPWA,0,Q59773381
TTBDXPWA,1,Q786820
W9KXY040,0,Q59773381
W9KXY040,1,Q10429667
5F3FG803,0,Q59773381
7JASNXIC,0,Q59773381
40UP06Z6,0,Q59773381
ZCIPK5KB,0,Q3231690
O8MF5OHJ,0,Q59773381
MMXRT2G8,0,Q59773381
MMXRT2G8,2,Q836985
FL1MGXRD,0,Q59773381
FL1MGXRD,1,Q786820
FL1MGXRD,2,Q836985
1TS3WR4W,0,Q59773381
OGI8T8FS,0,Q59773381
OGI8T8FS,2,Q836985
OC0947KI,0,Q59773381
OC0947KI,1,Q786820
T031T78B,0,Q59773381
T031T78B,1,Q3231690
T031T78B,2,Q3231690
R988L2S6,0,Q7854
JZJ9DHYX,0,Q7854
VP9V85MB,0,Q7854
5YYUTU5P,0,Q7854
HFTYBV2N,0,Q29414133
KJ4E0MKB,0,Q29414133
65IJRQLO,0,Q29414133
65IJRQLO,1,Q29414133
VQ2RT9LU,0,Q29414133
YJZCEVZG,0,Q29414133
YJZCEVZG,1,Q16739079
R425QLPT,0,Q29414133
R425QLPT,1,Q16739079
7V9RK1FF,0,Q29414133
5EITELXK,0,Q29414133
RH5RWHLX,0,Q29414133
RH5RWHLX,1,Q29414133
V28OCKGX,0,Q29414133
6MNEJA0Z,0,Q29414133
Q9FJ5GU3,0,Q29414133
D83KFFI7,0,Q532
ATJHXA8U,0,Q29414133
XZVTMAAM,0,Q29414133
K0PYBVDR,0,Q29414133
MAT802EQ,0,Q29414133
BB3F912J,0,Q29414133
1QUKJJWO,0,Q29414133
EDI3V4OA,0,Q532
S9ROICYK,0,Q29414133
S9ROICYK,1,Q5
UID116Y4,0,Q29414133
UID116Y4,1,Q5
HIPYPM37,0,Q29414133
HIPYPM37,1,Q5
Y6VKST5M,0,Q29414133
Y6VKST5M,1,Q5
YS9AR23L,0,Q101352
YS9AR23L,1,Q5
N6DUORG5,0,Q29414133
N6DUORG5,2,Q29385989
Z4302BGP,0,Q21672098
WEMBUTIN,0,Q29414133
HNLR625S,0,Q29414133
7LLN7Y8G,0,Q29414133
HYR5QF7A,0,Q29414133
FHC6A3VM,0,Q29414133
L4U4DDLV,0,Q29414133
SG5RL7IT,0,Q5
WY0KRD3G,0,Q5
W8Q5BAIQ,0,Q29414133
W8Q5BAIQ,1,Q59136
W8Q5BAIQ,3,Q4164871
RXLSB9N3,0,Q29414133
RXLSB9N3,3,Q4164871
L5UMX00R,0,Q29414133
L5UMX00R,1,Q43229
IGHRXBFD,0,Q29414133
IGHRXBFD,1,Q43229
QZ72XUQX,0,Q29414133
QZ72XUQX,1,Q43229
AEVHVBUB,0,Q29414133
AEVHVBUB,1,Q43229
XERZRPTQ,0,Q29414133
XERZRPTQ,1,Q43229
AV7OXR1D,0,Q29414133
AV7OXR1D,1,Q43229
R4KA55G7,0,Q29414133
R4KA55G7,1,Q43229
SQRD9IWI,0,Q29414133
SQRD9IWI,1,Q43229
O6CTPVAC,0,Q29414133
O6CTPVAC,1,Q43229
QF8XOX0Z,0,Q63100611
54DOZ0VY,0,Q63100611
QTXONAQ2,0,Q63100611
8FNQRRLL,0,Q63100611
6L5HYS9N,0,Q63100611
N8YEOH0X,0,Q63100611
51XQ5URI,0,Q63100611
1B5G7FQD,0,Q63100611
MHU6Z3TF,0,Q63100611
DCUB6L8J,0,Q63100559
SZWGL2HG,0,Q63100611
9ZYYUTWM,0,Q1121471
7N5SDOP9,0,Q1121471
LCFD1ONV,0,Q1121471
MGXLY5VZ,0,Q178651
WUAKYMMA,0,Q15221370
44KFDMTZ,0,Q15221370
P4BJ56D2,0,Q15221370
H5MKQF52,0,Q15221370
CWMCSVGT,0,Q15221370
DRFRP0VC,0,Q15221370
OG3LMXMH,0,Q15221370
8KH4XV5Q,0,Q15221370
JY7Y9V9V,0,Q15221370
AVDQYV1F,0,Q1093829
8G674EN5,0,Q4886
KOGBNJMG,0,Q4886
G7QECJ1R,0,Q4886
G7QECJ1R,1,Q427626
X6GNE4FQ,0,Q4886
X6GNE4FQ,1,Q427626
5DQFGA7G,0,Q4886
KFFCU6GE,0,Q4886
K8L60LDE,0,Q28419128
KV0U8KNO,0,Q28419128
X3ET1OR8,0,Q28419128
LE9YCS7E,0,Q28419128
EMUX2KFY,0,Q28419128
EMUX2KFY,1,Q37748
9O5QTHNA,0,Q28419128
9O5QTHNA,1,Q37748
XRYRFYO9,0,Q28419128
XRYRFYO9,1,Q37748
QD96C8BA,0,Q28419128
QD96C8BA,1,Q37748
VS4KX4Y4,0,Q28419128
VS4KX4Y4,1,Q37748
1QYI532B,0,Q28419128
1QYI532B,1,Q37748
AM7GT9OU,0,Q28419128
AM7GT9OU,1,Q37748
WALJWYLE,0,Q28419128
WALJWYLE,1,Q37748
0HNFC1J3,0,Q28419128
0HNFC1J3,1,Q37748
74W84FQA,0,Q28419128
74W84FQA,1,Q11173
74W84FQA,2,Q7187
74W84FQA,3,Q11173
3OQKQE46,0,Q28419128
3OQKQE46,2,Q7187
3OQKQE46,3,Q11173
D0CC83W3,0,Q28419128
D0CC83W3,1,Q11173
D0CC83W3,2,Q7187
D0CC83W3,3,Q11173
01L8YMFT,0,Q28419128
01L8YMFT,1,Q11173
01L8YMFT,2,Q7187
01L8YMFT,3,Q11173
DYYTEO4X,0,Q28419128
DYYTEO4X,2,Q7187
DYYTEO4X,3,Q11173
SJ7J8ELJ,0,Q101352
5L21XL2K,0,Q6936225
FIBINP9F,0,Q171318
IYMT6I8F,0,Q16858213
QXOPMNOV,0,Q16858213
4I4AEIIO,0,Q16858213
M79EWCHC,0,Q16858213
JMS8B94N,0,Q16858213
WRIP7OBS,0,Q16858213
TCHKBXIJ,0,Q16858213
MHYDUQ5G,0,Q16858213
6LZP9FQ5,0,Q16858213
UXQD2KIG,0,Q16858213
I2MUDL42,0,Q16858213
LN0Q6J1D,0,Q16858213
QIR968EX,0,Q16858213
C6Z978FH,0,Q16858213
OKAX81NF,0,Q16858213
ZC7DQ5IO,0,Q16858213
8234I9CC,0,Q16858213
VNH1DXXK,0,Q655150
E52W90MI,0,Q655150
D0NXZYQT,0,Q655150
FMJB7IOY,0,Q655150
I1QES8SD,0,Q655150
AQ1OHCWA,0,Q655150
5KVUPY2O,0,Q655150
YC6N1PUT,0,Q655150
OMCMFLSR,0,Q655150
I21PO66D,0,Q655150
ZE5VA805,0,Q655150
ZE5VA805,1,Q5
IX1V88JN,0,Q655150
IX1V88JN,1,Q20646668
F4LAT17U,0,Q655150
F4LAT17U,1,Q20646668
ND7BIF5I,0,Q655150
YMBBEH8H,0,Q655150
YMBBEH8H,1,Q20646668
MKK4W0AA,0,Q655150
MKK4W0AA,1,Q20646668
VGXVCHNE,0,Q655150
VGXVCHNE,1,Q20646668
87663LGV,0,Q655150
87663LGV,1,Q5
87663LGV,2,Q655150
5595KQPC,0,Q655150
5595KQPC,1,Q5
5595KQPC,2,Q655150
J2BZJ0PQ,0,Q655150
J2BZJ0PQ,1,Q655150
J2BZJ0PQ,2,Q2312410
J2BZJ0PQ,3,Q5
7MGNRDP7,0,Q655150
7MGNRDP7,1,Q655150
7MGNRDP7,2,Q2312410
7MGNRDP7,3,Q5
ILOBLYD4,0,Q655150
ILOBLYD4,1,Q655150
ILOBLYD4,2,Q2312410
ILOBLYD4,3,Q5
OE99VAVE,0,Q655150
OE99VAVE,1,Q655150
OE99VAVE,2,Q2312410
OE99VAVE,3,Q5
YH0LOFE8,0,Q655150
YH0LOFE8,1,Q655150
YH0LOFE8,2,Q2312410
LHMM9V58,0,Q655150
LHMM9V58,1,Q655150
LHMM9V58,2,Q2312410
LHMM9V58,3,Q5
G9JFUIMV,0,Q655150
G9JFUIMV,1,Q655150
G9JFUIMV,2,Q2312410
G9JFUIMV,3,Q5
3O7ICTBV,0,Q655150
3O7ICTBV,1,Q655150
3O7ICTBV,2,Q2312410
3O7ICTBV,3,Q5
Q9Y7K5TD,0,Q655150
Q9Y7K5TD,1,Q655150
Q9Y7K5TD,2,Q2312410
Q9Y7K5TD,3,Q5
ESB3E8Y0,0,Q655150
ESB3E8Y0,2,Q5
BZOAK5KO,0,Q655150
BZOAK5KO,1,Q53534649
BZOAK5KO,2,Q5
63LUDM50,0,Q22687
U6I112JQ,0,Q22687
I5TJ0E2P,0,Q22687
M6RX9EXO,0,Q22687
LK1AYJ4L,0,Q22687
SCY2232A,0,Q22687
8H6BELH7,0,Q22687
UK3GQNFV,0,Q3677932
G36NKXXN,0,Q3677932
MNX0H74V,0,Q3677932
UKN1HF89,0,Q3677932
43V0RG7H,0,Q3677932
RHVJFBZ3,0,Q3677932
IP0F7JE2,0,Q16739079
P4OG354Y,0,Q16739079
DFX9MOQZ,0,Q16739079
1JYKJZJ9,0,Q16739079
XZM0JI7X,0,Q16739079
W57UZ2UX,0,Q16739079
0UYKX5G8,0,Q16739079
GA75ML5F,0,Q16739079
IRCFUO8L,0,Q16739079
FDKKCHOI,0,Q16739079
AV33P7SS,0,Q45776
AV33P7SS,3,Q23442
Z4LWSOCF,0,Q45776
Z4LWSOCF,1,Q1053916
H3S4BWKY,0,Q45776
UHRKK7CC,0,Q45776
9JZ7Y0VR,0,Q45776
GS0QYQ7M,0,Q45776
XPMKLLKH,0,Q45776
XPMKLLKH,1,Q112099
B7LU2IAI,0,Q45776
B7LU2IAI,1,Q6256
Y1JL61BC,0,Q45776
UWRWRJW4,0,Q45776
UEWIU7ZK,0,Q45776
UEWIU7ZK,1,Q6256
NTEM5PBN,0,Q45776
NTEM5PBN,2,Q473972
6SW8OMMZ,0,Q45776
8FKQRPZ1,0,Q45776
8FKQRPZ1,2,Q37901
GK8VT44L,0,Q558330
FWK2F8NY,0,Q515
G0QIS0QB,0,Q558330
F572GL7J,0,Q558330
26292XBY,0,Q558330
09GF1ZCQ,0,Q558330
TVXFU6CJ,0,Q5
F8VNF35P,0,Q515
QV4WKRWM,0,Q558330
5S9D8CDZ,0,Q558330
D3I4491W,0,Q558330
8V1CF6DV,0,Q16521
BC1XWL3Y,0,Q558330
1VWTXASL,0,Q515
INN3O4ZZ,0,Q558330
GYYCY6K9,0,Q558330
BC41IRMO,0,Q558330
967RIOKJ,0,Q558330
3HEZSXTD,0,Q31615
3HEZSXTD,2,Q23442
3HEZSXTD,3,Q5107
B04UKK0S,0,Q31615
B04UKK0S,2,Q46966
B04UKK0S,3,Q5107
ZAN4T385,0,Q31615
ZAN4T385,1,Q3624078
41RRO1IJ,0,Q31615
V8B1MH6J,0,Q31615
V8B1MH6J,1,Q3624078
EVY32XCT,0,Q31615
EVY32XCT,1,Q3624078
QLGLOB4W,0,Q31615
OKWDNHXM,0,Q31615
OKWDNHXM,1,Q3624078
8XGRA4PY,0,Q31615
8XGRA4PY,1,Q3624078
AIVJ9AAL,0,Q31615
AIVJ9AAL,1,Q3624078
22H9BLVH,0,Q31615
22H9BLVH,1,Q3624078
8LFTT1SO,0,Q31615
8LFTT1SO,1,Q9430
EX08T590,0,Q349772
EX08T590,1,Q1254933
VST41LU9,0,Q349772
VST41LU9,1,Q1254933
GQAHSKF0,0,Q349772
LTGJLIWP,0,Q349772
LTGJLIWP,1,Q1254933
ME7YAQ71,0,Q349772
V8RD9O3J,0,Q349772
V8RD9O3J,1,Q1254933
4UILL8V3,0,Q349772
0S7UBJRA,0,Q349772
GUYIVSZ7,0,Q190157
GUYIVSZ7,1,Q1221156
L578YAVX,0,Q3343298
Q9YZTPG4,0,Q12225020
92EWI9YN,0,Q12225020
BSEHMJEW,0,Q12225020
CUAU8CJC,0,Q12225020
UBCA3S6F,0,Q12225020
6G99L8O3,0,Q12225020
U92IJE8G,0,Q12225020
MTWRPSK7,0,Q12225020
RXGDDMVW,0,Q12225020
WNA93BOJ,0,Q12225020
8Y6YPMDR,0,Q12225020
N224517P,0,Q12225020
5P47EXDI,0,Q12225020
7EC52KRQ,0,Q12225020
2KAS0TC1,0,Q12225020
XM6BHH6D,0,Q12225020
SCHYOMJ8,0,Q12225020
LVBMHVHH,0,Q12225020
D5YZIYRZ,0,Q12225020
SKQWBP0S,0,Q12225020
B4T4LI5V,0,Q12225020
MZE73VBK,0,Q12225020
GC894Z8J,0,Q12225020
RU3CHRSA,0,Q12225020
FLMUCE80,0,Q12225020
7U28OXU1,0,Q12225020
P6TR9Z4G,0,Q12225020
NSLV1PTY,0,Q486972
8W5Y558Z,0,Q12225020
CNRKOXXR,0,Q21073024
UKGQ1SIL,0,Q21073024
7QDU59FG,0,Q21073024
YZ6TMOLZ,0,Q21073024
MKX06O3J,0,Q21073024
YMSZICLK,0,Q21073024
YMSZICLK,1,Q109560589
A9RIKGFB,0,Q21073024
A9RIKGFB,1,Q109560589
201FQ9PI,0,Q21073024
O2R8R2L5,0,Q21073024
99VBMTJ9,0,Q33742
ZXG1F4ZQ,0,Q33742
D78RF7ET,0,Q33742
N03MUM7C,0,Q15145593
N03MUM7C,1,Q11581821
N03MUM7C,2,Q1549591
MA213132,0,Q15145593
GAEJ3JBG,0,Q15145593
T81OMUQL,0,Q15145593
IGKYZBZ4,0,Q15145593
QELWRWG4,0,Q15145593
QELWRWG4,2,Q17377208
LJUCLBYU,0,Q15145593
LJUCLBYU,1,Q2175765
LJUCLBYU,2,Q740752
2EGJKPYM,0,Q15145593
O63YVJPR,0,Q15145593
O63YVJPR,1,Q15640053
SPS9280A,0,Q15145593
SPS9280A,1,Q15640053
X9580HCL,0,Q15145593
X9580HCL,1,Q15640053
UAQXFYYZ,0,Q15145593
UAQXFYYZ,1,Q15640053
BG7I9IBZ,0,Q15145593
BG7I9IBZ,1,Q15640053
M3NVCQ62,0,Q15145593
M3NVCQ62,1,Q15640053
MSO7ZWUQ,0,Q15145593
MSO7ZWUQ,1,Q15640053
TBN9VAX4,0,Q15145593
TBN9VAX4,1,Q15640053
LHRTSOCC,0,Q15145593
4910IXCL,0,Q15145593
7DIU6SW4,0,Q15145593
7DIU6SW4,1,Q184943
6BF2RC52,0,Q15145593
6BF2RC52,1,Q184943
2U80RXKO,0,Q15145593
2U80RXKO,1,Q184943
KQ5FVFUU,0,Q15145593
KQ5FVFUU,1,Q214519
EA4ZCRUT,0,Q15145593
EA4ZCRUT,1,Q214519
1JKWZVWA,0,Q15145593
1JKWZVWA,1,Q214519
ZL49WM3N,0,Q216057
ZL49WM3N,1,Q2982955
TY77HK68,0,Q216057
1ZSMCZ9V,0,Q216057
1ZSMCZ9V,1,Q2982955
QHM06ULR,0,Q216057
QHM06ULR,1,Q2982955
TO4EIYZE,0,Q216057
BHLJDX39,0,Q216057
OGSAW77D,0,Q216057
OGSAW77D,1,Q5
OE9B7CVH,0,Q216057
36TZ0TS6,0,Q216057
CGT7B3V1,0,Q11446
ZZA9DTVL,0,Q216057
AK3RAP1O,0,Q216057
AK3RAP1O,2,Q515
8FQIV5U0,0,Q216057
6LFOGC0Y,0,Q216057
HCJI6F5M,0,Q5
QU2M59T0,0,Q5
YQ14OA5W,0,Q5
ALMEZXRE,0,Q101352
EXZX2QGR,0,Q618779
6Y4OIAPU,0,Q618779
HX31I8JV,0,Q55089312
SUCLQC7B,0,Q55089312
G86TTUPP,0,Q55089312
8S9S2SNQ,0,Q55089312
RA9LC3EB,0,Q55089312
T360FI9V,0,Q55089312
L3ZTRUJT,0,Q55089312
H29A4VYO,0,Q55089312
Q729DBLX,0,Q55089312
NXRDY61G,0,Q758895
NXRDY61G,2,Q9143
TPYODC4T,0,Q758895
TPYODC4T,1,Q9135
TPYODC4T,2,Q899523
P1H5HFFE,0,Q758895
P1H5HFFE,1,Q17155032
HGEMB3QT,0,Q758895
WZOKOPNH,0,Q758895
WZOKOPNH,1,Q17155032
X6OFD5SS,0,Q758895
X6OFD5SS,1,Q17155032
G2W3GBEL,0,Q756102
G2W3GBEL,2,Q6256
N67S6C0A,0,Q756102
N67S6C0A,2,Q6256
EZ20LLDS,0,Q756102
MHA4J7DM,0,Q756102
T8TZDXFG,0,Q756102
BJEJZHHU,0,Q756102
12I8TCVM,0,Q756102
QA24SLKG,0,Q756102
UINQK9B1,0,Q1153690
K5X2PW2A,0,Q1153690
9MZDL2O7,0,Q1153690
C7398VHQ,0,Q1153690
W82UTAGQ,0,Q1153690
KRPNLIYK,0,Q1153690
WXUYR7H0,0,Q1153690
9EYTMTXW,0,Q1229765
OLF6PJ57,0,Q1229765
8QWVNZAC,0,Q1229765
7ON11CVB,0,Q1229765
0YYAY652,0,Q1229765
C83ZFFZW,0,Q93184
DPBMAXRH,0,Q93184
KTLYZX5C,0,Q93184
TU90CLOS,0,Q93184
EQICJOD9,0,Q93184
ROJ364ZC,0,Q93184
RL5KC2WD,0,Q93184
9SK50IML,0,Q93184
IEIOXD50,0,Q93184
FV9QIB1A,0,Q811704
KFIFTL02,0,Q811704
HJYI46W2,0,Q811704
7CW5V1H7,0,Q523
VMQDKF77,0,Q7187
PCDW2GFM,0,Q22984475
CTR9JK1N,0,Q811704
JLA6MKGR,0,Q811704
SSR428YS,0,Q811704
LUDLEGEC,0,Q811704
9ZQ5VOQY,0,Q811704
FXVVAI1R,0,Q811704
KWSJH31Z,0,Q811704
66ELVZDX,0,Q811704
G2A0KGWB,0,Q811704
QR77OJUJ,0,Q811704
AQ826BIU,0,Q811704
5PEQ2JN4,0,Q811704
B3ANWLSV,0,Q811704
I0MOHPXW,0,Q811704
573RB0FG,0,Q811704
JL30QRHS,0,Q811704
I918LIM6,0,Q811704
PA8CE3QO,0,Q811704
AJ4UYLCA,0,Q811704
T03OLNO7,0,Q44529188
QR18QFA6,0,Q55488
66Z3JB67,0,Q3397526
0HE9CAV9,0,Q3397526
JNT8GQ1T,0,Q1223230
EAJBG8T9,0,Q28225717
V2GGGTN6,0,Q28225717
1FXP170N,0,Q28225717
T1U9YOQS,0,Q28225717
LZAFV005,0,Q28225717
TMDRA5G6,0,Q28225717
84EVIMQY,0,Q28225717
ZAR949NK,0,Q28225717
YRYU1A4I,0,Q162620
0ERTPGE0,0,Q162620
F0PLXURJ,0,Q162620
6OCA7ZOV,0,Q162620
4202MSCC,0,Q162620
8XCNJ5ZE,0,Q162620
FEPMI459,0,Q162620
UQW22OQH,0,Q162620
BDGZG3FM,0,Q161387
BA1SZ3QI,0,Q161387
Q67GFJ8W,0,Q161387
CW6I4LI1,0,Q161387
YKY4EJDQ,0,Q161387
W2QJKNN6,0,Q161387
NUGUYJRI,0,Q161387
AB3BKP5L,0,Q161387
ESJJI6K9,0,Q161387
HH5YWF8G,0,Q161387
9SS34P6D,0,Q161387
ZI65DJAN,0,Q161387
QQ1503QX,0,Q161387
3CBWRIUD,0,Q161387
FH7LUYWV,0,Q161387
XGB0VY9W,0,Q161387
NBWU6UNU,0,Q161387
DX50C8OW,0,Q161387
Q3904LB1,0,Q161387
YK93CG0B,0,Q381885
H8NI1WSD,0,Q10862618
6V9NNMVP,0,Q10862618
66W1O2LD,0,Q10862618
U565T9CQ,0,Q39816
FVRSITLX,0,Q10862618
HP7UO68O,0,Q10862618
9Y0JFTJA,0,Q10862618
0W5FH13A,0,Q10862618
E6C9F6HZ,0,Q10862618
6IY9M6DG,0,Q2309609
ETXTG8QM,0,Q2365159
VEW0YIC2,0,Q658255
G2W0VC82,0,Q658255
908GDDY6,0,Q658255
VX07G3PT,0,Q658255
OL6LEVV9,0,Q11032
0Z9SXGC3,0,Q658255
NNMOA7PL,0,Q658255
DRX968Y2,0,Q658255
W4ZP7NAW,0,Q4830453
RJ1REHDR,0,Q1768043
02LM083D,0,Q1768043
8ZH0SK24,0,Q1768043
ATXDFLLB,0,Q1768043
3ZG3T2F5,0,Q1768043
HEKT08JQ,0,Q1768043
37EL7GDA,0,Q1768043
TUFVQQIJ,0,Q1768043
8JEVIS49,0,Q3257686
7OMMETVR,0,Q3257686
7H2RYII4,0,Q3257686
2S6K4VHP,0,Q3257686
A5PA9Y8N,0,Q3257686
6DGON0OC,0,Q3257686
5PSJIGVH,0,Q3257686
D0L0WOOS,0,Q3257686
C4C5ZBXM,0,Q3257686
BP5VI9Z0,0,Q3257686
W9PEVYEV,0,Q3257686
0ANLN8DZ,0,Q3257686
Z16IF1A8,0,Q3257686
2C4HVREI,0,Q486972
YVTS9L5B,0,Q15921247
YSQA9N18,0,Q15921247
R7H9CHV0,0,Q15921247
JIYQUQC2,0,Q15921247
62EZS4PL,0,Q15921247
5FUC5KUX,0,Q15921247
AJUNDW0R,0,Q15921247
XJBMZ73D,0,Q4022
7FB0CL8Z,0,Q207694
7FB0CL8Z,1,Q3624078
MIOFBONS,0,Q740437
MIOFBONS,1,Q3624078
ACMP8K3Y,0,Q740437
ACMP8K3Y,1,Q3624078
74VKQAMG,0,Q740437
74VKQAMG,1,Q3624078
BJUCNHPY,0,Q29168811
4NHE0ZQT,0,Q29168811
GZBFJSTC,0,Q29168811
7W8BTMFJ,0,Q29168811
1YAAWM0Q,0,Q29168811
71B01HID,0,Q29168811
P734V9Z9,0,Q29168811
53IG21IJ,0,Q29168811
NXRL3ART,0,Q29168811
R69ONMTW,0,Q29168811
DLF7E2YN,0,Q29168811
MVG82J1N,0,Q29168811
TUH6COA2,0,Q29168811
QP9QU7MG,0,Q29168811
573OG82N,0,Q29168811
EADQ8OFN,0,Q29168811
1E99DD04,0,Q29168811
2F71C0L8,0,Q15630849
JV1OKAFT,0,Q15630849
96O8O26A,0,Q15630849
70M0B3KA,0,Q15630849
Q4RBKSMH,0,Q15630849
33U2IX0C,0,Q15630849
J33H6J61,0,Q149621
6MSEQHTW,0,Q149621
XN7PM46Q,0,Q149621
OFAJW4GJ,0,Q149621
OWREQ9L9,0,Q149621
GHHRTMOH,0,Q474
AXJCUOHX,0,Q474
5NKILQPD,0,Q19730508
5NKILQPD,3,Q532
HS06HP6M,0,Q19730508
HS06HP6M,1,Q15642541
YZEHKZMJ,0,Q54050
YZEHKZMJ,1,Q3957
ZDG96XW9,0,Q19730508
5Z630T1X,0,Q19730508
2HGE8RQS,0,Q19730508
EV32W7AF,0,Q19730508
EV32W7AF,1,Q3624078
B6XOOZBY,0,Q19730508
B6XOOZBY,1,Q3624078
9BG5KP7R,0,Q19730508
9BG5KP7R,1,Q3624078
1ERHHG4P,0,Q19730508
1ERHHG4P,1,Q3624078
7ZHTFUHX,0,Q19730508
5L94VD67,0,Q19730508
5L94VD67,1,Q3624078
F2D2G665,0,Q19730508
F2D2G665,1,Q3624078
9T4MJ5Q0,0,Q19730508
9T4MJ5Q0,1,Q3624078
TZFBKPH3,0,Q19730508
TZFBKPH3,1,Q17272482
82U9JTT3,0,Q19730508
VR2BGBTL,0,Q19730508
WG49HWRC,0,Q253019
WG49HWRC,1,Q17272482
TQ8NVFS1,0,Q19730508
TQ8NVFS1,1,Q17272482
6OGAHKMY,0,Q19730508
6OGAHKMY,1,Q17272482
N8N6UXGI,0,Q19730508
LYNTERES,0,Q19730508
LYNTERES,1,Q17272482
UIOD9NMG,0,Q19730508
UIOD9NMG,1,Q17272482
Z9JJLRKO,0,Q386724
215LVEZN,0,Q386724
DLHFFJEU,0,Q386724
X3PJ6ANL,0,Q386724
8T6QMEAE,0,Q3305213
BVDR3MEG,0,Q386724
5NP19UIL,0,Q386724
71Z21OWZ,0,Q3305213
GBB9WAB8,0,Q386724
LQAGW50R,0,Q3333989
505CCLSI,0,Q3333989
OBXEJ9UG,0,Q473932
GE0YVDG9,0,Q473932
KG00NKWR,0,Q473932
CBDVS642,0,Q473932
7FR1IDXT,0,Q473932
BLRJWCMP,0,Q473932
P4K63F34,0,Q473932
FKDCEW7J,0,Q473932
73L2FI4X,0,Q473932
FHIE1582,0,Q473932
7UAYGZKU,0,Q473932
QTC2G020,0,Q473932
M8K5AQ9A,0,Q473932
2KZFUZC8,0,Q5
0UCZUKT3,0,Q913337
CSE2ZHFS,0,Q6243
8UEDNAZJ,0,Q6243
E43KKM0U,0,Q6243
37L7VTZQ,0,Q6243
X1BZXWG7,0,Q6243
1L3S65DP,0,Q6243
YAYD7ZZV,0,Q6243
DSK96OWQ,0,Q6243
25898OY7,0,Q6243
LK1TH88G,0,Q6243
APBCO9BF,0,Q6243
9VWRJSFD,0,Q6243
PDGVWKMC,0,Q6243
JTU8CDMG,0,Q6243
NQZF5Z40,0,Q6243
33WU3MLC,0,Q6243
LTRK59F5,0,Q6243
TMB0KVJ5,0,Q6243
K8FNXZQP,0,Q6243
X51HS5NK,0,Q6243
XVOCHJL2,0,Q6243
UQDOO5YS,0,Q6243
H3A94TWG,0,Q6243
VIA41FX3,0,Q6243
I9XL2VAH,0,Q6243
MM3CZLME,0,Q6243
RHAWFD5O,0,Q6243
J44ZR01V,0,Q6243
VSFS76OW,0,Q6243
H4LBOSU8,0,Q6243
Q6WUWC69,0,Q6243
73YP3C0Y,0,Q6243
8YYBXNLZ,0,Q1302471
XBTW6PXO,0,Q1302471
ZEUTB57A,0,Q1302471
GNMKM3V2,0,Q5
E6FW4HKQ,0,Q1021711
6SJGPD2O,0,Q1021711
QPFZD754,0,Q1021711
TYZSKQ3D,0,Q1021711
09UYI3NC,0,Q1021711
UN7GQW88,0,Q1021711
F3SPXIA9,0,Q1021711
GV4JLGL8,0,Q1021711
E1M33XYI,0,Q1021711
0T0LSDMA,0,Q1569167
4CF313OZ,0,Q1569167
DW0LP66J,0,Q1569167
18I2ARR9,0,Q1569167
FOU3T7TE,0,Q1569167
BW0WN6SF,0,Q190403
7V0EVO8I,0,Q190403
7V0EVO8I,2,Q783794
M9LGJSAJ,0,Q16521
1VAB2B6V,0,Q101352
LINXDX4G,0,Q190403
LG9C41BR,0,Q746369
LG9C41BR,1,Q10929058
LG9C41BR,3,Q268592
EOYLWC1H,0,Q746369
EOYLWC1H,1,Q746369
EOYLWC1H,2,Q5
EOYLWC1H,3,Q268592
4FTC6AD0,0,Q746369
4FTC6AD0,1,Q215380
8I3ELOJO,0,Q746369
8I3ELOJO,1,Q746369
8I3ELOJO,2,Q5
SI7L82OH,0,Q746369
SI7L82OH,1,Q6256
SI7L82OH,2,Q5
ZE144YJB,0,Q746369
ZE144YJB,1,Q6256
EUWPG4NS,0,Q746369
9I5SE08Q,0,Q746369
FED3G8WN,0,Q746369
FED3G8WN,1,Q188451
0L0SVJGN,0,Q746369
0L0SVJGN,1,Q188451
K6M7BHKO,0,Q877886
K6M7BHKO,1,Q235557
QI1AIDX0,0,Q877886
CXRI4M3Q,0,Q877886
Z5580EWX,0,Q877886
Z5580EWX,2,Q9143
40P1CB8T,0,Q877886
BEIODRMQ,0,Q877886
VAT8NATS,0,Q877886
203NIMNU,0,Q1852859
C4UZV66N,0,Q1852859
Q2EVA3A4,0,Q2785355
8QIRFQQZ,0,Q4539
MFQB4X9H,0,Q2785355
JVCOZN2X,0,Q2785355
JVCOZN2X,1,Q79007
71PCESU3,0,Q4539
71PCESU3,1,Q79007
LX0E2ODA,0,Q2785355
LX0E2ODA,1,Q79007
GYZI31TH,0,Q2785355
GYZI31TH,1,Q6256
DCGZA8XN,0,Q2785355
DCGZA8XN,1,Q6256
SAMJFHYI,0,Q2785355
SAMJFHYI,1,Q6256
QPSLJRJ9,0,Q48498
UKZLS9DT,0,Q48498
EP3100OP,0,Q48498
XO2EB4AT,0,Q48498
4H1XVLSQ,0,Q48498
FR0SXHSO,0,Q48498
IGVR1JYB,0,Q48498
QUM9MD85,0,Q48498
9N8VA3O3,0,Q17376095
QD3P38V5,0,Q3257686
A4W3IJ8U,0,Q17376095
4U17GDBF,0,Q17376095
KVJTSQ42,0,Q22075301
KVJTSQ42,1,Q2085381
W893AJT9,0,Q22075301
W893AJT9,1,Q2085381
84SNPDAZ,0,Q22075301
8KXEIANB,0,Q22075301
JKHC82DO,0,Q22075301
4Z1FCKO0,0,Q22075301
TSYRZ7MK,0,Q22075301
WBTANHLR,0,Q22075301
A85TM7NI,0,Q22075301
VLC10VMM,0,Q22075301
VZ5HTKUF,0,Q22075301
R8RWMOFB,0,Q22075301
R8RWMOFB,1,Q4830453
R8RWMOFB,2,Q578
4VNQMKCD,0,Q22075301
F87WIFVQ,0,Q22075301
WAZ00MNV,0,Q11183787
0UVLEEW5,0,Q11183787
GT0TQX39,0,Q11183787
0GFA3FBJ,0,Q101352
GN8YQV9S,0,Q532
TNXMOLXG,0,Q532
MAA4A38U,0,Q11183787
F6DYG3RP,0,Q11183787
88TN21H8,0,Q11183787
FM9LD5YM,0,Q11183787
1PM4SH2B,0,Q11183787
27UPZAYH,0,Q11183787
ZBM24EH2,0,Q11183787
7SXFQS20,0,Q11183787
4O2QK7Q9,0,Q11183787
GEW5HBGO,0,Q17376095
5AR63EZ5,0,Q11183787
9319RWLU,0,Q11183787
A3EWE7P0,0,Q11183787
BE9MYAHI,0,Q11183787
YTYO0FQT,0,Q11183787
ATPL7705,0,Q17376095
2KMDUR9B,0,Q18965
PKHSIO04,0,Q18965
8Q3XC612,0,Q18965
PU4F0OLP,0,Q18965
A3YQ16EC,0,Q18965
U4Z7YOU6,0,Q18965
NQYIIECD,0,Q18965
1RWJ25TY,0,Q18965
YN2XIJU2,0,Q18965
BTFRF4G2,0,Q18965
QW8QG2B0,0,Q18965
E2G6LPBJ,0,Q18965
8LICVUK9,0,Q18965
SPH93L69,0,Q18965
06M17X7R,0,Q18965
1TP2EF9R,0,Q18965
PT7ZDDMG,0,Q18965
OOE7CG36,0,Q18965
35ONZAMC,0,Q18965
BU9SZAJF,0,Q14928
H2KENF2V,0,Q14928
PBNEOM5W,0,Q14928
IHWZIZH6,0,Q14928
PXMDO6DS,0,Q14928
BSMTRO2L,0,Q14928
JQ5A7J2L,0,Q7540126
QRSOHCCA,0,Q7540126
6YTXDC6D,0,Q7540126
ZIMJ8Z8S,0,Q134556
GXVBDRXI,0,Q134556
Y2DCL7OV,0,Q134556
ZUAOZDLE,0,Q134556
E56NSQU8,0,Q1261214
O1QN1UKN,0,Q1261214
C9VK1H39,0,Q1261214
7EARFYU9,0,Q1261214
TCYLWN8U,0,Q1261214
CX5VVIGE,0,Q3397526
L0M70WSZ,0,Q3397526
BQFAQ2QO,0,Q3397526
B8O8K95J,0,Q158438
UCMXXIST,0,Q3397526
LY2B7FMP,0,Q3397526
C1MG9IU9,0,Q3397526
VTJE8HBX,0,Q3397526
RRASDP4N,0,Q28111
KPRZN870,0,Q28111
4KQW936B,0,Q28111
35XS7TLU,0,Q28111
JNNS1PP3,0,Q28111
JOPHAU9G,0,Q28111
PUWOBT44,0,Q28111
0DB4XKO2,0,Q28111
H9UO9W56,0,Q28111
51F220WH,0,Q5119
81T6E2VV,0,Q5119
F0KWZJMF,0,Q5119
3O88RK4L,0,Q5119
77TYIZ7O,0,Q5119
OPNR4RJ6,0,Q5119
U8Z9BVMY,0,Q5119
IA2GWHBB,0,Q5119
4P9NAGUB,0,Q5119
FT4S6J61,0,Q5119
JSQUND8S,0,Q5119
YM4IN7WC,0,Q5119
A5SDSFQ6,0,Q5119
8KTOT4W2,0,Q5119
QFOGU2GM,0,Q5119
9C1YFKIU,0,Q5119
YBHDL3P7,0,Q5119
UM8H9YJV,0,Q515
M2V9R63B,0,Q13405588
OW1MFRTV,0,Q13405588
51BN94SL,0,Q13405588
50CBBFQ5,0,Q13405588
WS4ULORL,0,Q13405588
EP3OPTEW,0,Q13405588
RQPLL2TD,0,Q13405588
P8XC8OGY,0,Q13405588
XVSP2K68,0,Q1497364
FVS3YPYN,0,Q1497364
FVS3YPYN,1,Q452543
FVS3YPYN,2,Q79007
TX8K6R9M,0,Q1497364
DP1FZ0HK,0,Q1497364
DP1FZ0HK,2,Q79007
235NRFH8,0,Q1497364
235NRFH8,1,Q3301455
EGRTE9HH,0,Q1497364
IKXSOJ8Q,0,Q1497364
1C2S50Z0,0,Q1497364
FT570RHH,0,Q1497364
SRE0NUS4,0,Q1497364
O726YUFJ,0,Q1497364
O4OUUBZM,0,Q1497364
L82MSIS6,0,Q1497364
2PTUFDRK,0,Q1497364
QJSPVKF1,0,Q1497364
59P8G7VY,0,Q1497364
Q6BAUPL9,0,Q1497364
1KLY1R3O,0,Q1497364
7HZGM2S9,0,Q1497364
0CWK94DB,0,Q1497364
Y6B8UPI0,0,Q1497364
O6CKUODQ,0,Q1497364
99ZVZKVC,0,Q1497364
TAMD54HP,0,Q1497364
BUIZF3AT,0,Q1497364
BUIZF3AT,1,Q5
DEQ8R776,0,Q1497364
DEQ8R776,1,Q5
7OMEE72O,0,Q1497364
7OMEE72O,1,Q5
PT4LVPP2,0,Q1497364
PT4LVPP2,1,Q4022
BEIGQ0QA,0,Q1497364
PF6OJZNO,0,Q1497364
J322OEZ5,0,Q1497364
CDTEAX5Z,0,Q1497364
CDTEAX5Z,1,Q6256
VPZT4LFG,0,Q1497364
VPZT4LFG,1,Q6256
K860BPFZ,0,Q1497364
46R3WAF7,0,Q1497364
46R3WAF7,1,Q3624078
ENMQ6EI1,0,Q1497364
ENMQ6EI1,1,Q6256
G96YN739,0,Q1497364
G96YN739,1,Q3624078
T3V16F8P,0,Q1497364
T3V16F8P,1,Q6256
9UKYH8SO,0,Q1497364
9UKYH8SO,1,Q6256
C6YNUCX9,0,Q1497364
C6YNUCX9,1,Q6256
36VES5ZI,0,Q10416961
PJM5TJP7,0,Q12813115
PJM5TJP7,1,Q16521
EOLXUEEW,0,Q486972
EOLXUEEW,1,Q3957
LUV3AD5R,0,Q12813115
LUV3AD5R,1,Q2983893
SQ2NZKUD,0,Q12813115
SQ2NZKUD,1,Q179461
SUOQKJUB,0,Q12813115
SUOQKJUB,1,Q25964111
IW2AI3LP,0,Q12813115
IW2AI3LP,1,Q12813115
VTWHVVSE,0,Q55818
5GXEF5IZ,0,Q55818
D0C43ZFH,0,Q55818
5HPBSBXD,0,Q55818
CMISFVF0,0,Q55818
F7AAB9I3,0,Q55818
CFF5I5J4,0,Q55818
KTG02AJT,0,Q101352
FNTJWFZJ,0,Q55818
UHABDWT4,0,Q55818
3YD8OQ73,0,Q101352
9QT1TDA1,0,Q55818
6A4AL1F9,0,Q7187
QG5B2SV2,0,Q55818
59HB91K3,0,Q55818
B2M68VIP,0,Q101352
NPLPVPKF,0,Q13402009
FG7PA7CO,0,Q13402009
XERI6R32,0,Q13402009
0S3X5OEB,0,Q13402009
JM9FPRMZ,0,Q13402009
2P5YA4LA,0,Q13402009
VHLPUK8P,0,Q13402009
GT1CN1JR,0,Q13402009
QN0E2UDG,0,Q13402009
BO7SJALG,0,Q13402009
0GHHI5KZ,0,Q1637706
KBN2VDN7,0,Q1637706
KFCNQVP7,0,Q1637706
WOYEBQX5,0,Q1637706
1J554Z4C,0,Q1637706
CV2S8H0T,0,Q1637706
IRJMF059,0,Q1637706
1XSPF94M,0,Q1637706
RAKZOQEX,0,Q1637706
I71EUGNY,0,Q7316896
U2OSDIKP,0,Q1993334
U2OSDIKP,1,Q26085352
HL34TQ0J,0,Q1993334
J8BWIFMZ,0,Q1993334
J8BWIFMZ,1,Q865760
36VHYULW,0,Q1993334
7S3T522K,0,Q1993334
7S3T522K,2,Q66747126
7S3T522K,3,Q9143
213YOWPF,0,Q1993334
213YOWPF,1,Q5
9QCGZMEN,0,Q1993334
MLKZGXC4,0,Q1993334
0X4QHVRR,0,Q9143
0X4QHVRR,1,Q241317
58HGXF14,0,Q159821
9V2B92G2,0,Q159821
QSJRJAMV,0,Q159821
5ZF08MZJ,0,Q159821
CKFGPEAE,0,Q159821
QVGOMSAP,0,Q159821
HX90FGLP,0,Q4085712
7LME34SE,0,Q5
WYP2EUYM,0,Q4022
X1UXGN7Q,0,Q1400565
Q6ODUQG9,0,Q8502
4C37YWF1,0,Q1400565
NZNXOPXR,0,Q1400565
PR8VTVGV,0,Q8502
76F9JQDQ,0,Q1400565
S3U4ZNUT,0,Q1400565
URMN83UU,0,Q8502
25BBSKXF,0,Q21009059
0U6P1IF7,0,Q21009059
VME4YBE8,0,Q21009059
BB2E5HUO,0,Q21009059
N04N6R5K,0,Q21009059
B9QF3SG4,0,Q21009059
DD9O492V,0,Q21009059
IFHD43E4,0,Q21009059
8RHJMOW3,0,Q4421
TGV91IU6,0,Q15974311
G2KHWFXS,0,Q15974311
5H2IWYPI,0,Q15974311
A4TX3ESD,0,Q14947481
WDRLW3FS,0,Q682943
NI0SFJU7,0,Q14750991
W4UEUXWN,0,Q14750991
IKL1RD05,0,Q14750991
10LYOOOZ,0,Q14750991
37KYKXHP,0,Q15911738
NOKFLLSW,0,Q15911738
C55JAGUM,0,Q15911738
X2M9R55A,0,Q15911738
Q8B6KDRC,0,Q15911738
7II6FZI3,0,Q15911738
MIIVTKHW,0,Q15911738
QM07KT4A,0,Q15911738
U8JKTTIU,0,Q15911738
7J2DXR3L,0,Q15911738
99GUNDQF,0,Q15911738
4TQ1AW48,0,Q15911738
93IVQENJ,0,Q526877
8V77G987,0,Q526877
TPKDIB12,0,Q526877
FWZXHXEP,0,Q526877
LUAAOB39,0,Q526877
POT7DKQD,0,Q526877
CL0ZMCE5,0,Q526877
1XNM9UC0,0,Q526877
1I3BPSWA,0,Q526877
XVGJLR7P,0,Q1907114
A9UTBUJB,0,Q1907114
3Q1R8Z51,0,Q101352
DUR0OTLW,0,Q43229
MUSOT714,0,Q486972
JTE3O0GW,0,Q8776398
3ZJYNLRN,0,Q16521
E8CVGHFS,0,Q8776398
KE13PIMJ,0,Q55102916
DVGJR2D3,0,Q55102916
WQVXACEI,0,Q55102916
S0YKWL60,0,Q55102916
GK19SCFZ,0,Q8776398
IJXD0L2K,0,Q8776398
J12RQVJU,0,Q3305213
9S0GHS49,0,Q1428357
X37PQJD9,0,Q1428357
KR3WQYYU,0,Q1428357
QWSG38KA,0,Q15141321
TQFETMN0,0,Q23498202
TQFETMN0,1,Q5
TQFETMN0,3,Q5
TQTKQOA8,0,Q40231
TQTKQOA8,1,Q5
TQTKQOA8,3,Q5
ATMYUD7Y,0,Q28222124
ATMYUD7Y,1,Q5
ATMYUD7Y,2,Q40231
ATMYUD7Y,3,Q5
F9KB9JTU,0,Q858439
F9KB9JTU,1,Q5
F9KB9JTU,2,Q858439
F9KB9JTU,3,Q5
D65WZBMI,0,Q28222117
D65WZBMI,1,Q5
D65WZBMI,2,Q28222117
D65WZBMI,3,Q5
Q17CGG6S,0,Q858439
Q17CGG6S,1,Q5
Q17CGG6S,2,Q858439
Q17CGG6S,3,Q5
07KONHMJ,0,Q858439
07KONHMJ,1,Q5
07KONHMJ,2,Q858439
07KONHMJ,3,Q5
XI1JVHWJ,0,Q40231
XI1JVHWJ,1,Q5
XI1JVHWJ,2,Q28222117
XI1JVHWJ,3,Q5
ZL3ZNP09,0,Q858439
ZL3ZNP09,1,Q5
ZL3ZNP09,2,Q858439
ZL3ZNP09,3,Q5
YVWQ238M,0,Q112679158
YVWQ238M,1,Q112679158
RU4KT6ZQ,0,Q20053795
RU4KT6ZQ,1,Q20053795
85CPJWMK,0,Q858439
85CPJWMK,1,Q858439
G318ZL3M,0,Q858439
8AK76TWJ,0,Q858439
2ESPM1X0,0,Q112679158
2ESPM1X0,1,Q112679158
L405DAV4,0,Q112679158
6EX8G3LC,0,Q20053795
NP999YEJ,0,Q858439
NP999YEJ,1,Q858439
WFDI9AXS,0,Q858439
IXUEDV7A,0,Q858439
LYF5M3LM,0,Q858439
32GEWF3S,0,Q858439
YI2LWTXS,0,Q858439
Y2B9TFKM,0,Q858439
A1E5FKW5,0,Q858439
VLL3WV6R,0,Q858439
AAJJ29D9,0,Q858439
VWL3FBIO,0,Q28222130
2XF1XXS4,0,Q52721923
QO02SM8U,0,Q52721923
4X60WTJE,0,Q52721923
9AUB6QGW,0,Q2217301
9AUB6QGW,1,Q2217301
EYAP30J4,0,Q2217301
EYAP30J4,1,Q2217301
LK73G66V,0,Q2217301
LK73G66V,1,Q2217301
QM3M6NBF,0,Q2217301
QM3M6NBF,1,Q2217301
8B744OCU,0,Q2217301
8B744OCU,1,Q2217301
WRFYIFYL,0,Q2217301
WRFYIFYL,1,Q2217301
LDRYHM6M,0,Q2217301
S6MCJN58,0,Q2217301
WBB86JTI,0,Q2217301
WBB86JTI,1,Q1288568
M4NH3HZA,0,Q2217301
Y19YE0U4,0,Q2217301
8X8QMCLU,0,Q2217301
8X8QMCLU,1,Q1288568
XUUS0OUR,0,Q2217301
XUUS0OUR,1,Q34770
QCAZZNFU,0,Q2217301
9FTV27LC,0,Q2217301
9FTV27LC,1,Q1288568
7BSRVU68,0,Q2217301
7BSRVU68,2,Q1549591
JGQ0WQ7Z,0,Q2217301
JGQ0WQ7Z,2,Q1549591
1RDPCYZP,0,Q2217301
4R9AH48J,0,Q2217301
4R9AH48J,1,Q3336843
CHISHANJ,0,Q2217301
904LECF2,0,Q2217301
HJ1LLPSW,0,Q2217301
4T5KXKBP,0,Q2217301
4T5KXKBP,1,Q3624078
2W0TLFP9,0,Q2217301
9ZKWGDQ9,0,Q2217301
9ZKWGDQ9,1,Q3624078
N6M9QKRW,0,Q2217301
N6M9QKRW,1,Q3624078
P1ZGLN19,0,Q2217301
P1ZGLN19,1,Q3624078
66H27K8C,0,Q2217301
66H27K8C,1,Q43229
98W74F6Q,0,Q2217301
TXC52I8Q,0,Q2217301
KFM3569I,0,Q2217301
BAVLOCWM,0,Q2217301
2JURNO9L,0,Q2217301
MX4S49V4,0,Q2217301
LEZFP5RU,0,Q2217301
1XL7OQ9M,0,Q2217301
BX8XQ4CD,0,Q2217301
N6QJ588H,0,Q61878
PUDXX61A,0,Q54050
UCAFVKTG,0,Q54050
J7W9A0NE,0,Q54050
99SPGZMT,0,Q8502
ZNCC47W3,0,Q54050
N09KMFI7,0,Q8502
5SLB85V9,0,Q5
TNKMBEDD,0,Q8502
ZVUPLTVP,0,Q54050
E2X5CUSH,0,Q54050
T2MH1VW6,0,Q6999
SOL1PGFI,0,Q6999
0BLCGY4N,0,Q6999
DUZHXXMY,0,Q6999
P1PL7CUI,0,Q6999
TQ8HSQA7,0,Q6999
E0TNZZ15,0,Q6999
NFGX37E4,0,Q6999
CUGJ6PMD,0,Q6999
11ZC1FSS,0,Q6999
7UUDTYXF,0,Q6999
NR7V83RS,0,Q6999
W61ZZYFP,0,Q523
144J0N11,0,Q6999
A21UF71C,0,Q6999
78OT25ZK,0,Q6999
8GRHPN12,0,Q6999
M7UU7S3U,0,Q6999
WQAY2WGV,0,Q6999
1E6XK6BF,0,Q6999
XF8ODEZB,0,Q6999
CJXPSK4L,0,Q6999
SWJTEDB9,0,Q6999
PNBBXRLB,0,Q6999
W7MGODJT,0,Q6999
JMQHOASW,0,Q6999
9IE61YEI,0,Q6999
9JKFCJGN,0,Q6999
QHY869SK,0,Q6999
CD8ZR6FC,0,Q6999
89Y4GN26,0,Q6999
5TQLUE10,0,Q6999
TCS5D3KJ,0,Q6999
WF4X0Y5W,0,Q6999
0HALK61G,0,Q523
9GEYASAY,0,Q6999
1EPSG6Z5,0,Q6999
BZOKUEEW,0,Q6999
IUOCWBBR,0,Q6999
99HKUIVU,0,Q6999
2K0N9LYZ,0,Q6999
769S65YU,0,Q6999
6D4G00M5,0,Q6999
M7191TZY,0,Q6999
4VCI6L9F,0,Q6999
UUGE43R4,0,Q6999
FUL936TS,0,Q1410668
N9212D6E,0,Q1410668
OG41F28U,0,Q11424
GOOPQ26M,0,Q1009641
QSAE9FJL,0,Q1131296
ZWIY3ROF,0,Q101352
C0D9PWJK,0,Q101352
MTYDPOHZ,0,Q1131296
6ZQO921M,0,Q8502
Z0QUJFPN,0,Q1131296
M37K2BGQ,0,Q101352
3L3N4NZF,0,Q101352
0NXFL9GK,0,Q5
NXDP0XKX,0,Q1131296
G5J2P8QT,0,Q1131296
XU61S75W,0,Q1131296
F142IKMJ,0,Q1131296
4BE98ZJO,0,Q1131296
7JTDRE9A,0,Q101352
SK020UXU,0,Q1131296
S92J3V84,0,Q1131296
35H8NDNG,0,Q2919801
F5SO50BI,0,Q2919801
I9VATONN,0,Q2919801
0UK1NBWN,0,Q5
SYCX5MHQ,0,Q2919801
HBONAOMT,0,Q2919801
BJXWCVZ3,0,Q2919801
FSRILAW1,0,Q2919801
9OIMDC6J,0,Q2919801
7RCNGMJL,0,Q101352
YSVM7OS2,0,Q2919801
LKUTYQN8,0,Q2919801
Z2TOG18Y,0,Q2919801
CPBPLP5L,0,Q2919801
HLUE6YGG,0,Q2919801
5JY4G3LY,0,Q2919801
DM9VOPCE,0,Q2919801
YMI9EVP0,0,Q2919801
XIWHA32G,0,Q2919801
J5ABH0E1,0,Q101352
J5ABH0E1,1,Q17143070
WQ46LFU7,0,Q101352
WQ46LFU7,1,Q101352
FXIOQ8BO,0,Q17143070
FXIOQ8BO,1,Q8192
FUANZGAP,0,Q17143070
FUANZGAP,1,Q8192
KPLQP7MV,0,Q2143354
DCF2B8D6,0,Q2143354
DCF2B8D6,1,Q1269299
HRUFO8IE,0,Q2143354
TPLCXJPK,0,Q2143354
TPLCXJPK,1,Q19588327
8EHU8JK1,0,Q2143354
NBWICJOW,0,Q2143354
NBWICJOW,1,Q1549591
Y8NJ1QLI,0,Q2143354
Q9PP8C4S,0,Q2143354
6H16JCGI,0,Q2143354
HM019SA8,0,Q2143354
HM019SA8,1,Q4830453
OIVWAVQC,0,Q18219090
OIVWAVQC,1,Q968159
OMWQG3J8,0,Q18219090
OMWQG3J8,1,Q968159
FO82BYXN,0,Q18219090
FO82BYXN,1,Q968159
RRV9F563,0,Q3305213
RRV9F563,1,Q1406161
RNU3DDT9,0,Q18219090
M72BF6BF,0,Q3305213
M72BF6BF,1,Q1406161
NQODJWTL,0,Q18219090
EN4RSOEH,0,Q3305213
EN4RSOEH,1,Q856663
7XLXUHV5,0,Q18219090
6NG5RCNN,0,Q18219090
8T2N2VI4,0,Q18219090
YMWS1LRY,0,Q18219090
YMWS1LRY,1,Q1406161
URH0032P,0,Q18219090
YQSAKLSV,0,Q18219090
4XDO46BH,0,Q18219090
U8YAABBL,0,Q18219090
FCJXKW14,0,Q18219090
FCJXKW14,1,Q11177771
6B8AD7FQ,0,Q18219090
6B8AD7FQ,1,Q1792379
3Z6AU1SU,0,Q18219090
3Z6AU1SU,1,Q1792379
NTOSELST,0,Q3305213
NTOSELST,1,Q1792379
EF3LJPW8,0,Q18219090
EF3LJPW8,1,Q1792379
9VVUEZ9T,0,Q18219090
QEXUDNS3,0,Q18219090
GAGAM27B,0,Q3305213
OUV7JF5E,0,Q18219090
5YZ6OG40,0,Q11060274
HKZSWJJN,0,Q3305213
DOMO452P,0,Q18219090
EL6I11W4,0,Q18219090
SU9G6MR2,0,Q18219090
UX5NJDQ4,0,Q3305213
9J2RUP00,0,Q18219090
LC7N601V,0,Q5
NTLJFKIC,0,Q67376938
K4375GQ4,0,Q67376938
N1TQP8GU,0,Q67376938
KHD1IF7X,0,Q67376938
CP93TGZP,0,Q67376938
JLPKL6H4,0,Q67376938
GZWVXAHW,0,Q861911
GZWVXAHW,1,Q3918
GZWVXAHW,2,Q50424085
CKZY2B7F,0,Q861911
CKZY2B7F,1,Q179461
6VF57TE7,0,Q861911
6VF57TE7,1,Q13442814
RY7OJHT9,0,Q861911
RY7OJHT9,1,Q3331189
1JXDH7ET,0,Q861911
1JXDH7ET,1,Q3331189
KG7QQT9S,0,Q861911
KG7QQT9S,1,Q3331189
M1WPD0F7,0,Q861911
NH2NLXIL,0,Q861911
1JGFVGFD,0,Q861911
59UVRPAP,0,Q861911
NC4UO38J,0,Q861911
ARW31UFU,0,Q57083319
1HKJAC11,0,Q4022
AFA2KSNN,0,Q159675
M3T3CL0A,0,Q159675
CS07NGUH,0,Q159675
5505ZZ45,0,Q82604
PXUS2X9U,0,Q82604
PXUS2X9U,1,Q5
PXUS2X9U,2,Q5
RXAV4UKR,0,Q82604
RXAV4UKR,1,Q5
RXAV4UKR,2,Q5
2YO07ZNU,0,Q82604
EHNNS1S4,0,Q82604
EHNNS1S4,1,Q33506
ELTHAB9R,0,Q82604
F45Y5GTB,0,Q82604
OCW2DJEX,0,Q82604
Q2362IAB,0,Q82604
Q2362IAB,2,Q2352616
924S7GA3,0,Q82604
924S7GA3,2,Q2352616
JPW8YHAE,0,Q82604
JPW8YHAE,2,Q2352616
INXDZVAI,0,Q82604
INXDZVAI,1,Q223557
INXDZVAI,2,Q2352616
IEJ0HR46,0,Q82604
IEJ0HR46,2,Q2352616
EVIS58P0,0,Q82604
EVIS58P0,2,Q2352616
LOXC48IE,0,Q27686
68OKIIT5,0,Q27686
O4WS6TO7,0,Q27686
WO6ACJ9B,0,Q27686
DWN8N7AX,0,Q27686
80GV4VAD,0,Q27686
6VKH2N6H,0,Q27686
OCEX8J4D,0,Q27686
L5KVHNH0,0,Q27686
KH9VN6YF,0,Q27686
1Z03Y5CF,0,Q27686
5V8D7I1W,0,Q27686
OBVZH6Y9,0,Q3624938
UWNY3YD8,0,Q3624938
HF3EMYUK,0,Q3624938
6HAD5IRG,0,Q3624938
IYVY8I5N,0,Q1190172
5MHHNJQ3,0,Q1190172
1X0BQVQH,0,Q1190172
ADPHPM5G,0,Q1190172
MT9YBQCI,0,Q1190172
TILPG5RP,0,Q1190172
HWM2AND4,0,Q1190172
182F4U2O,0,Q1190172
ZTG9HJ5P,0,Q1190172
ZBSOU5M6,0,Q1190172
O9F2D9NL,0,Q1190172
O6QHKAQF,0,Q1190172
AUYRXZ6J,0,Q1190172
801T8YXN,0,Q1190172
Z2CZ82E4,0,Q1190172
1H85RZZX,0,Q1190172
Z74P994H,0,Q1190172
SMCPAVJD,0,Q1190172
TQZG363I,0,Q1190172
BTKMJLPB,0,Q1190172
92TM48J4,0,Q1190172
ERRDXWFA,0,Q1190172
EAAMRC8E,0,Q1190172
CZU859TF,0,Q1190172
FWUAS33H,0,Q1190172
7CUJ9UWX,0,Q1190172
SOYU182H,0,Q1190172
ZF8DJ5I0,0,Q1190172
UQ3NAHC0,0,Q1190172
10X9Y12R,0,Q1190172
RRE1Y3J6,0,Q1190172
AJ3OZWYW,0,Q1190172
SWQNX15Y,0,Q1190172
6PCWZIDF,0,Q1190172
8QHNM15P,0,Q1190172
RASWZU0N,0,Q1190172
NW5D5I9H,0,Q1190172
UI5YQXQM,0,Q811430
09LANYFE,0,Q811430
F0OQCL9H,0,Q811430
S45MLMMY,0,Q811430
I2S0XOO0,0,Q187934
I4NJ56GN,0,Q187934
DDQ327O2,0,Q13415371
3PWRDYLZ,0,Q11774097
EDODYPX5,0,Q13415371
XWAAREQL,0,Q13415371
Z3DD6HLN,0,Q13415371
7O3QF90H,0,Q13415371
HLSZY96X,0,Q15936437
VQGTNUNS,0,Q15936437
S4PRS2J1,0,Q15936437
N8LM7EUR,0,Q902104
BJAGDN0B,0,Q23002054
DGYDD90Y,0,Q15936437
II62G2OB,0,Q15936437
7G540ZWA,0,Q15936437
THW91P0C,0,Q6023295
HOCUSOG8,0,Q6023295
HOCUSOG8,1,Q79007
022QCRNH,0,Q6023295
022QCRNH,1,Q79007
SZ9GJ4LG,0,Q6023295
0SCQP0QQ,0,Q6023295
0SCQP0QQ,1,Q1852859
ZSBUIBZ0,0,Q6023295
WJIF8FHD,0,Q6023295
A2FNMZLK,0,Q178743
2U7HBV12,0,Q178743
WGKPGKCG,0,Q109607
WQAEG6WD,0,Q109607
2U364LII,0,Q109607
1OLEXATH,0,Q1307329
1OLEXATH,1,Q11879590
1OLEXATH,2,Q2775969
GP94XM6K,0,Q1307329
GP94XM6K,1,Q5
IXMCTQO7,0,Q15711870
IXMCTQO7,1,Q5
PNE9G1ZW,0,Q1307329
PNE9G1ZW,1,Q5
F4CVN9H5,0,Q1307329
F4CVN9H5,1,Q5
8D63A5BN,0,Q1114461
8D63A5BN,1,Q5
IBCE3BGV,0,Q1307329
U41UEZ7E,0,Q1307329
U41UEZ7E,2,Q101352
AAAEYE8O,0,Q170483
Z32FCHG9,0,Q170483
GWCTK7EU,0,Q170483
OI8U272R,0,Q170483
WJXUYNQ8,0,Q170483
B81WXOGB,0,Q170483
MTOQ2NPC,0,Q170483
AB8OIJSQ,0,Q56436498
E5DG1YFG,0,Q16738832
1SOBL1W0,0,Q950431
1SOBL1W0,1,Q4022
YUG0GFQD,0,Q13414765
YUG0GFQD,3,Q12139612
AF0MXOG9,0,Q13414765
QZZ69YKK,0,Q13414765
1XD784OD,0,Q13414765
98PA55GZ,0,Q13414765
U33I1RQN,0,Q13414765
8Z6535YC,0,Q13414765
FYUNLKMQ,0,Q13414765
4DTSBBYY,0,Q13414765
29YM8CD0,0,Q13414765
83MI19ZG,0,Q13414765
DYRMKQ0P,0,Q13414765
0VLH6PH4,0,Q13414765
14F3UBNZ,0,Q13414765
GEA6ZKA8,0,Q13414765
D2R5FIGL,0,Q13414765
D2R5FIGL,1,Q35657
AK15U9WC,0,Q13414765
AK15U9WC,1,Q35657
20IJRJ9N,0,Q13414765
20IJRJ9N,1,Q35657
Q7OIP7PZ,0,Q13414765
Q7OIP7PZ,1,Q35657
KJNVTJ5J,0,Q13414765
KJNVTJ5J,1,Q35657
3PGKRWCS,0,Q618123
3PGKRWCS,1,Q7725634
Z8YP6GOH,0,Q618123
Z8YP6GOH,2,Q46831
87VRPGLP,0,Q618123
87VRPGLP,2,Q46831
FC1HULJH,0,Q618123
FC1HULJH,2,Q46831
U5V1CRX4,0,Q486972
WGHE3RSQ,0,Q618123
WGHE3RSQ,1,Q3624078
TEB4Z7T6,0,Q618123
TEB4Z7T6,1,Q3624078
UVT3I4VL,0,Q618123
UVT3I4VL,1,Q3624078
NT4RN0BO,0,Q618123
NT4RN0BO,1,Q3624078
RCAYD3L0,0,Q618123
RCAYD3L0,1,Q3624078
LIUAMFW7,0,Q618123
LIUAMFW7,1,Q3624078
3L7YPBV4,0,Q618123
3L7YPBV4,1,Q3624078
I11OH2DH,0,Q618123
I11OH2DH,1,Q3624078
CTRIBCK6,0,Q618123
484OBNOP,0,Q618123
GQUB75EM,0,Q618123
GQUB75EM,1,Q23442
VBLEGMDK,0,Q436240
9W96L5HM,0,Q436240
NKJP9RTW,0,Q436240
THS3P0NU,0,Q436240
S3T9Z3KM,0,Q76514543
S3T9Z3KM,2,Q13410428
LTSSEOSI,0,Q76514543
LTSSEOSI,2,Q13410428
XDAN6WV8,0,Q76514543
XDAN6WV8,2,Q13410428
T5Y3AIC5,0,Q76514543
T5Y3AIC5,2,Q13410428
V1CETWXC,0,Q76514543
V1CETWXC,2,Q13410428
Q9IWZ6LC,0,Q76514543
Q9IWZ6LC,2,Q13410428
09OAOCRP,0,Q76514543
09OAOCRP,2,Q13410428
MNLBGW75,0,Q76514543
MNLBGW75,2,Q13410428
3CS8LVY1,0,Q76514543
3CS8LVY1,2,Q13410428
BJZ75NJF,0,Q76514543
YS55ZAY1,0,Q76514543
JES398L9,0,Q76514543
J8I6M00H,0,Q76514543
EWT2GWEK,0,Q76514543
1GENXU5T,0,Q76514543
0KX20XIA,0,Q76514543
CEJZ3BSQ,0,Q76514543
E0112FTF,0,Q76514543
M3EXNXKF,0,Q76514543
8QXGSC7E,0,Q475476
8QXGSC7E,1,Q1792379
K58XFE2H,0,Q3305213
K58XFE2H,1,Q1792379
BKD5A04Y,0,Q475476
BKD5A04Y,1,Q1792379
SZH39ZY2,0,Q475476
SZH39ZY2,2,Q3305213
J0UZFLQ8,0,Q475476
J0UZFLQ8,1,Q207694
J0UZFLQ8,2,Q3305213
MPE04E3B,0,Q3305213
MPE04E3B,1,Q968159
MPE04E3B,2,Q207694
EXN8I146,0,Q475476
OZJPWEA2,0,Q5
44S144PD,0,Q27951514
UCXHKH0S,0,Q429795
UCXHKH0S,1,Q13406837
EJ4OTU7J,0,Q429795
EJ4OTU7J,1,Q13406837
W8D27W2Y,0,Q429795
W8D27W2Y,1,Q13406837
SYD5RIJJ,0,Q429795
SYD5RIJJ,1,Q13406837
BWTFDG6I,0,Q429795
BWTFDG6I,1,Q13406837
0FKUR87U,0,Q429795
S9APEJUJ,0,Q429795
8I3T9Q3C,0,Q429795
BB2X43CE,0,Q429795
OKI3Q3Z0,0,Q429795
OKI3Q3Z0,1,Q898786
98J93ITP,0,Q429795
98J93ITP,1,Q898786
FNY7LT1J,0,Q429795
FNY7LT1J,1,Q898786
FNY7LT1J,2,Q5
99WFFAES,0,Q429795
99WFFAES,1,Q898786
IIVP6ZH9,0,Q429795
IIVP6ZH9,1,Q898786
1OD4UXQG,0,Q54114
PIP445CN,0,Q54114
XOXQQPIG,0,Q54114
N0ILZY9W,0,Q1190176
HW9BKFWL,0,Q1190176
BWW278RL,0,Q1190176
QJVY2N44,0,Q1190176
F3DO7SB8,0,Q1190176
GQEZVNHZ,0,Q1190176
MKRU9RGN,0,Q1190176
PMH3P4SX,0,Q1190176
RZOLZWF1,0,Q1190176
LZZRMERD,0,Q1190176
OAU4JMGY,0,Q1190176
AP1QPE5O,0,Q1190176
25XF2RP3,0,Q1190176
EF6C7JQE,0,Q1190176
XKY3T3X3,0,Q1190176
AOLZ7MN1,0,Q1190176
P3EW4KG7,0,Q1190176
UBS6SO74,0,Q1190176
6P0KE0O3,0,Q1190176
TYD06JNT,0,Q1190176
LL337P4M,0,Q1190176
IJKWAGCQ,0,Q1190176
64A2UJMQ,0,Q1190176
7RLLTKE9,0,Q1190176
KRPVA6IL,0,Q1190176
1RFRSJQ0,0,Q1190176
J4ED6C2Q,0,Q1190176
Z5TMVN4V,0,Q1190176
46IBEXQS,0,Q1190176
6L4ZY3H6,0,Q1190176
42RDTAAR,0,Q1190176
PDUBYMHS,0,Q1190176
9H6YYV3J,0,Q1190176
EZJNX4QX,0,Q1190176
59VF9OQR,0,Q1190176
LSRLKUKV,0,Q1190176
IDH0KKSG,0,Q1190176
VCKJM5J7,0,Q1190176
TVFACVLJ,0,Q1190176
D7R4B3PA,0,Q1190176
72JCLH56,0,Q1190176
86X2E1JT,0,Q1190176
8CZS6OUZ,0,Q27055636
8CZS6OUZ,1,Q30634609
RHFHBX6A,0,Q27055636
RHFHBX6A,1,Q3624078
WVASRML7,0,Q33506
9U5U03LN,0,Q33506
C3XJVZQH,0,Q33506
LLF0Y3U0,0,Q33506
3HY8MWCJ,0,Q33506
9R4IA99G,0,Q33506
1437PN83,0,Q33506
P16259UP,0,Q33506
B7IMUUCY,0,Q33506
7B736BE3,0,Q33506
XNSUT90V,0,Q33506
584EX7WC,0,Q2577184
MKIHRB3P,0,Q2577184
O00D9781,0,Q2577184
G8VVR6Z0,0,Q2577184
6A22GQ0K,0,Q269949
6A22GQ0K,1,Q327333
RWHBFSEV,0,Q269949
RWHBFSEV,1,Q327333
GSFZCWXY,0,Q269949
GSFZCWXY,1,Q327333
L5343U6K,0,Q269949
L5343U6K,1,Q327333
MY93TRFT,0,Q269949
MY93TRFT,1,Q327333
P88O0BT1,0,Q269949
P88O0BT1,1,Q327333
K1KOI09H,0,Q269949
K1KOI09H,1,Q327333
08J2HS5D,0,Q269949
08J2HS5D,1,Q327333
D29N4BT2,0,Q269949
D29N4BT2,1,Q327333
XWZHZBE4,0,Q269949
XWZHZBE4,1,Q327333
7TAI9U7Y,0,Q269949
YP5CQHFF,0,Q269949
YP5CQHFF,1,Q34442
8IP20OXW,0,Q845169
3WNQ0KWY,0,Q845169
JTQ4CHYU,0,Q845169
ZDKWXTK1,0,Q845169
5ICWSZFY,0,Q845169
LE6R4CGZ,0,Q375928
4SEPENNB,0,Q37002670
A3S16CON,0,Q375928
JMXPJ7CY,0,Q375928
EIJY599B,0,Q375928
KF8CEU3F,0,Q375928
3DTA2OB3,0,Q375928
GRKQGR9I,0,Q375928
NI3A2CR5,0,Q375928
GGPM4DII,0,Q8362
D4YQ5CWW,0,Q8362
5UKXW4TV,0,Q8362
BK8WPIQP,0,Q8362
BCMF7HIT,0,Q8142
D4ZOSMKS,0,Q43229
ZXG1V7J7,0,Q7187
UAYV7URC,0,Q215380
K5QTRRGA,0,Q8092
IJDBVLVL,0,Q8092
UK466RVW,0,Q8092
0GQNA5BG,0,Q8092
JUCUGZDI,0,Q8092
6DPGLO9V,0,Q8092
Z13940QJ,0,Q8092
C9FXW3HG,0,Q8092
6UFW3QA2,0,Q8092
EH454F4H,0,Q8092
FN3W2PBE,0,Q8092
T1NSTGQ8,0,Q8092
0YY0PP7Z,0,Q8092
JKJF3DX3,0,Q8092
OPAXHFPO,0,Q8092
19FQ7HAR,0,Q8092
CNGMEWK6,0,Q8092
I2SYVF8Y,0,Q8072
KN7FJXQ8,0,Q8072
ZDGRAOVM,0,Q8072
62AT5HGU,0,Q8072
CMUW9XBM,0,Q8072
WO5TSWWF,0,Q8072
D0TOL4X8,0,Q23442
JO7HW5QU,0,Q8072
JAEM0L41,0,Q8072
LS80BM79,0,Q8036
K24J4LTB,0,Q8036
CSO8JWH5,0,Q8036
L8AG4398,0,Q8036
I0PP8M1E,0,Q8036
JACXO67V,0,Q8036
BZ94OBQV,0,Q8036
Q5UJB0RQ,0,Q8036
KCLEKVHF,0,Q8036
AEB9V1XL,0,Q8036
UDKW0XTE,0,Q5
UDKW0XTE,2,Q42744322
7M48SOJ4,0,Q5
7M48SOJ4,2,Q1549591
T4CF4Y11,0,Q5
LJSISGDG,0,Q5
LJSISGDG,1,Q328468
ZH6O07IK,0,Q5
IAKTYT4J,0,Q5
IAKTYT4J,1,Q328468
CKS9XEEK,0,Q5
ZKJ0N9LS,0,Q5
ZKJ0N9LS,2,Q1549591
ESJ5HOGK,0,Q5
ESJ5HOGK,2,Q42744322
IZP7HSFF,0,Q5
IZP7HSFF,2,Q42744322
Z0LYHK8L,0,Q5
PWXGOEYS,0,Q5
HGWV60XX,0,Q5
HGWV60XX,1,Q4830453
VJWOHXK0,0,Q5
LG8GXWNQ,0,Q5
PZ2UVD5F,0,Q5
199AUNIG,0,Q5
12L9OGNE,0,Q5
12L9OGNE,1,Q875538
U93OB0AY,0,Q5
KSD8MJKO,0,Q5
KSD8MJKO,2,Q5
492H9U7F,0,Q5
492H9U7F,2,Q5
4SXVY354,0,Q5
4SXVY354,2,Q5
JB97LGIC,0,Q5
JB97LGIC,2,Q5
3NAP1L9X,0,Q5
3NAP1L9X,2,Q5
XBO7XDWB,0,Q5
4F9H5QYQ,0,Q5
4F9H5QYQ,2,Q845538
NDWBWDLY,0,Q5
NDWBWDLY,2,Q845538
G94AM63N,0,Q5
AE1LW3T4,0,Q5
MQPNL8PH,0,Q5
UIQMTS39,0,Q5
98VTQ1F2,0,Q5
98VTQ1F2,3,Q5
HUFT1X7M,0,Q5
HUFT1X7M,1,Q1371849
0WGT1QRC,0,Q5
0WGT1QRC,1,Q3760158
RB4OGXSL,0,Q5
RB4OGXSL,1,Q3760158
9QGAKHBO,0,Q5
9QGAKHBO,1,Q3760158
B76AMN4S,0,Q5
B76AMN4S,1,Q3760158
YWWRR5DN,0,Q5
YWWRR5DN,1,Q3760158
P3C7BY93,0,Q5
P3C7BY93,1,Q3760158
772L9JTW,0,Q5
772L9JTW,1,Q3760158
4H48BWDC,0,Q5
4H48BWDC,1,Q3760158
7SFB4C3C,0,Q5
7SFB4C3C,2,Q5
ZOWY3MH7,0,Q5
ZOWY3MH7,2,Q5
9UDV0S3J,0,Q5
9UDV0S3J,2,Q5
DEN5ZARW,0,Q5
DEN5ZARW,2,Q5
KEJ4HKTT,0,Q5
KEJ4HKTT,2,Q5
6MNTOQ3H,0,Q5
6MNTOQ3H,2,Q5
HEJC8V6Y,0,Q5
HEJC8V6Y,2,Q5
CQKQH4EY,0,Q5
CQKQH4EY,2,Q5
GY2D9SKM,0,Q5
GY2D9SKM,2,Q5
C1WAJDP6,0,Q5
C1WAJDP6,2,Q5
WRQXG1CS,0,Q5
WRQXG1CS,1,Q48264
77K4O3G2,0,Q5
77K4O3G2,1,Q48264
16696DED,0,Q5
16696DED,1,Q48264
NHVG64UH,0,Q5
NHVG64UH,1,Q48264
70T865O7,0,Q5
70T865O7,1,Q48264
31OYEBY4,0,Q5
31OYEBY4,1,Q48264
9NVG9U5J,0,Q5
9NVG9U5J,1,Q48264
HUKPQXCU,0,Q5
HUKPQXCU,1,Q48264
OPIQE1AP,0,Q5
OPIQE1AP,1,Q48264
ZN6M5QYW,0,Q5
5FE55EWC,0,Q5
5FE55EWC,1,Q7278
TJCIVV0Q,0,Q5
OLZODQ9A,0,Q5
OLZODQ9A,2,Q4611891
6KZKH8S4,0,Q5
P73U5C84,0,Q5
8HFP45WK,0,Q5
IG3OU2IG,0,Q5
IG3OU2IG,1,Q2023214
IG3OU2IG,2,Q4611891
6TYMSXQJ,0,Q5
6TYMSXQJ,1,Q7278
BB2XU9IX,0,Q5
BB2XU9IX,2,Q474191
ERZNMNYC,0,Q5
YY33WR0P,0,Q5
YY33WR0P,2,Q5
YY33WR0P,3,Q17431399
99POBGVE,0,Q5
99POBGVE,2,Q5
4VM9PZD2,0,Q5
4VM9PZD2,1,Q12909644
4VM9PZD2,2,Q5
T0HSKZZ2,0,Q5
T0HSKZZ2,2,Q5
T0HSKZZ2,3,Q7328910
SAJ90S02,0,Q5
SAJ90S02,2,Q5
VE9MBHMW,0,Q5
VE9MBHMW,2,Q5
VE9MBHMW,3,Q207694
BKRL2AKL,0,Q5
BKRL2AKL,2,Q5
BKRL2AKL,3,Q207694
2M760V79,0,Q5
2M760V79,2,Q5
PXF8HVON,0,Q5
PXF8HVON,2,Q5
94EJZICH,0,Q5
94EJZICH,1,Q188451
94EJZICH,2,Q5
94EJZICH,3,Q207694
Z7Y6WOJG,0,Q5
Z7Y6WOJG,1,Q56019
MJJOYKM0,0,Q5
MJJOYKM0,1,Q56019
BTMAVUM3,0,Q5
BTMAVUM3,1,Q56019
BTMAVUM3,2,Q42744322
M3HVR5Y6,0,Q5
M3HVR5Y6,1,Q56019
HHLNW3GV,0,Q5
GX1N32K9,0,Q5
GX1N32K9,1,Q56019
OMVV4W4S,0,Q5
OMVV4W4S,1,Q56019
5HCEGPV0,0,Q5
5HCEGPV0,1,Q5
B4618O70,0,Q5
B4618O70,1,Q5
A1N7E7RZ,0,Q5
A1N7E7RZ,1,Q5
48PRWBF1,0,Q5
48PRWBF1,1,Q5
M3ELE9FF,0,Q5
M3ELE9FF,1,Q5
T1BQ7RIN,0,Q5
T1BQ7RIN,1,Q5
OOQZGJ23,0,Q5
OOQZGJ23,1,Q5
V8M4ZY99,0,Q5
V8M4ZY99,3,Q10927834
2C2NQZCO,0,Q5
FL4V9D8B,0,Q5
76BLG3ES,0,Q5
U6I2YHO3,0,Q5
3LAJ0G3M,0,Q5
ZC7R8UGI,0,Q5
NRYD5IZJ,0,Q5
NRYD5IZJ,2,Q7725634
13DUD18R,0,Q5
TLE96VD5,0,Q5
SK3KVQ13,0,Q5
7E388J9M,0,Q5
7E388J9M,3,Q101352
2QBBSL9C,0,Q5
2QBBSL9C,3,Q101352
CX51AQQ5,0,Q5
CX51AQQ5,3,Q101352
PONT806Y,0,Q5
PONT806Y,3,Q101352
S0V0LVDN,0,Q5
S0V0LVDN,2,Q10927834
S0V0LVDN,3,Q101352
43NVOA01,0,Q5
43NVOA01,1,Q2217301
C98OPRRL,0,Q5
4EDJBEYC,0,Q5
O4VDKURE,0,Q5
V5VZ8AQX,0,Q5
J0CL3XUX,0,Q5
33TIHWRY,0,Q5
33TIHWRY,1,Q3177118
329DTUOQ,0,Q5
AC8WCYV1,0,Q5
4ZL753MU,0,Q5
4ZL753MU,2,Q28640
GYTHXRMS,0,Q5
GYTHXRMS,2,Q28640
2S0XI20J,0,Q5
2S0XI20J,2,Q63188808
1JQNAPU8,0,Q5
F2G9RECM,0,Q5
9396Z88H,0,Q5
YP23OSAJ,0,Q5
YP23OSAJ,1,Q5
2CD22IQG,0,Q5
2CD22IQG,1,Q5
KQ9P94O5,0,Q5
KQ9P94O5,1,Q5
5NCC3YWR,0,Q5
5NCC3YWR,1,Q5
ADNJTG7X,0,Q5
ADNJTG7X,1,Q5
QJ32D8ZO,0,Q5
QJ32D8ZO,1,Q5
VVE9O15E,0,Q5
BZ9UQQBB,0,Q5
BZ9UQQBB,1,Q5
18MTJHH2,0,Q5
18MTJHH2,1,Q5
LTRRTQZ2,0,Q5
LTRRTQZ2,1,Q5
05AHIK1M,0,Q5
05AHIK1M,1,Q110288240
05AHIK1M,2,Q39614
05AHIK1M,3,Q18127
E6JI15CQ,0,Q5
E6JI15CQ,2,Q39614
E6JI15CQ,3,Q18127
EJTS5UCC,0,Q5
EJTS5UCC,2,Q39614
NG69CE0S,0,Q5
SSTAEND7,0,Q5
SSTAEND7,3,Q18127
5QNC4HK0,0,Q5
CA74BZH6,0,Q5
CA74BZH6,3,Q18127
EOO61EX5,0,Q5
BZZVTMPE,0,Q5
N6W96Q9W,0,Q5
BMUHG00P,0,Q5
X76UNQFX,0,Q4
VF3W10E6,0,Q4
VMWDTX2Q,0,Q8436
VMWDTX2Q,1,Q55983715
ML1C5AOG,0,Q8436
QHLLZVI3,0,Q8436
BL1BQB2L,0,Q8436
BL1BQB2L,1,Q109607
RZO0GOS6,0,Q8436
RZO0GOS6,2,Q5
9WC5R96X,0,Q8436
9WC5R96X,2,Q8192
4VOOQD8E,0,Q8465
7Z95WE4D,0,Q8465
7Z95WE4D,3,Q3024240
P7Y2YVA6,0,Q8465
NVM7J4X6,0,Q8465
NVM7J4X6,3,Q3624078
CRJ2HSBZ,0,Q8465
BUZXCG7H,0,Q8465
LMOFCAM0,0,Q8465
LMOFCAM0,3,Q3624078
F67OP0X0,0,Q8465
W98FL8A3,0,Q8465
X3VNCD7T,0,Q8465
0UQ9TNM7,0,Q8465
1LGT2DJX,0,Q8465
2FZ2ONSM,0,Q8465
IZEL1R2F,0,Q8465
MMJP5XXT,0,Q8465
0M5A24NY,0,Q8465
UEMI45PP,0,Q8473
2AM33ROC,0,Q8473
JS0RNN00,0,Q8473
QD6VLVQ5,0,Q8473
LDFUC6IY,0,Q8473
8UNTV4UU,0,Q8473
II70KW8O,0,Q8473
II70KW8O,1,Q1393724
U34841V7,0,Q8502
U34841V7,3,Q3679744
EIN54O3P,0,Q8502
EIN54O3P,3,Q3679744
AWX7BXTP,0,Q8502
V8V4JIHT,0,Q8502
IM6XMD3D,0,Q8502
LDAWE7T4,0,Q8502
RNY4OWL2,0,Q8502
UN5X0DCA,0,Q8502
FPVVXGKE,0,Q8502
NPZATS51,0,Q8502
V458MNQU,0,Q8502
V458MNQU,1,Q16521
JT6Y4CQZ,0,Q8502
C1QYM95X,0,Q8502
C1QYM95X,1,Q5
17TGVQ98,0,Q8502
17TGVQ98,1,Q5
I6QV4YN8,0,Q8502
I6QV4YN8,1,Q3624078
RS9JHBJX,0,Q8502
09AH1RNQ,0,Q8502
NI8MXF6H,0,Q8502
NI8MXF6H,2,Q1970725
AWGNK90H,0,Q8502
161BPF0B,0,Q8502
727AQ66J,0,Q8502
6JXZ51KV,0,Q8502
MXM9WFTI,0,Q8502
MXM9WFTI,2,Q46831
E93ZZAO4,0,Q8502
VOCGRAI7,0,Q8502
VOCGRAI7,2,Q1778118
360LK4QX,0,Q8502
ONOB3P3G,0,Q8502
ONOB3P3G,2,Q8502
4NTVNU2R,0,Q8502
4NTVNU2R,2,Q8502
OGD140CW,0,Q8502
DB8ZDD1W,0,Q8502
I21UPPNF,0,Q8502
I9WJ6EOJ,0,Q8502
YRCLQIBV,0,Q8502
YRCLQIBV,2,Q17272482
EDMKCE90,0,Q8502
EDMKCE90,2,Q17272482
2KU2NJSY,0,Q8502
2KU2NJSY,2,Q17272482
SX1HZW0H,0,Q8502
SX1HZW0H,2,Q17272482
MFGP44KB,0,Q8502
MFGP44KB,2,Q17272482
UYIROIU8,0,Q8502
UYIROIU8,2,Q17272482
AM7CCT48,0,Q8502
8UCY0AE8,0,Q8502
TB6UGRYR,0,Q8502
M5BE5DLI,0,Q25110269
VZI438K8,0,Q15921247
NL104UJT,0,Q101352
ZX0HJRMI,0,Q11424
27DSHQUC,0,Q1966910
9MLIPRII,0,Q3305213
TH02PKN5,0,Q7889
8OZSYVGV,0,Q8436
R6DK5LA1,0,Q101352
MOEOVFRK,0,Q1373439
5ZNEMH9A,0,Q5116872
Q67IB3TP,0,Q7889
KCMBXP9J,0,Q523
9LKATUTG,0,Q17343829
NQDELRGG,2,Q13442814
APO8L6C4,0,Q25110269
Q9BTQZCG,0,Q1190172
LCBLYQAG,0,Q3305213
9UMALGKD,0,Q101352
PNKRSGCO,0,Q3305213
R1R96VQW,0,Q8436
L7A0PO8W,0,Q5327369
SE5M0XRI,0,Q22074477
WFF0IT54,0,Q5116872
HKZ9AOVG,0,Q1307329
9AOHG433,0,Q8436
84CYVU7K,2,Q3305213
3NAY6TWQ,0,Q25110269
CD041KNS,0,Q55488
VHHY6WZV,0,Q726242
BYA4WSB4,0,Q7187
E5AZ7201,0,Q22075301
H9G58E90,0,Q12813115
T6G06Z5V,0,Q3305213
X157BHGR,0,Q6270791
14CRCCJ9,0,Q101352
65TLQVVE,0,Q25110269
6GHF2YMF,0,Q7187
LUV6JXRQ,0,Q101352
3MMNB233,0,Q12813115
GG4IQTTR,0,Q101352
VSLOVJEV,0,Q7889
886ZS9ZP,0,Q3305213
F20YQFLH,0,Q22698
DSQNWR9Q,0,Q25110269
9P9HD0PJ,0,Q101352
OSPWWNSK,0,Q5
08MMZAU6,0,Q101352
5YRKPFS7,0,Q1190172
TWSBO9XS,0,Q25110269
2PLNSX6S,0,Q1307329
MZZQRBIH,0,Q3305213
I7KSNW3H,0,Q25110269
KCS46TEQ,0,Q7725634
9MJ90CGZ,0,Q523
7ZR7Q7R3,0,Q5
FMRA7QIG,0,Q25110269
ME0BMBR3,0,Q25110269
W44IXN5Z,0,Q486972
UGJUTWZL,0,Q468008
8LYTCQWG,0,Q486972
I4Y2BPKB,0,Q3305213
ILUYVUVZ,0,Q25110269
CL5APD9L,0,Q2074737
CXGUE8P6,0,Q8054
Z1B9MRL1,0,Q15911738
FSHQNSEY,0,Q11424
WH76LFYM,0,Q1373439
H9ZT7Y2V,0,Q13442814
95OPEU3F,0,Q24869
QEFNX05E,0,Q11424
72MC6G7W,0,Q12813115
PE3VPETY,0,Q8502
LAXN4684,0,Q5
WBLX41IJ,0,Q1353952
8D1TYAQX,0,Q1373439
PIJ8OPOW,0,Q3305213
0HM9NBD5,0,Q12813115
FEW6HQY6,0,Q27971968
2GVTND7O,0,Q13442814
484XNI7K,0,Q159675
S1T88I7V,0,Q468008
9E6P0O7X,0,Q79007
7LSITM1V,0,Q1373439
EYE4ORQR,0,Q318
TWZCAT0N,0,Q7187
LTE1CV0E,0,Q486972
O6NAIUGU,0,Q17205621
YDLLM75Y,0,Q515
NWXDHMP4,1,Q486972
J35GOET9,1,Q486972
412LB713,1,Q486972
OIR4IDGF,1,Q486972
J0BFCXRY,0,Q70208
DP8FVL0J,0,Q70208
DA6P22V5,0,Q39715
5QYWZZ9X,0,Q210272
V0RTC5NE,0,Q101352
CQCBDPUZ,0,Q16970
CDZYM5V8,0,Q744296
RGBMYIGN,2,Q13442814
N4BB2M6C,0,Q24869
7SWXMT0H,0,Q22074477
WC3WV00J,0,Q22074477
G3VIC0ZF,1,Q5
M1W74FTU,0,Q19723451
BMENQS5A,0,Q23442
8VGN8Y2P,0,Q11173
OCJH64EJ,1,Q427626
RWWGEL2J,0,Q15921247
ZOWFEGYP,0,Q7187
39KFPSAD,0,Q21073024
9UKGYHDE,0,Q11173
0DCH2HLW,0,Q7187
3Z8PSG5K,0,Q13442814
FJRL5J31,0,Q17343829
84V42N2J,0,Q3305213
CY56B1WH,0,Q3305213
ROAMRGLB,0,Q811704
2U1GT7L7,0,Q11173
T0OR23A0,0,Q7187
YS4EZ9VL,0,Q1768043
TIHDV5TA,0,Q1768043
QZ8LIAFJ,0,Q1768043
S7DKT9OH,0,Q3257686
8G4N5HTJ,0,Q44613
MA4NC70X,0,Q207694
ZBFA0R52,0,Q29168811
AUL2QKSW,0,Q15630849
LTFACTLC,0,Q19730508
MGXTGSWM,0,Q79007
KK897T3N,0,Q386724
JCJMIPHX,0,Q473932
DFG1P1WI,0,Q473932
UCO0CVH3,0,Q1302471
YJMAHPDB,0,Q4830453
X40PHZBK,0,Q262166
L9HG731D,0,Q486972
5XR2EQIK,0,Q3257686
7O0HKWUY,0,Q17376095
OF6Y5RU1,0,Q17376095
L14YAF64,0,Q253019
3QMRPZ9V,0,Q3257686
HNGQLXAV,0,Q101352
CTBSJYTJ,0,Q8054
PAH2HRR3,0,Q14928
99IIGZ0C,0,Q134556
TTJYUBRW,0,Q11424
GSV0VZQU,0,Q5
Q5UQK8IK,0,Q5
MXU1VTYV,0,Q28111
YYILI08P,0,Q5
V99UMO8V,0,Q7187
SVBDXIC0,0,Q10416961
1DH0F73D,0,Q12323
03T4AJLE,0,Q12323
HYAFUNOK,0,Q15911738
HNIAIH9Y,0,Q7889
4RBW92ED,0,Q101352
22CGPT7S,0,Q55102916
4A53DVK3,0,Q2217301
R88OWH3M,0,Q2217301
NF2NM7J4,0,Q486972
18NV2N5U,0,Q1131296
KSXBLUIO,0,Q2143354
WLAD0F31,0,Q6881511
6I2MCP2K,1,Q1269299
PREMKWX0,0,Q27971968
Y5246RNK,0,Q3331189
HTMMR9LA,0,Q861911
HL10XPXW,0,Q861911
NQHVELPO,0,Q4022
4TNK1HMR,0,Q2187969
BDIJMTQD,0,Q16521
0Z32YIFS,0,Q8054
542LAS4S,0,Q618123
SGKBS5L0,0,Q5
20BMVI7L,0,Q5
5391C8IK,0,Q15127012
QD9QL86N,0,Q1093829
7J5UL649,0,Q76514543
O7G8DWK4,0,Q3305213
I7DLCFKE,0,Q101352
8NQ9T1X4,0,Q33506
XY9HC0RC,0,Q8362
HJCKM1Q4,0,Q8261
7QM1BK7H,0,Q8072
NK9DUKV2,2,Q11173
RD0EEY46,2,Q13442814
GI0E8XLZ,2,Q13442814
OFH6E6OP,0,Q9035798
VQ5JE3JR,0,Q21850100
2B0LPDGZ,1,Q486972
QBI0BNNR,0,Q4022
R9ZV7HAT,0,Q482994
5E9Z4RYC,0,Q13410428
PYE36USW,0,Q13410428
XOEZ49YR,0,Q13414755
OYJX4VDZ,1,Q486972
ZXXQKK9U,0,Q11812346
ZXXQKK9U,1,Q486972
FD81SXRI,0,Q11812346
FD81SXRI,1,Q486972
W3FVRGR5,1,Q486972
YKZH4KYI,0,Q70208
BU8T6WD8,0,Q70208
JSFZ4D5F,0,Q15634554
EIE8Z96Q,0,Q4632675
TM8QFWEU,0,Q39715
3NAY6TWQ,1,Q13442814
Z1Z99GPM,1,Q13442814
KVSP7OYE,1,Q13442814
J2RPCMQ8,0,Q25110269
05HB46KD,0,Q22074477
2S0SLXVI,0,Q22074477
CPH2BZ9O,0,Q22074477
H8I4TVUJ,0,Q22074477
VDV98ALI,0,Q27971968
O7B3HO2O,0,Q19723451
5VZGAWP3,0,Q101352
DAD1FDX7,0,Q59773381
8EOBI9WM,0,Q191992
UVQ27CEE,1,Q427626
QTHX640C,1,Q8054
61LZG8QL,1,Q8054
3XO0GG04,1,Q8054
J7V7RGRA,1,Q8054
BDEUN8ON,0,Q486972
QYN6Q1F8,0,Q558330
C85X8J4F,0,Q3343298
FPV9NTYO,0,Q12225020
WYHF79AP,0,Q13442814
6O1I452Z,0,Q13442814
6WIL9ZQR,0,Q1248784
NBZ1ODH7,0,Q55488
UDJ4Z91I,0,Q11446
99P8V7AT,0,Q1768043
SE9IQS1N,0,Q1768043
23PVHN0W,0,Q1768043
2MA2IF6J,0,Q1768043
PLZ79I81,0,Q17376095
92XNZT0N,0,Q3257686
ZECDWN7K,0,Q207694
O6UODRVJ,0,Q44613
7ALIY0D8,0,Q29168811
MYYNL1BW,0,Q15630849
W6I1U4YU,0,Q149621
GMDBY608,0,Q386724
7E10KZ6Z,0,Q473932
LBRUVFIJ,0,Q5
HW5W9NIU,0,Q318
XMY5SFLO,0,Q6243
F0KBQXX0,0,Q5
PKQLQ2TI,0,Q190403
84AO6908,0,Q190403
GRP50COS,0,Q190403
FV0MWXVK,0,Q1852859
BK2HD736,0,Q17376095
1MSTBELG,0,Q486972
EGAIXOW3,0,Q515
MTYBP1N0,0,Q79007
22PS83R2,0,Q5
E6CKBF50,0,Q101352
5UQZVBS5,0,Q22075301
5JEDH6XO,0,Q134556
TIW97BEX,0,Q1261214
8AIYFLKR,0,Q3397526
KUTDBXQA,0,Q878130
JUD2X384,0,Q28111
HCKMZHOE,0,Q28111
W4TR2NZB,0,Q28111
6BSEI1BE,0,Q5119
3Q9HR6K4,0,Q13433827
PWQVWAOV,0,Q93184
C0KGLUZ1,0,Q101352
N04BEBKK,0,Q101352
E70T79I3,0,Q34770
T6869Z78,0,Q14350
6HQWPONY,0,Q101352
XYYM5DX1,0,Q8502
3UCBRFO0,0,Q15911738
UW9H9K0U,0,Q2217301
21OZOGBW,0,Q2217301
OO2P72II,1,Q3624078
G56YYIKS,0,Q2217301
VK6RPWQE,0,Q8502
IYZRV8J1,0,Q54050
VMNRBRG9,0,Q523
FO6DWWXA,0,Q3305213
1TJMZGRS,0,Q3305213
TW1EAFJF,0,Q3305213
9J52S1DZ,0,Q3305213
774C4LS2,0,Q18219090
NLZXBGBJ,0,Q18219090
8RRMS5SG,0,Q18219090
P92SQ62G,0,Q3305213
P92SQ62G,1,Q207694
ZC8AKZAM,0,Q3305213
CVED3QFT,0,Q3305213
4ODU8CKX,0,Q11060274
W3OPLDJU,0,Q27971968
0TM09LSF,0,Q27971968
RSBHH59V,0,Q1190172
RNTOAMG3,0,Q1190172
LM4V8UXS,0,Q1190172
4ZRX6MZ5,0,Q4022
BAU2YNE0,0,Q1307329
N6PMJJ4V,0,Q4022
D6DZ5VPB,0,Q1093829
1DNZGYU1,0,Q101352
58KG4LER,0,Q486972
IALQBRL9,0,Q39816
X6D4F95J,2,Q898786
JBWY71UT,0,Q16970
8FFP7W8V,0,Q375928
OWMUNW31,0,Q8261
NY3IOH47,1,Q5
LVGY6N1M,1,Q5
S56B1MK1,1,Q5
Z4YJJU8D,1,Q5
WU9AG3JR,1,Q5
JQW3V8OZ,0,Q101352
J8Y053Z7,0,Q18219090
FO4AG8GL,0,Q526877
NPT1OK0A,0,Q2217301
RMQZTH0V,0,Q15632617
BGQURBN4,0,Q846837
4YX4ZJNI,0,Q13221722
72Z1XFZC,0,Q3760158
HUS3EM58,0,Q22074477
JTY6TMAT,0,Q216057
761KRIOG,0,Q12813115
G1CE661K,0,Q2217301
I4QF6NW1,0,Q55488
B6IJCX39,0,Q1373439
GPA5YAYN,0,Q31615
QBIT9E2U,0,Q55818
G9DD3QG9,0,Q16739079
Z11BKKUG,0,Q846837
QS38GOUC,0,Q456876
MP07XC30,0,Q17201685
PFJX6RFZ,0,Q4886
9LLTMJQO,0,Q22074477
LUKFGMYP,0,Q4022
4WJPGP89,0,Q18219090
6U10EFF0,0,Q1131296
J5ELUFUA,0,Q45776
YDIQAKBS,0,Q5116872
4UILOOKT,0,Q39594
LCSQ1VJX,0,Q79007
GM4762RC,0,Q523
6ZXG9RH8,0,Q1569167
PD8TEC8A,0,Q3305213
6EOX6FXL,0,Q13414757
EFANL9OC,0,Q1229765
O6IM5204,0,Q101352
40OM7MB9,0,Q8473
ZPTPHL0V,0,Q811704
YTNHKE58,0,Q1302471
ZNBMPU6H,0,Q3305213
SX7XTNVS,0,Q22074477
A8AYDOHZ,0,Q3397526
3XODPCDZ,0,Q216057
52CXHELP,0,Q1114461
BEM3LPFT,0,Q8436
SJYWZNNT,0,Q429795
RMB1I4VX,0,Q29414133
J9LICOQ0,0,Q29414133
PFZNT0FB,0,Q15921247
TGC1I7V6,0,Q2217301
RZ44CSMN,0,Q5
2JIC4989,0,Q25110269
ZIPDBXAC,0,Q1307329
RWS6TR5K,0,Q12225020
GU9BZUO4,0,Q23442
R0DOIL8S,0,Q93184
38873WJF,0,Q15145593
NKPZR5J6,0,Q811704
JG549JEQ,0,Q18219090
GWDQ3LNV,0,Q1121471
ATIYTN7C,0,Q41298
HGZ2EVZR,0,Q475476
AR1HAGI1,0,Q6243
C0Z6QNJY,0,Q830831
B80VFT7K,0,Q456876
Q9XJPTWM,0,Q161387
OHTGAYVT,0,Q12225020
MLLVL75A,0,Q1121471
OE6DS9SV,0,Q170483
63HF2WCK,0,Q5
K2LW3QT5,0,Q1457747
ZCLB5F8S,0,Q4830453
HF4WQEQC,0,Q54050
A11T9Q6A,0,Q9143
P1OQSDSS,0,Q134556
B230F399,0,Q618123
0HCRXRBW,0,Q486972
P1RV1X0W,0,Q3305213
OYKVCTXA,1,Q189533
8SFP06DR,0,Q830831
VO71ITUA,0,Q2607934
EROMZMP6,0,Q63209072
A3ZNXSYL,0,Q216057
QU7US4OD,0,Q13414757
P6PSMDXG,0,Q18219090
MTA3CV12,0,Q1190172
1CTESPDN,1,Q189533
W3FVRGR5,0,Q13414757
2GBIT3VA,0,Q22074477
JMXPTAC7,0,Q3305213
FB1FES1P,1,Q5
L32BR8KA,0,Q526877
DWRYGT3R,0,Q101352
T6GFP59J,0,Q486972
EQFGFJI3,0,Q13414757
A5T0GVLF,0,Q8436
8Q07DUTO,0,Q29414133
RCOUDI8K,0,Q55488
OO2P72II,0,Q2217301
9PLFOCC2,0,Q1248784
YH8MGPXG,0,Q1307329
N07R9QV4,0,Q5
SQKJQL2R,0,Q5
T5JWKP23,0,Q101352
VREOITZ9,0,Q2217301
T781MZKH,0,Q4886
SGV55IWZ,0,Q11755880
3FFIAG69,1,Q79007
HGFMTWKC,0,Q355304
LQWZS8U9,0,Q17201685
4VSFLAFF,0,Q6243
86HG81QH,0,Q76514543
CM0L70B3,0,Q18691599
CJ1K8WAJ,0,Q3257686
88TJX2Z2,0,Q3305213
J5GRZO55,0,Q1497364
IF73O88V,0,Q216057
6I2MCP2K,0,Q6881511
HMY2H4E1,0,Q8436
I5YRVQ1E,0,Q15632617
AVYER0TW,0,Q25110269
345OTWMN,0,Q5119
MDWQOIWV,0,Q95074
E6N5C3AA,0,Q187934
9Y572TY4,0,Q8436
LZXOPJ0T,0,Q9143
1C9SBHEW,0,Q5
62X3A914,0,Q1307329
J79CU4J2,0,Q11446
T8FBXA37,0,Q917146
ETBL3GBV,0,Q1131296
NZ1KXQ9H,0,Q2785355
U4MZT9ZF,0,Q482994
8OOX3NVJ,0,Q950431
PAB6ZWJR,0,Q8473
BO925OFN,0,Q23442
RRC36KZ3,0,Q170483
2WEDQZGM,0,Q5
SNU21EPO,0,Q101352
53UD4UCM,0,Q11755880
DOQM4ILM,0,Q728937
KJTUJEDP,0,Q5
FCVT7ZY7,0,Q24869
YV0VPB3K,0,Q386724
BA5WX5EA,0,Q1302471
B3C2PFPL,0,Q93184
96O0X4GR,0,Q17343829
K2X1MMSV,0,Q11755880
WWTUQ74X,0,Q482994
J0WDALX2,0,Q15145593
DST5QVYS,0,Q5
IMO9N3FH,0,Q466737
51VS0BYH,0,Q3257686
B1EQ5YRY,0,Q8072
FGMI46XQ,0,Q2516330
W01TW1DZ,1,Q196600
RWGKDETU,0,Q10884
8FSZEUL6,0,Q31615
6NZ4MHSJ,0,Q3937
W00SV2N8,0,Q101352
U87ALBLN,0,Q5
J4PGVWCI,0,Q5
2HIC4EQ7,0,Q1497364
X31YRWWU,0,Q12813115
U87ALBLN,2,Q48264
O3HFKNNS,0,Q618123
CPUOPZ31,0,Q12225020
OV1LXCOA,0,Q758895
7SS26AQR,0,Q318
ZN23HYOX,0,Q523
TGCV9UAY,0,Q2217301
WN6EEOEZ,0,Q744296
5ELEMXPJ,0,Q11755880
WTP2X3IB,0,Q456876
DEAFZVRF,0,Q55488
GGHHF15Z,0,Q26540
DYBFXHUU,0,Q2143354
FKP4DA8B,0,Q744296
ILZR2M4Z,0,Q618123
WOL9CBN4,0,Q8436
EJQJD3JP,0,Q811704
6AGZYOGM,0,Q216057
D62FGVEO,0,Q2217301
XLEE3FAD,0,Q811704
1IM29CPI,0,Q16521
HD0MPY45,0,Q101352
CIYKW5ZJ,0,Q48498
UMXUKMVP,0,Q1497364
KYLV60PJ,0,Q55818
0J6XXLLE,0,Q18691599
ZN6N1T02,0,Q746369
B6AYCWGK,0,Q101352
ZXXCAL42,0,Q4022
AL56W7NJ,0,Q8261
XUXK8WQN,0,Q22074477
RVZV7IQB,0,Q101352
TJ9W91M0,0,Q13414757
DDMMT5J2,0,Q55102916
XUXK8WQN,1,Q5
737UIG4Z,0,Q55488
8PI7O6MF,0,Q2111434
JGL3UM5Z,0,Q16739079
I205GPXF,0,Q1131296
AD2C021H,0,Q8502
T5ET3QRE,0,Q2607934
XKGVGDM2,0,Q2217301
EXBL7CB1,0,Q482994
V9HOB83P,0,Q811704
KZRCSA4W,0,Q1121471
JYMJO0ZH,0,Q18325436
1ER4DEMF,0,Q6023295
KPXFZ8KJ,1,Q30634609
YFTGATWD,0,Q386724
GT8QRC3P,0,Q8072
3W6UNFXF,0,Q216057
HQJPERU3,0,Q852190
PF9MRJTZ,0,Q101352
ELUXA6DS,0,Q811704
KK3G3ZO7,0,Q12813115
RGBMYIGN,0,Q25110269
NQXWHOQB,0,Q101352
0TI6TKLU,0,Q7187
9DO4N2DO,0,Q17143070
GEIH9AIU,0,Q3397526
P76IZT9C,0,Q482994
Q8JYZJ8G,0,Q16521
AL3NX20L,0,Q23442
R0MUD1ZH,0,Q11424
M92PJOHR,0,Q18219090
SZ4G35SS,0,Q5
0TWMZDWT,0,Q11424
YNATE044,0,Q721747
QXJSDJQL,0,Q15921247
RMFMFCL1,0,Q13414765
IOQXC4NO,0,Q486972
7E7UAGTF,0,Q31615
YB1OWPH4,0,Q4022
CU7HWST7,0,Q8473
JF0QS2TF,0,Q216057
R0NP91NU,0,Q41298
7KH0ZQYH,0,Q2607934
SPVOET3S,0,Q22074477
J0RASENC,0,Q375928
DHF8GMIJ,0,Q475476
UF0W9XO6,0,Q34770
UCOGZCMG,0,Q15145593
8OBZCBYI,0,Q4632675
46FOYMWB,0,Q2143354
TEIEFWIN,0,Q3257686
01K0AHD4,0,Q5
30UNL9UX,0,Q486972
VWYE2BTU,0,Q7187
II4A0F73,0,Q11183787
9UIIXTG3,0,Q11424
G9Y3C5VE,0,Q618123
1C5YT8BN,0,Q2143354
O206KSLH,0,Q22074477
6P5QF5I5,0,Q7725634
P4MA953Y,0,Q6023295
R2V6LIUO,0,Q8502
VXAQASRY,0,Q54050
WRWKQ54N,0,Q75520
9ANCACKG,0,Q466737
O30SZ5KV,0,Q4830453
HP9BUHH0,0,Q841983
G9F6D4KO,0,Q1428357
Z3G2AQ3X,0,Q15773317
91N9XF3R,0,Q3305213
FK3LCZHD,0,Q811704
YCOY9IBI,0,Q101352
Z3G2AQ3X,1,Q5398426
VKHVNYUT,0,Q101352
YASSXIQA,0,Q5
APIPTZFH,0,Q2785355
1I3EPKFC,0,Q482994
RY1FPLCP,0,Q474
60QZBSXD,0,Q31615
TOZOYAFN,0,Q1318295
WAP1BVE9,0,Q27971968
25IALZT1,0,Q1261214
25DDABSU,0,Q134556
PJ3PU4AN,0,Q1307329
HVXXC9N9,0,Q1307329
A94H7XVN,0,Q811704
OH0N7RKP,0,Q101352
VK5NTZ5H,0,Q618123
BI4Z7TMX,0,Q811704
0HVL1V33,0,Q4022
0OW9QOD8,0,Q2607934
B6OBZ8LB,0,Q15221370
OGZJLQIG,0,Q55818
P2RURULC,0,Q3305213
Y14WUNIU,0,Q2143354
H6TCPGVB,0,Q4022
CC7TFJ5G,0,Q22074477
CSRZ9B7R,0,Q8776398
Z4ZCU1G4,0,Q2217301
5FPNTUP7,0,Q101352
GJ7F1RCB,0,Q13414757
NDZ6JPAQ,0,Q17201685
0S9A54XD,0,Q8072
WW94ZMCV,0,Q634099
LQIM3UXM,0,Q2217301
GE265VW2,0,Q1993334
EA8YRZYD,0,Q486972
UURX1TFH,0,Q55491
I44U860B,0,Q618123
VECW7JTK,0,Q846837
SK5CT1F6,0,Q5
SIWBJY57,0,Q48498
BI4YFG7X,0,Q13415371
UFFP5YFQ,0,Q1993334
BJHXJSYV,0,Q8502
67UM2Y73,0,Q8502
C83UKMP1,0,Q20650761
X6D4F95J,0,Q429795
ZC7764JW,0,Q134556
UYBWGOTH,0,Q79007
2O8B40LC,0,Q159675
O2JBZ5XZ,0,Q179049
PWNGN60E,0,Q170483
GJSI75I4,0,Q6999
UHHZ8NJ7,0,Q48498
IS8X76KI,0,Q193893
5ORKLICH,0,Q473932
DO6ZRJIL,0,Q11060274
PDKKNHO9,0,Q22074477
6X5OW0RR,0,Q190403
GLVESBJC,0,Q101352
OA3GX8GR,0,Q3257686
6N2MDZFY,0,Q12813115
KVSP7OYE,0,Q25110269
308EN1VP,0,Q14928
8B6KI472,0,Q101352
E29AQXTX,0,Q618123
PU8K7RFC,0,Q216057
7847HWU9,0,Q33506
ZFPM7F1J,0,Q758895
X5FAZ7CZ,0,Q101352
R5Q2B09G,0,Q2607934
GWPIQDYS,0,Q216057
DC7H3NKC,0,Q8054
87X1W4RE,0,Q475476
ISM53AMP,0,Q1021711
I26LO4MM,0,Q757292
E4CXOCHD,0,Q14947481
DW44J12F,0,Q39614
8JBJXTC8,0,Q15145593
62RRD0YT,0,Q25110269
EXR9J57U,0,Q101352
VL5GK74Z,0,Q1009641
6YHNP3VI,0,Q14928
RGGVBKRH,0,Q1993334
6USCATV4,0,Q747074
SKM45049,0,Q4022
NTISN0M8,0,Q55488
LNCRR0GR,0,Q13221722
EAHLCG63,0,Q8502
EAD2P654,0,Q898771
Y3KL6XZ3,0,Q216057
PPM5A1YW,0,Q182531
SDTZZGQ7,0,Q4022
822YFBY1,0,Q526877
K5QUHNBR,1,Q532
G8L3QBWF,0,Q8502
U2O4DYFH,0,Q8502
PFZM7ZPW,0,Q134556
2IJAX762,0,Q2607934
LW9UIOXJ,0,Q8436
7U77233R,0,Q2607934
F05VLK3F,0,Q216057
XKB1N0M1,0,Q31615
0YJIXL3F,0,Q13414757
EJTW8LPL,0,Q6063801
BAG99VZV,0,Q473932
2LEACRZE,0,Q523
F0JI8RPU,0,Q11060274
4NHENFTG,0,Q55491
IMYCKE8Q,2,Q48264
3IEA4Y78,0,Q55818
RGXLVLIL,0,Q1302471
DSL5K555,0,Q19730508
S5XSQ0NF,0,Q190403
CBUQSFI2,0,Q2775969
DD8JGVPP,0,Q54050
MY8YKLUV,0,Q744296
4C2I8G60,0,Q23442
H743G241,0,Q1121471
173FOZ32,0,Q28823
8EX0VFD7,0,Q7187
UAXAERSR,0,Q18219090
KK7L17UD,0,Q25110269
FYSY96PP,0,Q1121471
HX7Z0O3I,0,Q466737
DLHOD9DX,0,Q15145593
CNZOKL0H,0,Q4830453
6A15654Y,0,Q8502
B1ZRUUEB,0,Q2607934
J8M90IV6,0,Q28111
3GW4PLRE,0,Q8072
VUER1S51,0,Q105543609
VXEJ9ZNB,0,Q101352
B606N5T7,0,Q5
QJ1AXFQY,0,Q1966910
VIGT7JYA,0,Q134556
L013MVDG,1,Q207694
AO8IM3IC,0,Q2785355
BQ6YXKSZ,0,Q17143070
EIZA72Q4,0,Q55491
T40EWDZQ,0,Q216057
NHF2WUBB,0,Q1497364
NUSFFFBE,0,Q746369
MPB803ZH,0,Q811704
N427KEC3,0,Q95074
WVEGFH60,0,Q473932
XNRDRKW6,0,Q386724
ZHJPSNTA,0,Q14928
X82J0GD6,2,Q9143
ICM1E5HE,0,Q9143
0R5NCGK1,0,Q811704
PIPNC3C6,0,Q7897276
XHU8KTN4,0,Q11060274
5DK0F9GL,0,Q2217301
M65F1NUV,0,Q28111
R4W8TKWQ,0,Q14947481
XORYD2RK,0,Q190157
UEUZKZS9,0,Q14947481
2XYB6UP3,0,Q5
2ULWPSIQ,0,Q101352
4Y3DWELK,0,Q216057
6XE9AO3H,0,Q5
VWD57EK8,0,Q269949
CCHJQKCK,0,Q8502
QOER5REL,0,Q1497364
5U2LWV7I,0,Q2775969
NE36XR9B,0,Q386724
NE9VTF1I,0,Q475476
KWMPVH2C,1,Q532
MYZX1G5Z,0,Q101352
YBCY3LF5,0,Q44529188
PQB92UHB,0,Q5
MFE1PDUB,0,Q5
2Z3739AK,0,Q2217301
TDHSM63H,0,Q2143354
1LP5B93B,0,Q3624938
59GD5789,0,Q14928
TFC2KPI8,0,Q2785355
UKHEEF5P,0,Q71963409
B72RF1PB,0,Q4886
ST71Y0HM,0,Q8473
OQ9SKEX1,0,Q526877
YQ3W9CTL,0,Q8436
I3KV7IH0,0,Q216057
WU9AG3JR,0,Q5
65SXBILS,0,Q75520
UBHO5SAL,0,Q5
EKTVTUCY,0,Q15145593
OYYWDLAT,0,Q22074477
5X9YW1IE,0,Q18219090
CSSW1U9M,0,Q61878
R7G7868J,0,Q1229765
O6VIQUM4,0,Q18219090
R3KTMEFF,0,Q3397526
THX9D3OP,0,Q41298
Y6FRREHI,0,Q4830453
64K6EX1U,0,Q216057
UT48KT01,0,Q2607934
M16EPTYV,0,Q75520
MZG7FANP,0,Q54050
5SQIHOK1,0,Q877886
ZRE4L6MK,0,Q48498
IK8GEXJP,0,Q101352
F594TDHN,0,Q215380
E06ID7XI,0,Q75520
X6Q2F3L7,0,Q5
8NQJD2TI,0,Q846837
NZE42SY3,0,Q11060274
2GFIFXO8,0,Q1400565
PZLBJJG1,0,Q191992
SI8XECNO,0,Q526877
E9R2H9TE,0,Q33506
SKCTX6GO,0,Q101352
LO3O3OQN,0,Q55102916
9Y3QSFNW,0,Q25110269
PK402I45,0,Q15145593
SNP9HJNZ,0,Q76514543
3NW31033,0,Q705296
7I0D3YZ9,0,Q845169
X00RO8D2,0,Q8502
LW1U183T,0,Q12225020
9Y3QSFNW,1,Q13442814
B0I7CTEG,0,Q76514543
53LFACBP,0,Q618123
8N4KHS0B,0,Q861911
4EC7OJ05,0,Q877886
8V4O1QHZ,0,Q484170
VXVEFN2Y,0,Q11424
OS22HYPC,0,Q22074477
8CN4TT88,0,Q29414133
64JTMOGV,0,Q15221370
4ESTXJ2P,0,Q12813115
EHHWW811,0,Q191992
KJBY7E43,0,Q1131296
8JIEBLFK,0,Q59773381
F8YFPIC2,0,Q1129743
O6OQKU1Z,0,Q6023295
NPN4RFOS,0,Q5
5G4M90DD,0,Q55488
BGO7ZQTU,0,Q48498
O7L61DDC,0,Q1009641
EYOYA07K,0,Q12323
DY72NU13,0,Q25110269
4CYMD4GT,0,Q55488
Z40VGY0Y,0,Q6999
9RR7OTFG,0,Q1261214
M67N38U7,0,Q203904
Q4R3K1VI,0,Q27971968
YJXC23P8,0,Q17343829
A53WBU0U,0,Q355304
7VLJ44NI,0,Q2143354
DSZJ5447,0,Q101352
UXTDTR4X,0,Q79007
2E0D10Z7,0,Q61878
1OP5S670,0,Q25110269
F8ZQUOZR,0,Q7187
DGR4OO54,0,Q1307329
DGR4OO54,1,Q1047698
CFWOIGWV,0,Q1009641
75IZ6UU5,0,Q79007
FC6AHJHV,0,Q1002697
M3Y1OJBL,0,Q216057
NK3BTOZE,0,Q8436
3XHJUORW,0,Q19730508
JWMT6068,0,Q2217301
610H8LYH,0,Q56750657
WRSHLKPA,0,Q4886
NFT3OLIY,0,Q1093829
L9S3SDVY,0,Q1261214
