00E2H310,0,Q5
00E2H310,1,Q3327870
00E2H310,2,Q3624078
06HHNHVW,0,Q7278
06HHNHVW,1,Q7257
0D70DN48,0,Q23397
0D70DN48,2,Q47168
0D70DN48,3,Q35657
1J3K7WK4,0,Q3624078
1J3K7WK4,1,Q10864048
1J3K7WK4,2,Q515
2ABLDQ0B,0,Q786820
2ABLDQ0B,1,Q3624078
2ABLDQ0B,2,Q504154
2ABLDQ0B,3,Q515
2CTX9XOZ,0,Q13226383
2CTX9XOZ,2,Q5
2CTX9XOZ,3,Q4164871
2CTX9XOZ,4,Q1002697
2CTX9XOZ,5,Q19828
2CTX9XOZ,6,Q5
2PTIGCW7,0,Q2431196
2PTIGCW7,1,Q1093829
2PTIGCW7,2,Q208511
31SDIFIY,0,Q5
31SDIFIY,1,Q17343829
31SDIFIY,2,Q13442814
348TQN52,0,Q3624078
348TQN52,1,Q5
348TQN52,4,Q15063586
381T0A1S,0,Q12140
381T0A1S,1,Q28885102
381T0A1S,3,Q621636
3LG8J4MX,0,Q215380
3LG8J4MX,2,Q18127
3LG8J4MX,3,Q5
3LG8J4MX,4,Q108346082
3N6S2FCX,0,Q5
3N6S2FCX,1,Q3327870
3N6S2FCX,2,Q3624078
3PY2F0NA,0,Q3624078
3PY2F0NA,1,Q515
3PY2F0NA,3,Q7930989
3VW3LEY0,0,Q5
3VW3LEY0,1,Q3624078
3VW3LEY0,4,Q188451
3X6QY8Q0,0,Q192611
484N75FK,0,Q155076
4OYU624U,0,Q5
4OYU624U,1,Q141212
4RROJPVV,0,Q2088357
4RROJPVV,1,Q13442814
4RROJPVV,4,Q188451
5HD27KI3,0,Q30304302
5HD27KI3,3,Q3327870
5HD27KI3,4,Q47168
5YIWGR2Q,1,Q5
64OJP4G3,0,Q5
64OJP4G3,1,Q3327870
64OJP4G3,2,Q3624078
6JTF8CCT,0,Q5
6JTF8CCT,2,Q5
6JTF8CCT,3,Q5
6O8YB3TR,0,Q5
6O8YB3TR,1,Q3327870
6O8YB3TR,2,Q3624078
6QZ8UGMQ,1,Q6881511
6QZ8UGMQ,3,Q601401
75EYQ91Y,0,Q7278
75EYQ91Y,1,Q12909644
7EVLH0DV,0,Q2088357
7EVLH0DV,1,Q13442814
7EVLH0DV,4,Q188451
7JX8IIHQ,1,Q7889
7JX8IIHQ,2,Q1002697
7JX8IIHQ,3,Q10929058
7JX8IIHQ,4,Q112042224
7JZ7GU9F,0,Q12140
7JZ7GU9F,1,Q28885102
7JZ7GU9F,3,Q621636
7QNYGYI7,0,Q5
7QNYGYI7,1,Q1093829
7VVP9YIF,0,Q5
7VVP9YIF,1,Q891723
7VVP9YIF,2,Q3624078
8L59R63L,0,Q476028
8L59R63L,1,Q5
8L59R63L,2,Q5
8L59R63L,3,Q658255
8L59R63L,4,Q6881511
8L59R63L,5,Q43229
8MSQE1ZJ,0,Q5
8MSQE1ZJ,2,Q1093829
8MSQE1ZJ,3,Q10864048
8MSQE1ZJ,4,Q3624078
8YINKYDR,0,Q5
8YINKYDR,1,Q3327870
8YINKYDR,2,Q3624078
8YRWSA0X,0,Q5
8YRWSA0X,1,Q13393265
8YRWSA0X,2,Q1093829
913CJNCZ,0,Q30304302
913CJNCZ,3,Q3327870
913CJNCZ,4,Q47168
9BGE5Y4L,0,Q1520223
9BGE5Y4L,1,Q35657
9BGE5Y4L,2,Q17343829
9H5TRDYY,0,Q5
9H5TRDYY,1,Q476028
9NPBCWEQ,0,Q3624078
9NPBCWEQ,1,Q23691
9NPBCWEQ,2,Q1128637
9NPBCWEQ,4,Q5
9NPBCWEQ,5,Q154954
9Y8MPU2Q,0,Q3624078
9Y8MPU2Q,1,Q5
9Y8MPU2Q,4,Q15063586
9Y8MPU2Q,5,Q54050
9Y8MPU2Q,6,Q5
A5TITKIN,0,Q35657
AH6GNGFM,0,Q12140
AH6GNGFM,1,Q28885102
AH6GNGFM,3,Q2695280
B20WIQKU,0,Q5
B20WIQKU,1,Q3327870
B20WIQKU,2,Q3624078
B38A9Q5R,0,Q4830453
B38A9Q5R,3,Q3624078
B7ILPH0Y,0,Q12140
B7ILPH0Y,1,Q28885102
B7ILPH0Y,3,Q621636
BDH3WFGJ,0,Q476028
BDH3WFGJ,1,Q7930989
BDH3WFGJ,2,Q483110
BTZJTHUL,0,Q2431196
BTZJTHUL,1,Q51929311
BXINWN27,0,Q12140
BXINWN27,1,Q28885102
BXINWN27,3,Q2695280
C0YWPK0C,0,Q4946305
C0YWPK0C,1,Q1637706
C4100WEW,0,Q105543609
C4100WEW,1,Q4830453
C4100WEW,2,Q8187769
C4100WEW,3,Q515
C4100WEW,5,Q3624078
CHZGO92A,0,Q13226383
CHZGO92A,2,Q5
CHZGO92A,3,Q4164871
CHZGO92A,4,Q1002697
CHZGO92A,5,Q19828
CHZGO92A,6,Q5
COYJRI5Q,0,Q5
COYJRI5Q,1,Q3624078
COYJRI5Q,2,Q476028
COYJRI5Q,3,Q483110
CS0E4E42,0,Q155076
CXBCCWXI,0,Q3624078
CXBCCWXI,1,Q10864048
CXBCCWXI,2,Q515
D452X6S9,0,Q7275
D452X6S9,5,Q1307214
DIQL0OZ4,0,Q155076
DIQL0OZ4,3,Q3624078
DRSJ0SOG,0,Q13226383
DRSJ0SOG,2,Q5
DRSJ0SOG,3,Q4164871
DRSJ0SOG,4,Q1002697
DRSJ0SOG,5,Q19828
DRSJ0SOG,6,Q5
E3ZK744Q,0,Q35456
E3ZK744Q,1,Q12140
E3ZK744Q,2,Q431289
E3ZK744Q,4,Q2695280
EV4VDUHG,0,Q5
EV4VDUHG,1,Q3327870
EV4VDUHG,2,Q3624078
F98SUVJH,0,Q12140
F98SUVJH,1,Q28885102
F98SUVJH,3,Q2695280
FNPV259X,0,Q110592268
FNPV259X,1,Q99281788
FNPV259X,2,Q3327870
FZUZ2BHF,0,Q476028
FZUZ2BHF,1,Q1549591
FZUZ2BHF,2,Q1154710
G04AXW0O,0,Q5
G04AXW0O,2,Q1093829
G04AXW0O,3,Q10864048
G04AXW0O,4,Q3624078
GY7KNULP,0,Q210167
GY7KNULP,1,Q7889
GY7KNULP,2,Q1751513
GY7KNULP,3,Q10929058
H585LGYZ,0,Q772547
H585LGYZ,3,Q3624078
HB00DX4L,0,Q5
HB00DX4L,1,Q476028
HBKGJQEY,1,Q4830453
HBKGJQEY,2,Q3624078
HH0BXLVB,0,Q5
HH0BXLVB,1,Q5
HH0BXLVB,2,Q3327870
HH0BXLVB,3,Q13442814
HJNS3AUZ,0,Q5
HJNS3AUZ,2,Q515
HJNS3AUZ,3,Q50337
HJNS3AUZ,4,Q3624078
HMZSW57P,0,Q3624078
HMZSW57P,1,Q34770
HMZSW57P,5,Q515
HMZSW57P,7,Q8142
HOJM593C,1,Q6881511
HOJM593C,3,Q601401
HQCEC5NO,0,Q5
HQCEC5NO,1,Q51929311
HRD10YKW,0,Q7275
HRD10YKW,1,Q515
HRD10YKW,2,Q515
HUGLYZFY,0,Q192611
I23ZH2WE,0,Q7278
I23ZH2WE,1,Q12909644
I23ZH2WE,2,Q79913
I23ZH2WE,3,Q12909644
ICXYO7RI,0,Q5
ICXYO7RI,1,Q188451
ICXYO7RI,2,Q7390
IYZ6SAED,0,Q58425000
IYZYF533,0,Q786820
IYZYF533,1,Q3624078
IYZYF533,2,Q216762
IYZYF533,3,Q515
IZF82AX9,0,Q35657
IZF82AX9,1,Q131681
JMNRCW4E,0,Q5
JMNRCW4E,1,Q1093829
JXI9WQZO,0,Q6256
JXI9WQZO,1,Q515
JXI9WQZO,2,Q515
K2VEUQT0,0,Q7278
K2VEUQT0,1,Q7257
KH4JCNS6,0,Q5
KH4JCNS6,1,Q17270000
KV8UKK3N,0,Q7278
KV8UKK3N,1,Q12909644
KV8UKK3N,2,Q79913
KV8UKK3N,3,Q12909644
KZXTJ8EN,0,Q5
KZXTJ8EN,1,Q3327870
KZXTJ8EN,2,Q3624078
L8FJRJSW,0,Q5
L8FJRJSW,2,Q515
L8FJRJSW,3,Q50337
L8FJRJSW,4,Q3624078
LV5N8XDB,0,Q5
LV5N8XDB,2,Q12973014
LW7J85CD,1,Q7889
LW7J85CD,2,Q1002697
LW7J85CD,3,Q10929058
LW7J85CD,4,Q112042224
M56G7E6D,0,Q12140
M56G7E6D,1,Q28885102
M56G7E6D,3,Q2695280
MKSFXA3G,0,Q271669
MKSFXA3G,1,Q1637706
N5155RN0,0,Q105543609
N5155RN0,1,Q4830453
N5155RN0,2,Q8187769
N5155RN0,3,Q1187811
N5155RN0,5,Q3624078
NDP7XA50,0,Q2983893
NDP7XA50,1,Q2264924
NF919Z8A,0,Q5
NF919Z8A,1,Q13393265
NF919Z8A,2,Q1093829
NYFX4M8T,0,Q3624078
NYFX4M8T,1,Q23691
NYFX4M8T,2,Q1128637
NYFX4M8T,4,Q5
NYFX4M8T,5,Q5
NZUOIPKW,1,Q6881511
NZUOIPKW,2,Q6256
NZUOIPKW,3,Q268592
O0BECB72,0,Q6256
O0BECB72,1,Q515
O0BECB72,2,Q515
O0BECB72,3,Q515
O37V1ZMI,0,Q5
O37V1ZMI,1,Q3957
OAVNVAD9,0,Q2431196
OAVNVAD9,1,Q208511
OSW6TAGK,0,Q23397
OSW6TAGK,2,Q47168
OSW6TAGK,3,Q35657
PB0J60N2,0,Q215380
PB0J60N2,2,Q18127
PB0J60N2,3,Q5
PB0J60N2,4,Q108346082
PEO0FW32,0,Q5
PEO0FW32,1,Q10497835
PEO0FW32,2,Q11924610
PG6F6K41,0,Q476028
PG6F6K41,1,Q5
PG6F6K41,2,Q5
PG6F6K41,3,Q4830453
PG6F6K41,4,Q6881511
PG6F6K41,5,Q43229
PMALEWSI,0,Q5
PMALEWSI,2,Q1093829
PMALEWSI,3,Q35657
PMALEWSI,4,Q5255892
PXGZZEC4,0,Q99281788
Q4TNTQ9P,0,Q5
Q4TNTQ9P,1,Q3624078
Q4TNTQ9P,4,Q188451
Q6ZQ3UJK,0,Q6256
Q6ZQ3UJK,1,Q515
Q6ZQ3UJK,2,Q515
Q6ZQ3UJK,3,Q515
QNP7O8L5,0,Q5
QNP7O8L5,1,Q188451
QNP7O8L5,2,Q7390
QNP7O8L5,3,Q215380
QOAVEFGY,1,Q6881511
QOAVEFGY,2,Q268592
QOAVEFGY,6,Q6256
R4CC666R,0,Q5
R4CC666R,1,Q188451
R4CC666R,2,Q7390
R98KCEZA,0,Q5
R98KCEZA,1,Q3624078
R98KCEZA,2,Q476028
R98KCEZA,3,Q483110
RRAHK99O,0,Q5
RRAHK99O,1,Q17270000
RYTFLT5K,0,Q35456
RYTFLT5K,1,Q12140
RYTFLT5K,2,Q28885102
RYTFLT5K,4,Q2695280
S8W74D9Y,0,Q7275
S8W74D9Y,1,Q515
S8W74D9Y,2,Q515
S8W74D9Y,3,Q515
SBVTSSQ1,0,Q1093829
SNA6UL6V,1,Q6881511
SNA6UL6V,2,Q3624078
SNUO09BH,0,Q3624078
SNUO09BH,1,Q5
SNUO09BH,4,Q5
SNUO09BH,5,Q54050
SNUO09BH,6,Q5
SUC30JQF,0,Q476028
SUC30JQF,1,Q747074
SUC30JQF,2,Q483110
T7RPWH6N,1,Q6881511
T7RPWH6N,2,Q601401
T7RPWH6N,6,Q6256
TD44J6JO,0,Q476028
TD44J6JO,1,Q5
TD44J6JO,2,Q5
TD44J6JO,3,Q4830453
TD44J6JO,4,Q6881511
TD44J6JO,5,Q43229
TNI3UKH2,0,Q13226383
TNI3UKH2,2,Q5
TNI3UKH2,3,Q4164871
TNI3UKH2,4,Q1002697
TNI3UKH2,5,Q19828
TNI3UKH2,6,Q5
TW1HGRFI,1,Q23397
TW1HGRFI,2,Q3624078
UMA1DNF6,0,Q5
UMA1DNF6,2,Q1093829
UMA1DNF6,3,Q10864048
UMA1DNF6,4,Q3624078
UZEVDASO,0,Q5
UZEVDASO,1,Q7278
UZEVDASO,2,Q6256
VGUZX5R3,0,Q3624078
VGUZX5R3,1,Q486972
VGUZX5R3,3,Q1549591
W3NV529C,1,Q5
WBAZ08NM,0,Q5
WBAZ08NM,2,Q12973014
WH6JINCM,0,Q2088357
WH6JINCM,1,Q13442814
WH6JINCM,4,Q188451
XBHX2VRT,0,Q35657
XHWUEGHV,0,Q5
XHWUEGHV,2,Q13393265
XHWUEGHV,3,Q1148974
Y025Z1LQ,0,Q5
Y025Z1LQ,1,Q3624078
Y025Z1LQ,4,Q188451
Y7BEKWUP,0,Q5
Y7BEKWUP,2,Q1093829
Y7BEKWUP,3,Q10864048
Y7BEKWUP,4,Q3624078
YFIE8L0S,0,Q47682
YFIE8L0S,1,Q1549591
YFIE8L0S,2,Q1637706
YHOAZ9XK,0,Q5
YHOAZ9XK,1,Q3624078
YHOAZ9XK,4,Q188451
Z4M8AT89,0,Q64034451
Z9PKXXNV,0,Q5
Z9PKXXNV,1,Q5
Z9PKXXNV,2,Q3327870
Z9PKXXNV,3,Q3624078
ZF6FF2MQ,0,Q271669
ZF6FF2MQ,1,Q2264924
ZGT3WUA7,0,Q3624078
ZGT3WUA7,1,Q34770
ZGT3WUA7,5,Q515
ZGT3WUA7,7,Q8142
ZR7WPNZQ,1,Q23397
ZR7WPNZQ,2,Q3624078
ZZNW93IV,0,Q641066
ZZNW93IV,1,Q3624078
ZZNW93IV,4,Q188451
