CTRL_DBP_BUS_automobile_manufacturer,0,http://dbpedia.org/ontology/Company
CTRL_DBP_BUS_automobile_manufacturer,1,http://dbpedia.org/ontology/Country
CTRL_DBP_BUS_automobile_manufacturer,2,http://dbpedia.org/ontology/Automobile
CTRL_DBP_BUS_automobile_manufacturer,3,http://dbpedia.org/ontology/PopulatedPlace
CTRL_DBP_BUS_automobile_manufacturer_NOISE2,0,http://dbpedia.org/ontology/Company
CTRL_DBP_BUS_automobile_manufacturer_NOISE2,1,http://dbpedia.org/ontology/Country
CTRL_DBP_BUS_automobile_manufacturer_NOISE2,2,http://dbpedia.org/ontology/Automobile
CTRL_DBP_BUS_automobile_manufacturer_NOISE2,3,http://dbpedia.org/ontology/PopulatedPlace
CTRL_DBP_BUS_european_company_high_revenues,0,http://dbpedia.org/ontology/Organisation
CTRL_DBP_BUS_european_company_high_revenues,1,http://dbpedia.org/ontology/Company
CTRL_DBP_BUS_european_company_high_revenues,2,http://dbpedia.org/ontology/Company
CTRL_DBP_BUS_european_company_high_revenues,3,http://dbpedia.org/ontology/Place
CTRL_DBP_BUS_european_company_high_revenues,5,http://dbpedia.org/ontology/Country
CTRL_DBP_BUS_european_company_high_revenues_NOISE2,0,http://dbpedia.org/ontology/Organisation
CTRL_DBP_BUS_european_company_high_revenues_NOISE2,1,http://dbpedia.org/ontology/Company
CTRL_DBP_BUS_european_company_high_revenues_NOISE2,2,http://dbpedia.org/ontology/Company
CTRL_DBP_BUS_european_company_high_revenues_NOISE2,3,http://dbpedia.org/ontology/Place
CTRL_DBP_BUS_european_company_high_revenues_NOISE2,5,http://dbpedia.org/ontology/Country
CTRL_DBP_BUS_videogame_publishers,0,http://dbpedia.org/ontology/Organisation
CTRL_DBP_BUS_videogame_publishers,1,http://dbpedia.org/ontology/VideoGame
CTRL_DBP_BUS_videogame_publishers,2,http://dbpedia.org/ontology/Genre
CTRL_DBP_BUS_videogame_publishers,3,http://dbpedia.org/ontology/VideoGame
CTRL_DBP_BUS_videogame_publishers_NOISE2,0,http://dbpedia.org/ontology/Organisation
CTRL_DBP_BUS_videogame_publishers_NOISE2,1,http://dbpedia.org/ontology/VideoGame
CTRL_DBP_BUS_videogame_publishers_NOISE2,2,http://dbpedia.org/ontology/Genre
CTRL_DBP_BUS_videogame_publishers_NOISE2,3,http://dbpedia.org/ontology/VideoGame
CTRL_DBP_GEO_european_countries_capital_populated_cities,0,http://dbpedia.org/ontology/PopulatedPlace
CTRL_DBP_GEO_european_countries_capital_populated_cities,1,http://dbpedia.org/ontology/Settlement
CTRL_DBP_GEO_european_countries_capital_populated_cities,2,http://dbpedia.org/ontology/Settlement
CTRL_DBP_GEO_european_countries_capital_populated_cities_NOISE2,0,http://dbpedia.org/ontology/PopulatedPlace
CTRL_DBP_GEO_european_countries_capital_populated_cities_NOISE2,1,http://dbpedia.org/ontology/Settlement
CTRL_DBP_GEO_european_countries_capital_populated_cities_NOISE2,2,http://dbpedia.org/ontology/Settlement
CTRL_DBP_GEO_protected_areas,0,http://dbpedia.org/ontology/Place
CTRL_DBP_GEO_protected_areas,3,http://dbpedia.org/ontology/Location
CTRL_DBP_GEO_protected_areas,4,http://dbpedia.org/ontology/PopulatedPlace
CTRL_DBP_GEO_protected_areas_NOISE2,0,http://dbpedia.org/ontology/Place
CTRL_DBP_GEO_protected_areas_NOISE2,3,http://dbpedia.org/ontology/Location
CTRL_DBP_GEO_protected_areas_NOISE2,4,http://dbpedia.org/ontology/PopulatedPlace
CTRL_DBP_GEO_us_lakes,0,http://dbpedia.org/ontology/Lake
CTRL_DBP_GEO_us_lakes,2,http://dbpedia.org/ontology/Settlement
CTRL_DBP_GEO_us_lakes,3,http://dbpedia.org/ontology/AdministrativeRegion
CTRL_DBP_GEO_us_lakes_NOISE2,0,http://dbpedia.org/ontology/Lake
CTRL_DBP_GEO_us_lakes_NOISE2,2,http://dbpedia.org/ontology/Settlement
CTRL_DBP_GEO_us_lakes_NOISE2,3,http://dbpedia.org/ontology/AdministrativeRegion
CTRL_DBP_MUS_german_musician,0,http://dbpedia.org/ontology/Person
CTRL_DBP_MUS_german_musician,1,http://dbpedia.org/ontology/Genre
CTRL_DBP_MUS_german_musician,2,http://dbpedia.org/ontology/Instrument
CTRL_DBP_MUS_german_musician,3,http://dbpedia.org/ontology/Group
CTRL_DBP_MUS_german_musician_NOISE2,0,http://dbpedia.org/ontology/Person
CTRL_DBP_MUS_german_musician_NOISE2,1,http://dbpedia.org/ontology/Genre
CTRL_DBP_MUS_german_musician_NOISE2,2,http://dbpedia.org/ontology/Instrument
CTRL_DBP_MUS_german_musician_NOISE2,3,http://dbpedia.org/ontology/Group
CTRL_DBP_MUS_rock_bands_labels,0,http://dbpedia.org/ontology/Organisation
CTRL_DBP_MUS_rock_bands_labels,2,http://dbpedia.org/ontology/Company
CTRL_DBP_MUS_rock_bands_labels,3,http://dbpedia.org/ontology/Person
CTRL_DBP_MUS_rock_bands_labels,4,http://dbpedia.org/ontology/Writer
CTRL_DBP_MUS_rock_bands_labels_NOISE2,0,http://dbpedia.org/ontology/Organisation
CTRL_DBP_MUS_rock_bands_labels_NOISE2,2,http://dbpedia.org/ontology/Company
CTRL_DBP_MUS_rock_bands_labels_NOISE2,3,http://dbpedia.org/ontology/Person
CTRL_DBP_MUS_rock_bands_labels_NOISE2,4,http://dbpedia.org/ontology/Writer
CTRL_DBP_MUS_us_musician_aliases,0,http://dbpedia.org/ontology/Person
CTRL_DBP_MUS_us_musician_aliases,1,http://dbpedia.org/ontology/Genre
CTRL_DBP_MUS_us_musician_aliases,2,http://dbpedia.org/ontology/Instrument
CTRL_DBP_MUS_us_musician_aliases_NOISE2,0,http://dbpedia.org/ontology/Person
CTRL_DBP_MUS_us_musician_aliases_NOISE2,1,http://dbpedia.org/ontology/Genre
CTRL_DBP_MUS_us_musician_aliases_NOISE2,2,http://dbpedia.org/ontology/Instrument
CTRL_DBP_POL_european_prime_ministers,0,http://dbpedia.org/ontology/Person
CTRL_DBP_POL_european_prime_ministers,1,http://dbpedia.org/ontology/Organisation
CTRL_DBP_POL_european_prime_ministers,2,http://dbpedia.org/ontology/PopulatedPlace
CTRL_DBP_POL_european_prime_ministers_NOISE2,0,http://dbpedia.org/ontology/Person
CTRL_DBP_POL_european_prime_ministers_NOISE2,1,http://dbpedia.org/ontology/Organisation
CTRL_DBP_POL_european_prime_ministers_NOISE2,2,http://dbpedia.org/ontology/PopulatedPlace
CTRL_DBP_POL_italian_merged_parties,0,http://dbpedia.org/ontology/Organisation
CTRL_DBP_POL_italian_merged_parties,1,http://dbpedia.org/ontology/Ideology
CTRL_DBP_POL_italian_merged_parties,2,http://dbpedia.org/ontology/PoliticalParty
CTRL_DBP_POL_italian_merged_parties,3,http://dbpedia.org/ontology/Ideology
CTRL_DBP_POL_italian_merged_parties_NOISE2,0,http://dbpedia.org/ontology/Organisation
CTRL_DBP_POL_italian_merged_parties_NOISE2,1,http://dbpedia.org/ontology/Ideology
CTRL_DBP_POL_italian_merged_parties_NOISE2,2,http://dbpedia.org/ontology/PoliticalParty
CTRL_DBP_POL_italian_merged_parties_NOISE2,3,http://dbpedia.org/ontology/Ideology
CTRL_DBP_POL_roman_emperors,0,http://dbpedia.org/ontology/Person
CTRL_DBP_POL_roman_emperors,2,http://dbpedia.org/ontology/Person
CTRL_DBP_POL_roman_emperors,3,http://dbpedia.org/ontology/Person
CTRL_DBP_POL_roman_emperors_NOISE2,0,http://dbpedia.org/ontology/Person
CTRL_DBP_POL_roman_emperors_NOISE2,2,http://dbpedia.org/ontology/Person
CTRL_DBP_POL_roman_emperors_NOISE2,3,http://dbpedia.org/ontology/Person
CTRL_DBP_SPO_F1_drivers,0,http://dbpedia.org/ontology/Person
CTRL_DBP_SPO_F1_drivers,1,http://dbpedia.org/ontology/FormulaOneTeam
CTRL_DBP_SPO_F1_drivers,2,http://dbpedia.org/ontology/Event
CTRL_DBP_SPO_F1_drivers_NOISE2,0,http://dbpedia.org/ontology/Person
CTRL_DBP_SPO_F1_drivers_NOISE2,1,http://dbpedia.org/ontology/FormulaOneTeam
CTRL_DBP_SPO_F1_drivers_NOISE2,2,http://dbpedia.org/ontology/Event
CTRL_DBP_SPO_NBA_players,0,http://dbpedia.org/ontology/Athlete
CTRL_DBP_SPO_NBA_players,2,http://dbpedia.org/ontology/SportsTeam
CTRL_DBP_SPO_NBA_players,3,http://dbpedia.org/ontology/Company
CTRL_DBP_SPO_NBA_players_NOISE2,0,http://dbpedia.org/ontology/Athlete
CTRL_DBP_SPO_NBA_players_NOISE2,2,http://dbpedia.org/ontology/SportsTeam
CTRL_DBP_SPO_NBA_players_NOISE2,3,http://dbpedia.org/ontology/Company
CTRL_DBP_SPO_goalkeepers,0,http://dbpedia.org/ontology/Person
CTRL_DBP_SPO_goalkeepers,1,http://dbpedia.org/ontology/Location
CTRL_DBP_SPO_goalkeepers,2,http://dbpedia.org/ontology/Organisation
CTRL_DBP_SPO_goalkeepers,3,http://dbpedia.org/ontology/Location
CTRL_DBP_SPO_goalkeepers_NOISE2,0,http://dbpedia.org/ontology/Person
CTRL_DBP_SPO_goalkeepers_NOISE2,1,http://dbpedia.org/ontology/Location
CTRL_DBP_SPO_goalkeepers_NOISE2,2,http://dbpedia.org/ontology/Organisation
CTRL_DBP_SPO_goalkeepers_NOISE2,3,http://dbpedia.org/ontology/Location
CTRL_WIKI_BUS_largest_companies_by_revenue,1,http://dbpedia.org/ontology/Company
CTRL_WIKI_BUS_largest_companies_by_revenue,2,http://dbpedia.org/ontology/Election
CTRL_WIKI_BUS_largest_companies_by_revenue,6,http://dbpedia.org/ontology/Country
CTRL_WIKI_BUS_largest_companies_by_revenue_NOISE2,1,http://dbpedia.org/ontology/Company
CTRL_WIKI_BUS_largest_companies_by_revenue_NOISE2,2,http://dbpedia.org/ontology/Election
CTRL_WIKI_BUS_largest_companies_by_revenue_NOISE2,6,http://dbpedia.org/ontology/Country
CTRL_WIKI_BUS_largest_employers,0,http://dbpedia.org/ontology/Organisation
CTRL_WIKI_BUS_largest_employers,3,http://dbpedia.org/ontology/PopulatedPlace
CTRL_WIKI_BUS_largest_employers_NOISE2,0,http://dbpedia.org/ontology/Organisation
CTRL_WIKI_BUS_largest_employers_NOISE2,3,http://dbpedia.org/ontology/PopulatedPlace
CTRL_WIKI_BUS_largest_private_and_semiprivate_employers,1,http://dbpedia.org/ontology/Company
CTRL_WIKI_BUS_largest_private_and_semiprivate_employers,2,http://dbpedia.org/ontology/Country
CTRL_WIKI_BUS_largest_private_and_semiprivate_employers_NOISE2,1,http://dbpedia.org/ontology/Company
CTRL_WIKI_BUS_largest_private_and_semiprivate_employers_NOISE2,2,http://dbpedia.org/ontology/Country
CTRL_WIKI_GEO_countries_capital_largest_cities_NOISE2,0,http://dbpedia.org/ontology/PopulatedPlace
CTRL_WIKI_GEO_countries_capital_largest_cities_NOISE2,1,http://dbpedia.org/ontology/Location
CTRL_WIKI_GEO_countries_capital_largest_cities_NOISE2,2,http://dbpedia.org/ontology/Location
CTRL_WIKI_GEO_countries_capital_largest_cities_NOISE2,3,http://dbpedia.org/ontology/Place
CTRL_WIKI_GEO_list_of_lakes_by_area,1,http://dbpedia.org/ontology/Location
CTRL_WIKI_GEO_list_of_lakes_by_area,2,http://dbpedia.org/ontology/PopulatedPlace
CTRL_WIKI_GEO_list_of_lakes_by_area_NOISE2,1,http://dbpedia.org/ontology/Location
CTRL_WIKI_GEO_list_of_lakes_by_area_NOISE2,2,http://dbpedia.org/ontology/PopulatedPlace
CTRL_WIKI_GEO_member_states_united_nations,0,http://dbpedia.org/ontology/PopulatedPlace
CTRL_WIKI_GEO_member_states_united_nations,1,http://dbpedia.org/ontology/PopulatedPlace
CTRL_WIKI_GEO_member_states_united_nations,3,http://dbpedia.org/ontology/Settlement
CTRL_WIKI_GEO_member_states_united_nations_NOISE2,0,http://dbpedia.org/ontology/PopulatedPlace
CTRL_WIKI_GEO_member_states_united_nations_NOISE2,1,http://dbpedia.org/ontology/PopulatedPlace
CTRL_WIKI_GEO_member_states_united_nations_NOISE2,3,http://dbpedia.org/ontology/Settlement
CTRL_WIKI_MUS_List_of_national_anthems,0,http://dbpedia.org/ontology/PopulatedPlace
CTRL_WIKI_MUS_List_of_national_anthems,1,http://dbpedia.org/ontology/MusicalWork
CTRL_WIKI_MUS_List_of_national_anthems,2,http://dbpedia.org/ontology/MusicalWork
CTRL_WIKI_MUS_List_of_national_anthems,4,http://dbpedia.org/ontology/Person
CTRL_WIKI_MUS_List_of_national_anthems,5,http://dbpedia.org/ontology/Person
CTRL_WIKI_MUS_best_selling_girl_groups_worldwide,0,http://dbpedia.org/ontology/Group
CTRL_WIKI_MUS_best_selling_girl_groups_worldwide,1,http://dbpedia.org/ontology/PopulatedPlace
CTRL_WIKI_MUS_best_selling_girl_groups_worldwide,4,http://dbpedia.org/ontology/Genre
CTRL_WIKI_MUS_best_selling_girl_groups_worldwide_NOISE2,0,http://dbpedia.org/ontology/Group
CTRL_WIKI_MUS_best_selling_girl_groups_worldwide_NOISE2,1,http://dbpedia.org/ontology/PopulatedPlace
CTRL_WIKI_MUS_best_selling_girl_groups_worldwide_NOISE2,4,http://dbpedia.org/ontology/Genre
CTRL_WIKI_MUS_best_selling_music_artists_250_million_or_more_records,0,http://dbpedia.org/ontology/Artist
CTRL_WIKI_MUS_best_selling_music_artists_250_million_or_more_records,1,http://dbpedia.org/ontology/Country
CTRL_WIKI_MUS_best_selling_music_artists_250_million_or_more_records,4,http://dbpedia.org/ontology/Genre
CTRL_WIKI_MUS_best_selling_music_artists_250_million_or_more_records_NOISE2,0,http://dbpedia.org/ontology/Artist
CTRL_WIKI_MUS_best_selling_music_artists_250_million_or_more_records_NOISE2,1,http://dbpedia.org/ontology/Country
CTRL_WIKI_MUS_best_selling_music_artists_250_million_or_more_records_NOISE2,4,http://dbpedia.org/ontology/Genre
CTRL_WIKI_POL_List_of_current_monarchs_of_sovereign_states,0,http://dbpedia.org/ontology/Country
CTRL_WIKI_POL_List_of_current_monarchs_of_sovereign_states,1,http://dbpedia.org/ontology/Person
CTRL_WIKI_POL_List_of_current_monarchs_of_sovereign_states,4,http://dbpedia.org/ontology/PopulatedPlace
CTRL_WIKI_POL_List_of_current_monarchs_of_sovereign_states,5,http://dbpedia.org/ontology/Document
CTRL_WIKI_POL_List_of_current_monarchs_of_sovereign_states,6,http://dbpedia.org/ontology/Person
CTRL_WIKI_POL_List_of_current_monarchs_of_sovereign_states_NOISE2,0,http://dbpedia.org/ontology/Country
CTRL_WIKI_POL_List_of_current_monarchs_of_sovereign_states_NOISE2,1,http://dbpedia.org/ontology/Person
CTRL_WIKI_POL_List_of_current_monarchs_of_sovereign_states_NOISE2,4,http://dbpedia.org/ontology/PopulatedPlace
CTRL_WIKI_POL_List_of_current_monarchs_of_sovereign_states_NOISE2,5,http://dbpedia.org/ontology/Document
CTRL_WIKI_POL_List_of_current_monarchs_of_sovereign_states_NOISE2,6,http://dbpedia.org/ontology/Person
CTRL_WIKI_POL_List_of_political_parties_in_the_United_States_Third_Parties,0,http://dbpedia.org/ontology/PoliticalParty
CTRL_WIKI_POL_List_of_political_parties_in_the_United_States_Third_Parties,1,http://dbpedia.org/ontology/Ideology
CTRL_WIKI_POL_List_of_political_parties_in_the_United_States_Third_Parties_NOISE2,0,http://dbpedia.org/ontology/PoliticalParty
CTRL_WIKI_POL_List_of_political_parties_in_the_United_States_Third_Parties_NOISE2,1,http://dbpedia.org/ontology/Ideology
CTRL_WIKI_POL_presidents_of_the_us,0,http://dbpedia.org/ontology/Year
CTRL_WIKI_POL_presidents_of_the_us,2,http://dbpedia.org/ontology/Politician
CTRL_WIKI_POL_presidents_of_the_us,3,http://dbpedia.org/ontology/Person
CTRL_WIKI_POL_presidents_of_the_us,4,http://dbpedia.org/ontology/Organisation
CTRL_WIKI_POL_presidents_of_the_us,5,http://dbpedia.org/ontology/Year
CTRL_WIKI_POL_presidents_of_the_us,6,http://dbpedia.org/ontology/Person
CTRL_WIKI_POL_presidents_of_the_us_NOISE2,0,http://dbpedia.org/ontology/Year
CTRL_WIKI_POL_presidents_of_the_us_NOISE2,2,http://dbpedia.org/ontology/Politician
CTRL_WIKI_POL_presidents_of_the_us_NOISE2,3,http://dbpedia.org/ontology/Person
CTRL_WIKI_POL_presidents_of_the_us_NOISE2,4,http://dbpedia.org/ontology/Organisation
CTRL_WIKI_POL_presidents_of_the_us_NOISE2,5,http://dbpedia.org/ontology/Year
CTRL_WIKI_POL_presidents_of_the_us_NOISE2,6,http://dbpedia.org/ontology/Person
CTRL_WIKI_SPO_2019_20_premier_league_personnel_and_kits,0,http://dbpedia.org/ontology/SoccerClub
CTRL_WIKI_SPO_2019_20_premier_league_personnel_and_kits,1,http://dbpedia.org/ontology/Person
CTRL_WIKI_SPO_2019_20_premier_league_personnel_and_kits,2,http://dbpedia.org/ontology/Person
CTRL_WIKI_SPO_2019_20_premier_league_personnel_and_kits,3,http://dbpedia.org/ontology/Company
CTRL_WIKI_SPO_2019_20_premier_league_personnel_and_kits,4,http://dbpedia.org/ontology/Company
CTRL_WIKI_SPO_2019_20_premier_league_personnel_and_kits,5,http://dbpedia.org/ontology/Organisation
CTRL_WIKI_SPO_2019_20_premier_league_personnel_and_kits_NOISE2,0,http://dbpedia.org/ontology/SoccerClub
CTRL_WIKI_SPO_2019_20_premier_league_personnel_and_kits_NOISE2,1,http://dbpedia.org/ontology/Person
CTRL_WIKI_SPO_2019_20_premier_league_personnel_and_kits_NOISE2,2,http://dbpedia.org/ontology/Person
CTRL_WIKI_SPO_2019_20_premier_league_personnel_and_kits_NOISE2,3,http://dbpedia.org/ontology/Company
CTRL_WIKI_SPO_2019_20_premier_league_personnel_and_kits_NOISE2,4,http://dbpedia.org/ontology/Company
CTRL_WIKI_SPO_2019_20_premier_league_personnel_and_kits_NOISE2,5,http://dbpedia.org/ontology/Organisation
CTRL_WIKI_SPO_2019_20_premier_league_stadiums_and_locations,0,http://dbpedia.org/ontology/SoccerClub
CTRL_WIKI_SPO_2019_20_premier_league_stadiums_and_locations,1,http://dbpedia.org/ontology/Settlement
CTRL_WIKI_SPO_2019_20_premier_league_stadiums_and_locations,2,http://dbpedia.org/ontology/Stadium
CTRL_WIKI_SPO_2019_20_premier_league_stadiums_and_locations_NOISE2,0,http://dbpedia.org/ontology/SoccerClub
CTRL_WIKI_SPO_2019_20_premier_league_stadiums_and_locations_NOISE2,1,http://dbpedia.org/ontology/Settlement
CTRL_WIKI_SPO_2019_20_premier_league_stadiums_and_locations_NOISE2,2,http://dbpedia.org/ontology/Stadium
CTRL_WIKI_SPO_serie_a_2019_20_members,0,http://dbpedia.org/ontology/Settlement
CTRL_WIKI_SPO_serie_a_2019_20_members,1,http://dbpedia.org/ontology/Settlement
CTRL_WIKI_SPO_serie_a_2019_20_members,2,http://dbpedia.org/ontology/Location
CTRL_WIKI_SPO_serie_a_2019_20_members_NOISE2,0,http://dbpedia.org/ontology/Settlement
CTRL_WIKI_SPO_serie_a_2019_20_members_NOISE2,1,http://dbpedia.org/ontology/Settlement
CTRL_WIKI_SPO_serie_a_2019_20_members_NOISE2,2,http://dbpedia.org/ontology/Location
TOUGH_DBP_HOMO_SORTED_athletes_in_clubs,0,http://dbpedia.org/ontology/Person
TOUGH_DBP_HOMO_SORTED_athletes_in_clubs,1,http://dbpedia.org/ontology/SportsTeam
TOUGH_DBP_HOMO_SORTED_athletes_in_clubs_NOISE2,0,http://dbpedia.org/ontology/Person
TOUGH_DBP_HOMO_SORTED_athletes_in_clubs_NOISE2,1,http://dbpedia.org/ontology/SportsTeam
TOUGH_DBP_HOMO_SORTED_people_in_places,0,http://dbpedia.org/ontology/Person
TOUGH_DBP_HOMO_SORTED_people_in_places,2,http://dbpedia.org/ontology/Place
TOUGH_DBP_HOMO_SORTED_people_in_places,3,http://dbpedia.org/ontology/PopulatedPlace
TOUGH_DBP_HOMO_SORTED_people_in_places,4,http://dbpedia.org/ontology/Country
TOUGH_DBP_HOMO_SORTED_people_in_places_NOISE2,0,http://dbpedia.org/ontology/Person
TOUGH_DBP_HOMO_SORTED_people_in_places_NOISE2,2,http://dbpedia.org/ontology/Place
TOUGH_DBP_HOMO_SORTED_people_in_places_NOISE2,3,http://dbpedia.org/ontology/PopulatedPlace
TOUGH_DBP_HOMO_SORTED_people_in_places_NOISE2,4,http://dbpedia.org/ontology/Country
TOUGH_DBP_HOMO_athletes_in_clubs,0,http://dbpedia.org/ontology/Person
TOUGH_DBP_HOMO_athletes_in_clubs,1,http://dbpedia.org/ontology/SportsTeam
TOUGH_DBP_HOMO_athletes_in_clubs_NOISE2,0,http://dbpedia.org/ontology/Person
TOUGH_DBP_HOMO_athletes_in_clubs_NOISE2,1,http://dbpedia.org/ontology/SportsTeam
TOUGH_DBP_HOMO_people_in_places_NOISE2,0,http://dbpedia.org/ontology/Person
TOUGH_DBP_HOMO_people_in_places_NOISE2,2,http://dbpedia.org/ontology/Place
TOUGH_DBP_HOMO_people_in_places_NOISE2,3,http://dbpedia.org/ontology/Place
TOUGH_DBP_HOMO_people_in_places_NOISE2,4,http://dbpedia.org/ontology/Country
TOUGH_DBP_HOMO_people_in_places_us,0,http://dbpedia.org/ontology/Person
TOUGH_DBP_HOMO_people_in_places_us,2,http://dbpedia.org/ontology/Place
TOUGH_DBP_HOMO_people_in_places_us,3,http://dbpedia.org/ontology/PopulatedPlace
TOUGH_DBP_HOMO_people_in_places_us,4,http://dbpedia.org/ontology/Country
TOUGH_DBP_HOMO_people_in_places_us_NOISE2,0,http://dbpedia.org/ontology/Person
TOUGH_DBP_HOMO_people_in_places_us_NOISE2,2,http://dbpedia.org/ontology/Place
TOUGH_DBP_HOMO_people_in_places_us_NOISE2,3,http://dbpedia.org/ontology/PopulatedPlace
TOUGH_DBP_HOMO_people_in_places_us_NOISE2,4,http://dbpedia.org/ontology/Country
TOUGH_DBP_HOMO_people_in_places_world,0,http://dbpedia.org/ontology/Person
TOUGH_DBP_HOMO_people_in_places_world,2,http://dbpedia.org/ontology/Location
TOUGH_DBP_HOMO_people_in_places_world,3,http://dbpedia.org/ontology/PopulatedPlace
TOUGH_DBP_HOMO_people_in_places_world,4,http://dbpedia.org/ontology/Country
TOUGH_DBP_HOMO_people_in_places_world_NOISE2,0,http://dbpedia.org/ontology/Person
TOUGH_DBP_HOMO_people_in_places_world_NOISE2,2,http://dbpedia.org/ontology/Location
TOUGH_DBP_HOMO_people_in_places_world_NOISE2,3,http://dbpedia.org/ontology/PopulatedPlace
TOUGH_DBP_HOMO_people_in_places_world_NOISE2,4,http://dbpedia.org/ontology/Country
TOUGH_DBP_HOMO_players_in_clubs,0,http://dbpedia.org/ontology/Person
TOUGH_DBP_HOMO_players_in_clubs,1,http://dbpedia.org/ontology/SportsTeam
TOUGH_DBP_HOMO_players_in_clubs_NOISE2,0,http://dbpedia.org/ontology/Person
TOUGH_DBP_HOMO_players_in_clubs_NOISE2,1,http://dbpedia.org/ontology/SportsTeam
TOUGH_T2D_BUS_14380604_4_3329235705746762392___company_revenue,1,http://dbpedia.org/ontology/Company
TOUGH_T2D_BUS_14380604_4_3329235705746762392___company_revenue,2,http://dbpedia.org/ontology/PopulatedPlace
TOUGH_T2D_BUS_14380604_4_3329235705746762392___company_revenue,3,http://dbpedia.org/ontology/Company
TOUGH_T2D_BUS_14380604_4_3329235705746762392___company_revenue_NOISE2,1,http://dbpedia.org/ontology/Company
TOUGH_T2D_BUS_14380604_4_3329235705746762392___company_revenue_NOISE2,2,http://dbpedia.org/ontology/PopulatedPlace
TOUGH_T2D_BUS_14380604_4_3329235705746762392___company_revenue_NOISE2,3,http://dbpedia.org/ontology/Company
TOUGH_T2D_BUS_29414811_2_4773219892816395776___videogames_developers,1,http://dbpedia.org/ontology/VideoGame
TOUGH_T2D_BUS_29414811_2_4773219892816395776___videogames_developers,2,http://dbpedia.org/ontology/Genre
TOUGH_T2D_BUS_29414811_2_4773219892816395776___videogames_developers,3,http://dbpedia.org/ontology/Device
TOUGH_T2D_BUS_29414811_2_4773219892816395776___videogames_developers,4,http://dbpedia.org/ontology/Company
TOUGH_T2D_BUS_29414811_2_4773219892816395776___videogames_developers_NOISE2,1,http://dbpedia.org/ontology/VideoGame
TOUGH_T2D_BUS_29414811_2_4773219892816395776___videogames_developers_NOISE2,2,http://dbpedia.org/ontology/Genre
TOUGH_T2D_BUS_29414811_2_4773219892816395776___videogames_developers_NOISE2,3,http://dbpedia.org/ontology/Device
TOUGH_T2D_BUS_29414811_2_4773219892816395776___videogames_developers_NOISE2,4,http://dbpedia.org/ontology/Company
TOUGH_T2D_BUS_39650055_5_7135804139753401681___brands,1,http://dbpedia.org/ontology/Company
TOUGH_T2D_BUS_39650055_5_7135804139753401681___brands,3,http://dbpedia.org/ontology/Company
TOUGH_T2D_BUS_39650055_5_7135804139753401681___brands_NOISE2,1,http://dbpedia.org/ontology/Company
TOUGH_T2D_BUS_39650055_5_7135804139753401681___brands_NOISE2,3,http://dbpedia.org/ontology/Company
TOUGH_T2D_GEO_14067031_0_559833072073397908___african_state_capital_currency,0,http://dbpedia.org/ontology/PopulatedPlace
TOUGH_T2D_GEO_14067031_0_559833072073397908___african_state_capital_currency,1,http://dbpedia.org/ontology/Language
TOUGH_T2D_GEO_14067031_0_559833072073397908___african_state_capital_currency,5,http://dbpedia.org/ontology/PopulatedPlace
TOUGH_T2D_GEO_14067031_0_559833072073397908___african_state_capital_currency,7,http://dbpedia.org/ontology/Currency
TOUGH_T2D_GEO_14067031_0_559833072073397908___african_state_capital_currency_NOISE2,0,http://dbpedia.org/ontology/PopulatedPlace
TOUGH_T2D_GEO_14067031_0_559833072073397908___african_state_capital_currency_NOISE2,1,http://dbpedia.org/ontology/Language
TOUGH_T2D_GEO_14067031_0_559833072073397908___african_state_capital_currency_NOISE2,5,http://dbpedia.org/ontology/PopulatedPlace
TOUGH_T2D_GEO_14067031_0_559833072073397908___african_state_capital_currency_NOISE2,7,http://dbpedia.org/ontology/Currency
TOUGH_T2D_GEO_21245481_0_8730460088443117515___lakes,0,http://dbpedia.org/ontology/PopulatedPlace
TOUGH_T2D_GEO_21245481_0_8730460088443117515___lakes,1,http://dbpedia.org/ontology/Place
TOUGH_T2D_GEO_21245481_0_8730460088443117515___lakes_NOISE2,0,http://dbpedia.org/ontology/PopulatedPlace
TOUGH_T2D_GEO_21245481_0_8730460088443117515___lakes_NOISE2,1,http://dbpedia.org/ontology/Place
TOUGH_T2D_GEO_39107734_2_2329160387535788734___airports,1,http://dbpedia.org/ontology/Airport
TOUGH_T2D_GEO_39107734_2_2329160387535788734___airports,2,http://dbpedia.org/ontology/Place
TOUGH_T2D_GEO_39107734_2_2329160387535788734___airports_NOISE2,1,http://dbpedia.org/ontology/Airport
TOUGH_T2D_GEO_39107734_2_2329160387535788734___airports_NOISE2,2,http://dbpedia.org/ontology/Place
TOUGH_T2D_POL_1438042986423_95_20150728002306-00125-ip-10-236-191-2_88435628_5___parties,0,http://dbpedia.org/ontology/Organisation
TOUGH_T2D_POL_1438042986423_95_20150728002306-00125-ip-10-236-191-2_88435628_5___parties_NOISE2,0,http://dbpedia.org/ontology/Organisation
TOUGH_T2D_POL_24036779_0_5608105867560183058___country_governments,0,http://dbpedia.org/ontology/PopulatedPlace
TOUGH_T2D_POL_24036779_0_5608105867560183058___country_governments,5,http://dbpedia.org/ontology/Ideology
TOUGH_T2D_POL_24036779_0_5608105867560183058___country_governments_NOISE2,0,http://dbpedia.org/ontology/PopulatedPlace
TOUGH_T2D_POL_24036779_0_5608105867560183058___country_governments_NOISE2,5,http://dbpedia.org/ontology/Ideology
TOUGH_T2D_SPO_1438042989018_40_20150728002309-00067-ip-10-236-191-2_57714692_2___bowling,0,http://dbpedia.org/ontology/PopulatedPlace
TOUGH_T2D_SPO_1438042989018_40_20150728002309-00067-ip-10-236-191-2_57714692_2___bowling_NOISE2,0,http://dbpedia.org/ontology/PopulatedPlace
TOUGH_T2D_SPO_45073662_0_3179937335063201739___baseball_players,1,http://dbpedia.org/ontology/Person
TOUGH_T2D_SPO_45073662_0_3179937335063201739___baseball_players_NOISE2,1,http://dbpedia.org/ontology/Person
TOUGH_T2D_SPO_66009064_0_9148652238372261251___baseball_players_and_teams,0,http://dbpedia.org/ontology/Person
TOUGH_T2D_SPO_66009064_0_9148652238372261251___baseball_players_and_teams,2,http://dbpedia.org/ontology/Organisation
TOUGH_T2D_SPO_66009064_0_9148652238372261251___baseball_players_and_teams_NOISE2,0,http://dbpedia.org/ontology/Person
TOUGH_T2D_SPO_66009064_0_9148652238372261251___baseball_players_and_teams_NOISE2,2,http://dbpedia.org/ontology/Organisation
TOUGH_WEB_HOMO_basketball_players,0,http://dbpedia.org/ontology/Person
TOUGH_WEB_HOMO_basketball_players,1,http://dbpedia.org/ontology/Organisation
TOUGH_WEB_HOMO_basketball_players,2,http://dbpedia.org/ontology/Location
TOUGH_WEB_HOMO_basketball_players_NOISE2,0,http://dbpedia.org/ontology/Person
TOUGH_WEB_HOMO_basketball_players_NOISE2,1,http://dbpedia.org/ontology/Organisation
TOUGH_WEB_HOMO_basketball_players_NOISE2,2,http://dbpedia.org/ontology/Location
TOUGH_WEB_HOMO_cities,0,http://dbpedia.org/ontology/PopulatedPlace
TOUGH_WEB_HOMO_cities,1,http://dbpedia.org/ontology/Location
TOUGH_WEB_HOMO_cities,2,http://dbpedia.org/ontology/Location
TOUGH_WEB_HOMO_cities_NOISE2,0,http://dbpedia.org/ontology/PopulatedPlace
TOUGH_WEB_HOMO_cities_NOISE2,1,http://dbpedia.org/ontology/Location
TOUGH_WEB_HOMO_cities_NOISE2,2,http://dbpedia.org/ontology/Location
TOUGH_WEB_HOMO_cities_us,0,http://dbpedia.org/ontology/Country
TOUGH_WEB_HOMO_cities_us,1,http://dbpedia.org/ontology/PopulatedPlace
TOUGH_WEB_HOMO_cities_us,2,http://dbpedia.org/ontology/Location
TOUGH_WEB_HOMO_cities_us_NOISE2,0,http://dbpedia.org/ontology/Country
TOUGH_WEB_HOMO_cities_us_NOISE2,1,http://dbpedia.org/ontology/PopulatedPlace
TOUGH_WEB_HOMO_cities_us_NOISE2,2,http://dbpedia.org/ontology/Location
TOUGH_WEB_HOMO_cities_world,0,http://dbpedia.org/ontology/PopulatedPlace
TOUGH_WEB_HOMO_cities_world,1,http://dbpedia.org/ontology/Location
TOUGH_WEB_HOMO_cities_world,2,http://dbpedia.org/ontology/Location
TOUGH_WEB_HOMO_cities_world_NOISE2,0,http://dbpedia.org/ontology/PopulatedPlace
TOUGH_WEB_HOMO_cities_world_NOISE2,1,http://dbpedia.org/ontology/Location
TOUGH_WEB_HOMO_cities_world_NOISE2,2,http://dbpedia.org/ontology/Location
TOUGH_WEB_HOMO_music_artists,0,http://dbpedia.org/ontology/MusicalWork
TOUGH_WEB_HOMO_music_artists,1,http://dbpedia.org/ontology/Settlement
TOUGH_WEB_HOMO_music_artists_NOISE2,0,http://dbpedia.org/ontology/MusicalWork
TOUGH_WEB_HOMO_music_artists_NOISE2,1,http://dbpedia.org/ontology/Settlement
TOUGH_WEB_HOMO_soccer_players,0,http://dbpedia.org/ontology/Person
TOUGH_WEB_HOMO_soccer_players,1,http://dbpedia.org/ontology/SportsTeam
TOUGH_WEB_HOMO_soccer_players,2,http://dbpedia.org/ontology/PopulatedPlace
TOUGH_WEB_HOMO_soccer_players_NOISE2,0,http://dbpedia.org/ontology/Person
TOUGH_WEB_HOMO_soccer_players_NOISE2,1,http://dbpedia.org/ontology/SportsTeam
TOUGH_WEB_HOMO_soccer_players_NOISE2,2,http://dbpedia.org/ontology/PopulatedPlace
TOUGH_WEB_MISC_banklist_NOISE2,0,http://dbpedia.org/ontology/Organisation
TOUGH_WEB_MISC_banklist_NOISE2,1,http://dbpedia.org/ontology/Place
TOUGH_WEB_MISC_banklist_NOISE2,2,http://dbpedia.org/ontology/Organisation
TOUGH_WEB_MISC_banklist_NOISE2,4,http://dbpedia.org/ontology/Organisation
TOUGH_WEB_MISC_wiki_2019_20_premier_league_personnel_and_kits,0,http://dbpedia.org/ontology/SoccerClub
TOUGH_WEB_MISC_wiki_2019_20_premier_league_personnel_and_kits,1,http://dbpedia.org/ontology/Person
TOUGH_WEB_MISC_wiki_2019_20_premier_league_personnel_and_kits,2,http://dbpedia.org/ontology/Person
TOUGH_WEB_MISC_wiki_2019_20_premier_league_personnel_and_kits,3,http://dbpedia.org/ontology/Company
TOUGH_WEB_MISC_wiki_2019_20_premier_league_personnel_and_kits,4,http://dbpedia.org/ontology/Organisation
TOUGH_WEB_MISC_wiki_2019_20_premier_league_personnel_and_kits,5,http://dbpedia.org/ontology/Organisation
TOUGH_WEB_MISC_wiki_2019_20_premier_league_personnel_and_kits_NOISE2,0,http://dbpedia.org/ontology/SoccerClub
TOUGH_WEB_MISC_wiki_2019_20_premier_league_personnel_and_kits_NOISE2,1,http://dbpedia.org/ontology/Person
TOUGH_WEB_MISC_wiki_2019_20_premier_league_personnel_and_kits_NOISE2,2,http://dbpedia.org/ontology/Person
TOUGH_WEB_MISC_wiki_2019_20_premier_league_personnel_and_kits_NOISE2,3,http://dbpedia.org/ontology/Company
TOUGH_WEB_MISC_wiki_2019_20_premier_league_personnel_and_kits_NOISE2,4,http://dbpedia.org/ontology/Organisation
TOUGH_WEB_MISC_wiki_2019_20_premier_league_personnel_and_kits_NOISE2,5,http://dbpedia.org/ontology/Organisation
TOUGH_WEB_MISC_wiki_best_selling_girl_groups_worldwide,0,http://dbpedia.org/ontology/Group
TOUGH_WEB_MISC_wiki_best_selling_girl_groups_worldwide,1,http://dbpedia.org/ontology/PopulatedPlace
TOUGH_WEB_MISC_wiki_best_selling_girl_groups_worldwide,4,http://dbpedia.org/ontology/Genre
TOUGH_WEB_MISC_wiki_best_selling_girl_groups_worldwide_NOISE2,0,http://dbpedia.org/ontology/Group
TOUGH_WEB_MISC_wiki_best_selling_girl_groups_worldwide_NOISE2,1,http://dbpedia.org/ontology/PopulatedPlace
TOUGH_WEB_MISC_wiki_best_selling_girl_groups_worldwide_NOISE2,4,http://dbpedia.org/ontology/Genre
TOUGH_WEB_MISC_wiki_best_selling_music_artists_250_million_or_more_records,0,http://dbpedia.org/ontology/Artist
TOUGH_WEB_MISC_wiki_best_selling_music_artists_250_million_or_more_records,1,http://dbpedia.org/ontology/Country
TOUGH_WEB_MISC_wiki_best_selling_music_artists_250_million_or_more_records,4,http://dbpedia.org/ontology/Genre
TOUGH_WEB_MISC_wiki_best_selling_music_artists_250_million_or_more_records_NOISE2,0,http://dbpedia.org/ontology/Artist
TOUGH_WEB_MISC_wiki_best_selling_music_artists_250_million_or_more_records_NOISE2,1,http://dbpedia.org/ontology/Country
TOUGH_WEB_MISC_wiki_best_selling_music_artists_250_million_or_more_records_NOISE2,4,http://dbpedia.org/ontology/Genre
TOUGH_WEB_MISC_wiki_countries_capital_largest_cities_NOISE2,0,http://dbpedia.org/ontology/PopulatedPlace
TOUGH_WEB_MISC_wiki_countries_capital_largest_cities_NOISE2,1,http://dbpedia.org/ontology/Place
TOUGH_WEB_MISC_wiki_countries_capital_largest_cities_NOISE2,2,http://dbpedia.org/ontology/Place
TOUGH_WEB_MISC_wiki_countries_capital_largest_cities_NOISE2,3,http://dbpedia.org/ontology/Place
TOUGH_WEB_MISC_wiki_largest_companies_by_revenue,1,http://dbpedia.org/ontology/Company
TOUGH_WEB_MISC_wiki_largest_companies_by_revenue,2,http://dbpedia.org/ontology/Election
TOUGH_WEB_MISC_wiki_largest_companies_by_revenue,6,http://dbpedia.org/ontology/Country
TOUGH_WEB_MISC_wiki_largest_companies_by_revenue_NOISE2,1,http://dbpedia.org/ontology/Company
TOUGH_WEB_MISC_wiki_largest_companies_by_revenue_NOISE2,2,http://dbpedia.org/ontology/Election
TOUGH_WEB_MISC_wiki_largest_companies_by_revenue_NOISE2,6,http://dbpedia.org/ontology/Country
TOUGH_WEB_MISC_wiki_largest_employers,0,http://dbpedia.org/ontology/Organisation
TOUGH_WEB_MISC_wiki_largest_employers,3,http://dbpedia.org/ontology/PopulatedPlace
TOUGH_WEB_MISC_wiki_largest_employers_NOISE2,0,http://dbpedia.org/ontology/Organisation
TOUGH_WEB_MISC_wiki_largest_employers_NOISE2,3,http://dbpedia.org/ontology/PopulatedPlace
TOUGH_WEB_MISC_wiki_list_of_current_monarchs_of_sovereign_states,0,http://dbpedia.org/ontology/Country
TOUGH_WEB_MISC_wiki_list_of_current_monarchs_of_sovereign_states,1,http://dbpedia.org/ontology/Person
TOUGH_WEB_MISC_wiki_list_of_current_monarchs_of_sovereign_states,4,http://dbpedia.org/ontology/Settlement
TOUGH_WEB_MISC_wiki_list_of_current_monarchs_of_sovereign_states,5,http://dbpedia.org/ontology/Document
TOUGH_WEB_MISC_wiki_list_of_current_monarchs_of_sovereign_states,6,http://dbpedia.org/ontology/Person
TOUGH_WEB_MISC_wiki_list_of_current_monarchs_of_sovereign_states_NOISE2,0,http://dbpedia.org/ontology/Country
TOUGH_WEB_MISC_wiki_list_of_current_monarchs_of_sovereign_states_NOISE2,1,http://dbpedia.org/ontology/Person
TOUGH_WEB_MISC_wiki_list_of_current_monarchs_of_sovereign_states_NOISE2,4,http://dbpedia.org/ontology/Settlement
TOUGH_WEB_MISC_wiki_list_of_current_monarchs_of_sovereign_states_NOISE2,5,http://dbpedia.org/ontology/Document
TOUGH_WEB_MISC_wiki_list_of_current_monarchs_of_sovereign_states_NOISE2,6,http://dbpedia.org/ontology/Person
TOUGH_WEB_MISC_wiki_list_of_lakes_by_area,1,http://dbpedia.org/ontology/Location
TOUGH_WEB_MISC_wiki_list_of_lakes_by_area,2,http://dbpedia.org/ontology/PopulatedPlace
TOUGH_WEB_MISC_wiki_list_of_lakes_by_area_NOISE2,1,http://dbpedia.org/ontology/Location
TOUGH_WEB_MISC_wiki_list_of_lakes_by_area_NOISE2,2,http://dbpedia.org/ontology/PopulatedPlace
TOUGH_WEB_MISC_wiki_list_of_national_anthems,0,http://dbpedia.org/ontology/PopulatedPlace
TOUGH_WEB_MISC_wiki_list_of_national_anthems,1,http://dbpedia.org/ontology/MusicalWork
TOUGH_WEB_MISC_wiki_list_of_national_anthems,3,http://dbpedia.org/ontology/Person
TOUGH_WEB_MISC_wiki_list_of_national_anthems,4,http://dbpedia.org/ontology/Person
TOUGH_WEB_MISC_wiki_list_of_national_anthems_NOISE2,0,http://dbpedia.org/ontology/PopulatedPlace
TOUGH_WEB_MISC_wiki_list_of_national_anthems_NOISE2,1,http://dbpedia.org/ontology/MusicalWork
TOUGH_WEB_MISC_wiki_list_of_national_anthems_NOISE2,3,http://dbpedia.org/ontology/Person
TOUGH_WEB_MISC_wiki_list_of_national_anthems_NOISE2,4,http://dbpedia.org/ontology/Person
TOUGH_WEB_MISC_wiki_list_of_political_parties_in_the_United_States_Third_Parties,0,http://dbpedia.org/ontology/PoliticalParty
TOUGH_WEB_MISC_wiki_list_of_political_parties_in_the_United_States_Third_Parties,1,http://dbpedia.org/ontology/Organisation
TOUGH_WEB_MISC_wiki_list_of_political_parties_in_the_United_States_Third_Parties_NOISE2,0,http://dbpedia.org/ontology/PoliticalParty
TOUGH_WEB_MISC_wiki_list_of_political_parties_in_the_United_States_Third_Parties_NOISE2,1,http://dbpedia.org/ontology/Organisation
TOUGH_WEB_MISC_wiki_presidents_of_the_us,0,http://dbpedia.org/ontology/Year
TOUGH_WEB_MISC_wiki_presidents_of_the_us,2,http://dbpedia.org/ontology/Politician
TOUGH_WEB_MISC_wiki_presidents_of_the_us,3,http://dbpedia.org/ontology/Person
TOUGH_WEB_MISC_wiki_presidents_of_the_us,4,http://dbpedia.org/ontology/Organisation
TOUGH_WEB_MISC_wiki_presidents_of_the_us,5,http://dbpedia.org/ontology/Year
TOUGH_WEB_MISC_wiki_presidents_of_the_us,6,http://dbpedia.org/ontology/Person
TOUGH_WEB_MISC_wiki_presidents_of_the_us_NOISE2,0,http://dbpedia.org/ontology/Year
TOUGH_WEB_MISC_wiki_presidents_of_the_us_NOISE2,2,http://dbpedia.org/ontology/Politician
TOUGH_WEB_MISC_wiki_presidents_of_the_us_NOISE2,3,http://dbpedia.org/ontology/Person
TOUGH_WEB_MISC_wiki_presidents_of_the_us_NOISE2,4,http://dbpedia.org/ontology/Organisation
TOUGH_WEB_MISC_wiki_presidents_of_the_us_NOISE2,5,http://dbpedia.org/ontology/Year
TOUGH_WEB_MISC_wiki_presidents_of_the_us_NOISE2,6,http://dbpedia.org/ontology/Person
TOUGH_WEB_MISSP_1000_us_cities_NOISE1_0.0,0,http://dbpedia.org/ontology/Place
TOUGH_WEB_MISSP_1000_us_cities_NOISE1_0.0,1,http://dbpedia.org/ontology/Place
TOUGH_WEB_MISSP_1000_us_cities_NOISE1_0.1,0,http://dbpedia.org/ontology/Place
TOUGH_WEB_MISSP_1000_us_cities_NOISE1_0.1,1,http://dbpedia.org/ontology/Place
TOUGH_WEB_MISSP_1000_us_cities_NOISE1_0.2,0,http://dbpedia.org/ontology/Place
TOUGH_WEB_MISSP_1000_us_cities_NOISE1_0.2,1,http://dbpedia.org/ontology/Place
TOUGH_WEB_MISSP_1000_us_cities_NOISE1_0.3,0,http://dbpedia.org/ontology/Place
TOUGH_WEB_MISSP_1000_us_cities_NOISE1_0.3,1,http://dbpedia.org/ontology/Place
TOUGH_WEB_MISSP_1000_us_cities_NOISE1_0.4,0,http://dbpedia.org/ontology/Place
TOUGH_WEB_MISSP_1000_us_cities_NOISE1_0.4,1,http://dbpedia.org/ontology/Place
TOUGH_WEB_MISSP_1000_us_cities_NOISE1_0.5,0,http://dbpedia.org/ontology/Place
TOUGH_WEB_MISSP_1000_us_cities_NOISE1_0.5,1,http://dbpedia.org/ontology/Place
TOUGH_WEB_MISSP_1000_us_cities_NOISE1_0.6,0,http://dbpedia.org/ontology/Place
TOUGH_WEB_MISSP_1000_us_cities_NOISE1_0.6,1,http://dbpedia.org/ontology/Place
TOUGH_WEB_MISSP_1000_us_cities_NOISE1_0.7,0,http://dbpedia.org/ontology/Place
TOUGH_WEB_MISSP_1000_us_cities_NOISE1_0.7,1,http://dbpedia.org/ontology/Place
TOUGH_WEB_MISSP_1000_us_cities_NOISE1_0.8,0,http://dbpedia.org/ontology/Place
TOUGH_WEB_MISSP_1000_us_cities_NOISE1_0.8,1,http://dbpedia.org/ontology/Place
TOUGH_WEB_MISSP_1000_us_cities_NOISE1_0.9,0,http://dbpedia.org/ontology/Place
TOUGH_WEB_MISSP_1000_us_cities_NOISE1_0.9,1,http://dbpedia.org/ontology/Place
TOUGH_WEB_MISSP_1000_us_cities_NOISE2,0,http://dbpedia.org/ontology/Place
TOUGH_WEB_MISSP_1000_us_cities_NOISE2,1,http://dbpedia.org/ontology/Place
TOUGH_WEB_MISSP_1000_us_cities_NOISE2,2,http://dbpedia.org/ontology/Place
TOUGH_WEB_MISSP_celebrities,0,http://dbpedia.org/ontology/Person
TOUGH_WEB_MISSP_celebrities,1,http://dbpedia.org/ontology/Person
TOUGH_WEB_MISSP_celebrities,2,http://dbpedia.org/ontology/PopulatedPlace
TOUGH_WEB_MISSP_celebrities,3,http://dbpedia.org/ontology/PopulatedPlace
TOUGH_WEB_MISSP_celebrities_NOISE1_0.0,0,http://dbpedia.org/ontology/Person
TOUGH_WEB_MISSP_celebrities_NOISE1_0.0,1,http://dbpedia.org/ontology/PopulatedPlace
TOUGH_WEB_MISSP_celebrities_NOISE1_0.0,2,http://dbpedia.org/ontology/PopulatedPlace
TOUGH_WEB_MISSP_celebrities_NOISE1_0.1,0,http://dbpedia.org/ontology/Person
TOUGH_WEB_MISSP_celebrities_NOISE1_0.1,1,http://dbpedia.org/ontology/PopulatedPlace
TOUGH_WEB_MISSP_celebrities_NOISE1_0.1,2,http://dbpedia.org/ontology/PopulatedPlace
TOUGH_WEB_MISSP_celebrities_NOISE1_0.2,0,http://dbpedia.org/ontology/Person
TOUGH_WEB_MISSP_celebrities_NOISE1_0.2,1,http://dbpedia.org/ontology/PopulatedPlace
TOUGH_WEB_MISSP_celebrities_NOISE1_0.2,2,http://dbpedia.org/ontology/PopulatedPlace
TOUGH_WEB_MISSP_celebrities_NOISE1_0.3,0,http://dbpedia.org/ontology/Person
TOUGH_WEB_MISSP_celebrities_NOISE1_0.3,1,http://dbpedia.org/ontology/PopulatedPlace
TOUGH_WEB_MISSP_celebrities_NOISE1_0.3,2,http://dbpedia.org/ontology/PopulatedPlace
TOUGH_WEB_MISSP_celebrities_NOISE1_0.4,0,http://dbpedia.org/ontology/Person
TOUGH_WEB_MISSP_celebrities_NOISE1_0.4,1,http://dbpedia.org/ontology/PopulatedPlace
TOUGH_WEB_MISSP_celebrities_NOISE1_0.4,2,http://dbpedia.org/ontology/PopulatedPlace
TOUGH_WEB_MISSP_celebrities_NOISE1_0.5,0,http://dbpedia.org/ontology/Person
TOUGH_WEB_MISSP_celebrities_NOISE1_0.5,1,http://dbpedia.org/ontology/PopulatedPlace
TOUGH_WEB_MISSP_celebrities_NOISE1_0.5,2,http://dbpedia.org/ontology/PopulatedPlace
TOUGH_WEB_MISSP_celebrities_NOISE1_0.6,0,http://dbpedia.org/ontology/Person
TOUGH_WEB_MISSP_celebrities_NOISE1_0.6,1,http://dbpedia.org/ontology/PopulatedPlace
TOUGH_WEB_MISSP_celebrities_NOISE1_0.6,2,http://dbpedia.org/ontology/PopulatedPlace
TOUGH_WEB_MISSP_celebrities_NOISE1_0.7,0,http://dbpedia.org/ontology/Person
TOUGH_WEB_MISSP_celebrities_NOISE1_0.7,1,http://dbpedia.org/ontology/PopulatedPlace
TOUGH_WEB_MISSP_celebrities_NOISE1_0.7,2,http://dbpedia.org/ontology/PopulatedPlace
TOUGH_WEB_MISSP_celebrities_NOISE1_0.8,0,http://dbpedia.org/ontology/Person
TOUGH_WEB_MISSP_celebrities_NOISE1_0.8,1,http://dbpedia.org/ontology/PopulatedPlace
TOUGH_WEB_MISSP_celebrities_NOISE1_0.8,2,http://dbpedia.org/ontology/PopulatedPlace
TOUGH_WEB_MISSP_celebrities_NOISE1_0.9,0,http://dbpedia.org/ontology/Person
TOUGH_WEB_MISSP_celebrities_NOISE1_0.9,1,http://dbpedia.org/ontology/PopulatedPlace
TOUGH_WEB_MISSP_celebrities_NOISE1_0.9,2,http://dbpedia.org/ontology/PopulatedPlace
TOUGH_WEB_MISSP_drugs,0,http://dbpedia.org/ontology/ChemicalSubstance
TOUGH_WEB_MISSP_drugs,1,http://dbpedia.org/ontology/Drug
TOUGH_WEB_MISSP_drugs,2,http://dbpedia.org/ontology/Drug
TOUGH_WEB_MISSP_drugs,4,http://dbpedia.org/ontology/Drug
TOUGH_WEB_MISSP_drugs_NOISE1_0.0,0,http://dbpedia.org/ontology/Drug
TOUGH_WEB_MISSP_drugs_NOISE1_0.0,1,http://dbpedia.org/ontology/Drug
TOUGH_WEB_MISSP_drugs_NOISE1_0.0,3,http://dbpedia.org/ontology/University
TOUGH_WEB_MISSP_drugs_NOISE1_0.1,0,http://dbpedia.org/ontology/Drug
TOUGH_WEB_MISSP_drugs_NOISE1_0.1,1,http://dbpedia.org/ontology/Drug
TOUGH_WEB_MISSP_drugs_NOISE1_0.1,3,http://dbpedia.org/ontology/University
TOUGH_WEB_MISSP_drugs_NOISE1_0.2,0,http://dbpedia.org/ontology/Drug
TOUGH_WEB_MISSP_drugs_NOISE1_0.2,1,http://dbpedia.org/ontology/Drug
TOUGH_WEB_MISSP_drugs_NOISE1_0.2,3,http://dbpedia.org/ontology/University
TOUGH_WEB_MISSP_drugs_NOISE1_0.3,0,http://dbpedia.org/ontology/Drug
TOUGH_WEB_MISSP_drugs_NOISE1_0.3,1,http://dbpedia.org/ontology/Drug
TOUGH_WEB_MISSP_drugs_NOISE1_0.3,3,http://dbpedia.org/ontology/University
TOUGH_WEB_MISSP_drugs_NOISE1_0.4,0,http://dbpedia.org/ontology/Drug
TOUGH_WEB_MISSP_drugs_NOISE1_0.4,1,http://dbpedia.org/ontology/Drug
TOUGH_WEB_MISSP_drugs_NOISE1_0.4,3,http://dbpedia.org/ontology/University
TOUGH_WEB_MISSP_drugs_NOISE1_0.5,0,http://dbpedia.org/ontology/Drug
TOUGH_WEB_MISSP_drugs_NOISE1_0.5,1,http://dbpedia.org/ontology/Drug
TOUGH_WEB_MISSP_drugs_NOISE1_0.5,3,http://dbpedia.org/ontology/University
TOUGH_WEB_MISSP_drugs_NOISE1_0.6,0,http://dbpedia.org/ontology/Drug
TOUGH_WEB_MISSP_drugs_NOISE1_0.6,1,http://dbpedia.org/ontology/Drug
TOUGH_WEB_MISSP_drugs_NOISE1_0.6,3,http://dbpedia.org/ontology/University
TOUGH_WEB_MISSP_drugs_NOISE1_0.7,0,http://dbpedia.org/ontology/Drug
TOUGH_WEB_MISSP_drugs_NOISE1_0.7,1,http://dbpedia.org/ontology/Drug
TOUGH_WEB_MISSP_drugs_NOISE1_0.7,3,http://dbpedia.org/ontology/University
TOUGH_WEB_MISSP_drugs_NOISE1_0.8,0,http://dbpedia.org/ontology/Drug
TOUGH_WEB_MISSP_drugs_NOISE1_0.8,1,http://dbpedia.org/ontology/Drug
TOUGH_WEB_MISSP_drugs_NOISE1_0.8,3,http://dbpedia.org/ontology/University
TOUGH_WEB_MISSP_drugs_NOISE1_0.9,0,http://dbpedia.org/ontology/Drug
TOUGH_WEB_MISSP_drugs_NOISE1_0.9,1,http://dbpedia.org/ontology/Drug
TOUGH_WEB_MISSP_drugs_NOISE1_0.9,3,http://dbpedia.org/ontology/University
TOUGH_WEB_MISSP_drugs_NOISE2,0,http://dbpedia.org/ontology/ChemicalSubstance
TOUGH_WEB_MISSP_drugs_NOISE2,1,http://dbpedia.org/ontology/Drug
TOUGH_WEB_MISSP_drugs_NOISE2,2,http://dbpedia.org/ontology/Drug
TOUGH_WEB_MISSP_drugs_NOISE2,4,http://dbpedia.org/ontology/Drug
TOUGH_WEB_MISSP_us_states,0,http://dbpedia.org/ontology/PopulatedPlace
TOUGH_WEB_MISSP_us_states,1,http://dbpedia.org/ontology/PopulatedPlace
TOUGH_WEB_MISSP_us_states_NOISE1_0.0,0,http://dbpedia.org/ontology/PopulatedPlace
TOUGH_WEB_MISSP_us_states_NOISE1_0.1,0,http://dbpedia.org/ontology/PopulatedPlace
TOUGH_WEB_MISSP_us_states_NOISE1_0.2,0,http://dbpedia.org/ontology/PopulatedPlace
TOUGH_WEB_MISSP_us_states_NOISE1_0.3,0,http://dbpedia.org/ontology/PopulatedPlace
TOUGH_WEB_MISSP_us_states_NOISE1_0.4,0,http://dbpedia.org/ontology/PopulatedPlace
TOUGH_WEB_MISSP_us_states_NOISE1_0.5,0,http://dbpedia.org/ontology/PopulatedPlace
TOUGH_WEB_MISSP_us_states_NOISE1_0.6,0,http://dbpedia.org/ontology/PopulatedPlace
TOUGH_WEB_MISSP_us_states_NOISE1_0.7,0,http://dbpedia.org/ontology/PopulatedPlace
TOUGH_WEB_MISSP_us_states_NOISE1_0.8,0,http://dbpedia.org/ontology/PopulatedPlace
TOUGH_WEB_MISSP_us_states_NOISE1_0.9,0,http://dbpedia.org/ontology/PopulatedPlace
TOUGH_WEB_MISSP_us_states_NOISE2,0,http://dbpedia.org/ontology/PopulatedPlace
TOUGH_WEB_MISSP_us_states_NOISE2,1,http://dbpedia.org/ontology/PopulatedPlace
