GitTables_1501_dbpedia,0,http://dbpedia.org/property/goals
GitTables_1501_dbpedia,3,http://dbpedia.org/ontology/wikiPageID
GitTables_1501_dbpedia,7,http://dbpedia.org/ontology/wikiPageRevisionID
GitTables_1502_dbpedia,10,http://dbpedia.org/ontology/areaTotal
GitTables_1502_dbpedia,0,http://dbpedia.org/ontology/wikiPageID
GitTables_1502_dbpedia,3,http://dbpedia.org/ontology/postalCode
GitTables_1502_dbpedia,7,http://dbpedia.org/ontology/wikiPageRevisionID
GitTables_1503_dbpedia,8,http://dbpedia.org/property/length
GitTables_1504_dbpedia,6,http://dbpedia.org/property/lengthIn
GitTables_1508_dbpedia,2,http://dbpedia.org/ontology/purpose
GitTables_1508_dbpedia,3,http://dbpedia.org/ontology/foundingYear
GitTables_1511_dbpedia,8,http://dbpedia.org/property/length
GitTables_1512_dbpedia,3,http://dbpedia.org/ontology/identificationSymbol
GitTables_1516_dbpedia,14,http://dbpedia.org/property/no
GitTables_1517_dbpedia,10,http://dbpedia.org/property/networth
GitTables_1517_dbpedia,0,http://dbpedia.org/property/votes
GitTables_1517_dbpedia,3,http://dbpedia.org/ontology/imdbId
GitTables_1517_dbpedia,7,http://dbpedia.org/ontology/wikiPageLength
GitTables_1518_dbpedia,0,http://dbpedia.org/ontology/wikiPageID
GitTables_1518_dbpedia,3,http://dbpedia.org/ontology/wikiPageID
GitTables_1518_dbpedia,7,http://dbpedia.org/ontology/wikiPageRevisionID
GitTables_1529_dbpedia,14,http://dbpedia.org/ontology/utcOffset
GitTables_1536_dbpedia,0,http://dbpedia.org/ontology/motto
GitTables_1536_dbpedia,4,http://dbpedia.org/ontology/purpose
GitTables_1537_dbpedia,14,http://dbpedia.org/property/no
GitTables_1538_dbpedia,0,http://dbpedia.org/property/map2char
GitTables_1546_dbpedia,8,http://dbpedia.org/property/length
GitTables_1547_dbpedia,14,http://dbpedia.org/property/no
GitTables_1550_dbpedia,10,http://dbpedia.org/property/observationArc
GitTables_1550_dbpedia,0,http://dbpedia.org/ontology/wikiPageID
GitTables_1550_dbpedia,3,http://dbpedia.org/ontology/wikiPageID
GitTables_1550_dbpedia,7,http://dbpedia.org/ontology/wikiPageID
GitTables_1551_dbpedia,10,http://dbpedia.org/ontology/areaTotal
GitTables_1551_dbpedia,0,http://dbpedia.org/ontology/wikiPageID
GitTables_1551_dbpedia,3,http://dbpedia.org/ontology/background
GitTables_1551_dbpedia,7,http://dbpedia.org/ontology/wikiPageID
GitTables_1553_dbpedia,14,http://dbpedia.org/property/no
GitTables_1556_dbpedia,0,http://dbpedia.org/ontology/wikiPageID
GitTables_1556_dbpedia,3,http://dbpedia.org/ontology/wikiPageID
GitTables_1556_dbpedia,7,http://dbpedia.org/ontology/wikiPageLength
GitTables_1560_dbpedia,8,http://dbpedia.org/property/length
GitTables_1562_dbpedia,14,http://dbpedia.org/property/no
GitTables_1570_dbpedia,14,http://dbpedia.org/property/no
GitTables_1573_dbpedia,8,http://dbpedia.org/property/length
GitTables_1574_dbpedia,21,http://dbpedia.org/ontology/wikiPageID
GitTables_1577_dbpedia,10,http://dbpedia.org/property/views
GitTables_1577_dbpedia,0,http://dbpedia.org/ontology/wikiPageID
GitTables_1577_dbpedia,3,http://dbpedia.org/ontology/wikiPageID
GitTables_1577_dbpedia,7,http://dbpedia.org/ontology/wikiPageRevisionID
GitTables_1578_dbpedia,10,http://dbpedia.org/ontology/areaLand
GitTables_1578_dbpedia,0,http://dbpedia.org/ontology/wikiPageID
GitTables_1578_dbpedia,3,http://dbpedia.org/ontology/wikiPageID
GitTables_1578_dbpedia,7,http://dbpedia.org/ontology/wikiPageRevisionID
GitTables_1582_dbpedia,0,http://dbpedia.org/ontology/wikiPageID
GitTables_1582_dbpedia,3,http://dbpedia.org/ontology/wikiPageID
GitTables_1582_dbpedia,7,http://dbpedia.org/ontology/wikiPageLength
GitTables_1585_dbpedia,8,http://dbpedia.org/property/length
GitTables_1591_dbpedia,21,http://dbpedia.org/ontology/wikiPageID
GitTables_1593_dbpedia,5,http://dbpedia.org/property/rotation
GitTables_1599_dbpedia,5,http://dbpedia.org/property/rotation
GitTables_1603_dbpedia,10,http://dbpedia.org/ontology/areaTotal
GitTables_1603_dbpedia,0,http://dbpedia.org/ontology/wikiPageID
GitTables_1603_dbpedia,3,http://dbpedia.org/ontology/wikiPageID
GitTables_1603_dbpedia,7,http://dbpedia.org/ontology/wikiPageRevisionID
GitTables_1604_dbpedia,5,http://dbpedia.org/ontology/wikiPageRevisionID
GitTables_1604_dbpedia,4,http://dbpedia.org/ontology/wikiPageRevisionID
GitTables_1604_dbpedia,6,http://dbpedia.org/ontology/wikiPageID
GitTables_1608_dbpedia,14,http://dbpedia.org/property/no
GitTables_1610_dbpedia,5,http://dbpedia.org/property/rotation
GitTables_1613_dbpedia,8,http://dbpedia.org/property/length
GitTables_1619_dbpedia,0,http://dbpedia.org/ontology/wikiPageID
GitTables_1619_dbpedia,3,http://dbpedia.org/ontology/background
GitTables_1619_dbpedia,7,http://dbpedia.org/ontology/wikiPageRevisionID
GitTables_1626_dbpedia,14,http://dbpedia.org/property/no
GitTables_1636_dbpedia,1,http://dbpedia.org/ontology/managerTitle
GitTables_1636_dbpedia,5,http://dbpedia.org/ontology/wikiPageLength
GitTables_1636_dbpedia,4,http://dbpedia.org/ontology/office
GitTables_1637_dbpedia,10,http://dbpedia.org/property/olympics
GitTables_1637_dbpedia,0,http://dbpedia.org/ontology/wikiPageID
GitTables_1637_dbpedia,3,http://dbpedia.org/ontology/wikiPageID
GitTables_1637_dbpedia,7,http://dbpedia.org/ontology/wikiPageID
GitTables_1640_dbpedia,14,http://dbpedia.org/ontology/utcOffset
GitTables_1648_dbpedia,10,http://dbpedia.org/ontology/areaLand
GitTables_1648_dbpedia,0,http://dbpedia.org/ontology/wikiPageID
GitTables_1648_dbpedia,3,http://dbpedia.org/ontology/wikiPageID
GitTables_1648_dbpedia,7,http://dbpedia.org/ontology/wikiPageRevisionID
GitTables_1649_dbpedia,14,http://dbpedia.org/property/no
GitTables_1650_dbpedia,0,http://dbpedia.org/ontology/wikiPageID
GitTables_1650_dbpedia,3,http://dbpedia.org/ontology/wikiPageID
GitTables_1650_dbpedia,7,http://dbpedia.org/ontology/wikiPageID
GitTables_1673_dbpedia,0,http://dbpedia.org/ontology/wikiPageID
GitTables_1673_dbpedia,3,http://dbpedia.org/ontology/wikiPageID
GitTables_1673_dbpedia,7,http://dbpedia.org/ontology/wikiPageRevisionID
GitTables_1680_dbpedia,14,http://dbpedia.org/property/no
GitTables_1681_dbpedia,0,http://dbpedia.org/ontology/wikiPageID
GitTables_1681_dbpedia,3,http://dbpedia.org/ontology/wikiPageID
GitTables_1681_dbpedia,7,http://dbpedia.org/ontology/wikiPageRevisionID
GitTables_1685_dbpedia,10,http://dbpedia.org/property/revenue
GitTables_1685_dbpedia,0,http://dbpedia.org/ontology/wikiPageID
GitTables_1685_dbpedia,3,http://dbpedia.org/ontology/wikiPageID
GitTables_1685_dbpedia,7,http://dbpedia.org/ontology/wikiPageRevisionID
GitTables_1689_dbpedia,10,http://dbpedia.org/ontology/areaTotal
GitTables_1689_dbpedia,0,http://dbpedia.org/ontology/wikiPageID
GitTables_1689_dbpedia,3,http://dbpedia.org/ontology/utcOffset
GitTables_1689_dbpedia,7,http://dbpedia.org/ontology/wikiPageLength
GitTables_1693_dbpedia,10,http://dbpedia.org/ontology/areaTotal
GitTables_1693_dbpedia,0,http://dbpedia.org/ontology/imdbId
GitTables_1693_dbpedia,3,http://dbpedia.org/ontology/areaCode
GitTables_1693_dbpedia,7,http://dbpedia.org/ontology/wikiPageID
GitTables_1694_dbpedia,14,http://dbpedia.org/property/no
GitTables_1698_dbpedia,14,http://dbpedia.org/property/no
GitTables_1702_dbpedia,21,http://dbpedia.org/ontology/wikiPageID
GitTables_1706_dbpedia,6,http://dbpedia.org/ontology/wikiPageLength
GitTables_1711_dbpedia,10,http://dbpedia.org/ontology/areaTotal
GitTables_1711_dbpedia,0,http://dbpedia.org/property/votes
GitTables_1711_dbpedia,3,http://dbpedia.org/property/votes
GitTables_1711_dbpedia,7,http://dbpedia.org/ontology/wikiPageRevisionID
GitTables_1715_dbpedia,10,http://dbpedia.org/ontology/areaUrban
GitTables_1715_dbpedia,0,http://dbpedia.org/ontology/wikiPageID
GitTables_1715_dbpedia,3,http://dbpedia.org/ontology/wikiPageID
GitTables_1715_dbpedia,7,http://dbpedia.org/ontology/wikiPageID
GitTables_1726_dbpedia,14,http://dbpedia.org/ontology/utcOffset
GitTables_1730_dbpedia,21,http://dbpedia.org/ontology/wikiPageID
GitTables_1733_dbpedia,7,http://dbpedia.org/ontology/wikiPageID
GitTables_1737_dbpedia,8,http://dbpedia.org/property/length
GitTables_1740_dbpedia,10,http://dbpedia.org/ontology/areaTotal
GitTables_1740_dbpedia,0,http://dbpedia.org/ontology/wikiPageID
GitTables_1740_dbpedia,3,http://dbpedia.org/ontology/wikiPageID
GitTables_1740_dbpedia,7,http://dbpedia.org/ontology/wikiPageLength
GitTables_1741_dbpedia,8,http://dbpedia.org/property/length
GitTables_1745_dbpedia,5,http://dbpedia.org/property/rotation
GitTables_1747_dbpedia,17,http://dbpedia.org/ontology/wikiPageLength
GitTables_1747_dbpedia,6,http://dbpedia.org/ontology/wikiPageLength
GitTables_1747_dbpedia,19,http://dbpedia.org/ontology/wikiPageLength
GitTables_1748_dbpedia,10,http://dbpedia.org/ontology/areaTotal
GitTables_1748_dbpedia,0,http://dbpedia.org/ontology/wikiPageID
GitTables_1748_dbpedia,3,http://dbpedia.org/ontology/wikiPageID
GitTables_1748_dbpedia,7,http://dbpedia.org/ontology/wikiPageID
GitTables_1750_dbpedia,0,http://dbpedia.org/ontology/weight
GitTables_1750_dbpedia,3,http://dbpedia.org/ontology/background
GitTables_1750_dbpedia,7,http://dbpedia.org/ontology/wikiPageID
GitTables_1752_dbpedia,21,http://dbpedia.org/ontology/wikiPageID
GitTables_1755_dbpedia,28,http://dbpedia.org/ontology/postalCode
GitTables_1757_dbpedia,0,http://dbpedia.org/ontology/wikiPageID
GitTables_1757_dbpedia,3,http://dbpedia.org/ontology/wikiPageID
GitTables_1757_dbpedia,7,http://dbpedia.org/ontology/wikiPageRevisionID
GitTables_1759_dbpedia,10,http://dbpedia.org/ontology/areaTotal
GitTables_1759_dbpedia,0,http://dbpedia.org/ontology/wikiPageID
GitTables_1759_dbpedia,3,http://dbpedia.org/ontology/utcOffset
GitTables_1759_dbpedia,7,http://dbpedia.org/ontology/wikiPageID
GitTables_1764_dbpedia,1,http://dbpedia.org/ontology/motto
GitTables_1765_dbpedia,0,http://dbpedia.org/ontology/facilityId
GitTables_1765_dbpedia,3,http://dbpedia.org/ontology/background
GitTables_1765_dbpedia,7,http://dbpedia.org/ontology/wikiPageID
GitTables_1766_dbpedia,13,http://dbpedia.org/property/augLowF
GitTables_1766_dbpedia,21,http://dbpedia.org/ontology/isbn
GitTables_1769_dbpedia,14,http://dbpedia.org/property/no
GitTables_1771_dbpedia,0,http://dbpedia.org/ontology/wikiPageID
GitTables_1771_dbpedia,3,http://dbpedia.org/ontology/mascot
GitTables_1771_dbpedia,7,http://dbpedia.org/ontology/wikiPageID
GitTables_1785_dbpedia,3,http://dbpedia.org/ontology/imdbId
GitTables_1786_dbpedia,8,http://dbpedia.org/property/length
GitTables_1788_dbpedia,10,http://dbpedia.org/ontology/areaTotal
GitTables_1788_dbpedia,0,http://dbpedia.org/ontology/wikiPageID
GitTables_1788_dbpedia,3,http://dbpedia.org/ontology/utcOffset
GitTables_1788_dbpedia,7,http://dbpedia.org/ontology/wikiPageRevisionID
GitTables_1799_dbpedia,0,http://dbpedia.org/ontology/wikiPageID
GitTables_1799_dbpedia,3,http://dbpedia.org/ontology/utcOffset
GitTables_1799_dbpedia,7,http://dbpedia.org/ontology/wikiPageRevisionID
GitTables_1802_dbpedia,5,http://dbpedia.org/property/rotation
GitTables_1803_dbpedia,0,http://dbpedia.org/ontology/wikiPageID
GitTables_1803_dbpedia,3,http://dbpedia.org/ontology/wikiPageID
GitTables_1803_dbpedia,7,http://dbpedia.org/ontology/wikiPageLength
GitTables_1804_dbpedia,10,http://dbpedia.org/ontology/areaTotal
GitTables_1804_dbpedia,0,http://dbpedia.org/ontology/wikiPageID
GitTables_1804_dbpedia,3,http://dbpedia.org/ontology/wikiPageID
GitTables_1804_dbpedia,7,http://dbpedia.org/ontology/wikiPageRevisionID
GitTables_1808_dbpedia,8,http://dbpedia.org/property/length
GitTables_1816_dbpedia,5,http://dbpedia.org/property/rotation
GitTables_1817_dbpedia,0,http://dbpedia.org/ontology/wikiPageID
GitTables_1817_dbpedia,3,http://dbpedia.org/ontology/shoots
GitTables_1817_dbpedia,7,http://dbpedia.org/ontology/wikiPageLength
GitTables_1825_dbpedia,8,http://dbpedia.org/property/length
GitTables_1830_dbpedia,8,http://dbpedia.org/property/length
GitTables_1832_dbpedia,8,http://dbpedia.org/property/length
GitTables_1836_dbpedia,10,http://dbpedia.org/ontology/areaLand
GitTables_1836_dbpedia,0,http://dbpedia.org/ontology/wikiPageID
GitTables_1836_dbpedia,3,http://dbpedia.org/ontology/wikiPageID
GitTables_1836_dbpedia,7,http://dbpedia.org/ontology/wikiPageRevisionID
GitTables_1837_dbpedia,10,http://dbpedia.org/ontology/areaTotal
GitTables_1837_dbpedia,0,http://dbpedia.org/ontology/wikiPageID
GitTables_1837_dbpedia,3,http://dbpedia.org/ontology/wikiPageID
GitTables_1837_dbpedia,7,http://dbpedia.org/ontology/wikiPageID
GitTables_1839_dbpedia,0,http://dbpedia.org/ontology/wikiPageID
GitTables_1839_dbpedia,3,http://dbpedia.org/ontology/wikiPageID
GitTables_1839_dbpedia,7,http://dbpedia.org/ontology/wikiPageRevisionID
GitTables_1841_dbpedia,0,http://dbpedia.org/ontology/wikiPageID
GitTables_1841_dbpedia,3,http://dbpedia.org/ontology/imdbId
GitTables_1841_dbpedia,7,http://dbpedia.org/ontology/wikiPageID
GitTables_1843_dbpedia,10,http://dbpedia.org/ontology/areaWater
GitTables_1843_dbpedia,0,http://dbpedia.org/ontology/wikiPageID
GitTables_1843_dbpedia,3,http://dbpedia.org/ontology/utcOffset
GitTables_1843_dbpedia,7,http://dbpedia.org/ontology/wikiPageRevisionID
GitTables_1844_dbpedia,10,http://dbpedia.org/ontology/weight
GitTables_1844_dbpedia,0,http://dbpedia.org/ontology/wikiPageID
GitTables_1844_dbpedia,3,http://dbpedia.org/ontology/wikiPageID
GitTables_1844_dbpedia,7,http://dbpedia.org/ontology/wikiPageLength
GitTables_1850_dbpedia,10,http://dbpedia.org/property/shortsummary
GitTables_1850_dbpedia,0,http://dbpedia.org/ontology/wikiPageID
GitTables_1850_dbpedia,3,http://dbpedia.org/ontology/wikiPageID
GitTables_1850_dbpedia,7,http://dbpedia.org/ontology/wikiPageRevisionID
GitTables_1858_dbpedia,0,http://dbpedia.org/ontology/wikiPageID
GitTables_1858_dbpedia,3,http://dbpedia.org/ontology/wikiPageID
GitTables_1858_dbpedia,7,http://dbpedia.org/ontology/wikiPageID
GitTables_1858_dbpedia,1,http://dbpedia.org/ontology/firstAppearance
GitTables_1863_dbpedia,0,http://dbpedia.org/ontology/wikiPageID
GitTables_1863_dbpedia,3,http://dbpedia.org/ontology/wikiPageID
GitTables_1863_dbpedia,7,http://dbpedia.org/ontology/wikiPageID
GitTables_1865_dbpedia,14,http://dbpedia.org/ontology/utcOffset
GitTables_1866_dbpedia,0,http://dbpedia.org/ontology/wikiPageID
GitTables_1866_dbpedia,3,http://dbpedia.org/ontology/wikiPageID
GitTables_1866_dbpedia,7,http://dbpedia.org/ontology/wikiPageRevisionID
GitTables_1878_dbpedia,17,http://dbpedia.org/ontology/wikiPageRevisionID
GitTables_1878_dbpedia,6,http://dbpedia.org/ontology/wikiPageRevisionID
GitTables_1878_dbpedia,19,http://dbpedia.org/ontology/wikiPageRevisionID
GitTables_1879_dbpedia,14,http://dbpedia.org/property/no
GitTables_1881_dbpedia,0,http://dbpedia.org/ontology/areaWater
GitTables_1881_dbpedia,3,http://dbpedia.org/ontology/utcOffset
GitTables_1881_dbpedia,7,http://dbpedia.org/ontology/wikiPageLength
GitTables_1887_dbpedia,10,http://dbpedia.org/property/resCapacityTotal
GitTables_1887_dbpedia,0,http://dbpedia.org/ontology/wikiPageID
GitTables_1887_dbpedia,3,http://dbpedia.org/ontology/wikiPageID
GitTables_1887_dbpedia,7,http://dbpedia.org/ontology/wikiPageRevisionID
GitTables_1892_dbpedia,2,http://dbpedia.org/ontology/restriction
GitTables_1894_dbpedia,10,http://dbpedia.org/property/equity
GitTables_1894_dbpedia,0,http://dbpedia.org/ontology/wikiPageID
GitTables_1894_dbpedia,3,http://dbpedia.org/ontology/wikiPageID
GitTables_1894_dbpedia,7,http://dbpedia.org/ontology/wikiPageLength
GitTables_1895_dbpedia,5,http://dbpedia.org/property/rotation
GitTables_1898_dbpedia,10,http://dbpedia.org/ontology/areaTotal
GitTables_1898_dbpedia,0,http://dbpedia.org/ontology/wikiPageID
GitTables_1898_dbpedia,3,http://dbpedia.org/ontology/wikiPageID
GitTables_1898_dbpedia,7,http://dbpedia.org/ontology/wikiPageRevisionID
GitTables_1904_dbpedia,8,http://dbpedia.org/property/length
GitTables_1913_dbpedia,8,http://dbpedia.org/property/length
GitTables_1915_dbpedia,10,http://dbpedia.org/ontology/areaTotal
GitTables_1915_dbpedia,0,http://dbpedia.org/ontology/wikiPageID
GitTables_1915_dbpedia,3,http://dbpedia.org/ontology/wikiPageID
GitTables_1915_dbpedia,7,http://dbpedia.org/ontology/wikiPageLength
GitTables_1918_dbpedia,3,http://dbpedia.org/ontology/icaoAirlineCode
GitTables_1920_dbpedia,5,http://dbpedia.org/property/rotation
GitTables_1921_dbpedia,8,http://dbpedia.org/property/length
GitTables_1924_dbpedia,21,http://dbpedia.org/ontology/wikiPageID
GitTables_1928_dbpedia,10,http://dbpedia.org/property/netIncome
GitTables_1928_dbpedia,0,http://dbpedia.org/ontology/wikiPageID
GitTables_1928_dbpedia,3,http://dbpedia.org/ontology/wikiPageID
GitTables_1928_dbpedia,7,http://dbpedia.org/ontology/wikiPageID
GitTables_1933_dbpedia,10,http://dbpedia.org/ontology/networth
GitTables_1933_dbpedia,0,http://dbpedia.org/ontology/wikiPageID
GitTables_1933_dbpedia,3,http://dbpedia.org/ontology/wikiPageID
GitTables_1933_dbpedia,7,http://dbpedia.org/ontology/wikiPageID
GitTables_1936_dbpedia,10,http://dbpedia.org/ontology/areaLand
GitTables_1936_dbpedia,0,http://dbpedia.org/ontology/wikiPageID
GitTables_1936_dbpedia,3,http://dbpedia.org/ontology/wikiPageID
GitTables_1936_dbpedia,7,http://dbpedia.org/ontology/wikiPageID
GitTables_1937_dbpedia,5,http://dbpedia.org/property/rotation
GitTables_1942_dbpedia,10,http://dbpedia.org/ontology/areaTotal
GitTables_1942_dbpedia,0,http://dbpedia.org/ontology/wikiPageID
GitTables_1942_dbpedia,3,http://dbpedia.org/ontology/wikiPageID
GitTables_1942_dbpedia,7,http://dbpedia.org/ontology/wikiPageID
GitTables_1944_dbpedia,10,http://dbpedia.org/property/populationCensus
GitTables_1944_dbpedia,0,http://dbpedia.org/ontology/wikiPageID
GitTables_1944_dbpedia,3,http://dbpedia.org/ontology/utcOffset
GitTables_1944_dbpedia,7,http://dbpedia.org/ontology/wikiPageRevisionID
GitTables_1946_dbpedia,0,http://dbpedia.org/ontology/wikiPageID
GitTables_1946_dbpedia,3,http://dbpedia.org/ontology/railwayPlatforms
GitTables_1946_dbpedia,7,http://dbpedia.org/ontology/wikiPageLength
GitTables_1947_dbpedia,14,http://dbpedia.org/property/no
GitTables_1954_dbpedia,10,http://dbpedia.org/ontology/areaTotal
GitTables_1954_dbpedia,0,http://dbpedia.org/ontology/wikiPageID
GitTables_1954_dbpedia,3,http://dbpedia.org/ontology/imdbId
GitTables_1954_dbpedia,7,http://dbpedia.org/ontology/wikiPageRevisionID
GitTables_1959_dbpedia,14,http://dbpedia.org/ontology/latestReleaseVersion
GitTables_1962_dbpedia,0,http://dbpedia.org/ontology/wikiPageID
GitTables_1962_dbpedia,3,http://dbpedia.org/ontology/wikiPageID
GitTables_1962_dbpedia,7,http://dbpedia.org/ontology/wikiPageRevisionID
GitTables_1964_dbpedia,14,http://dbpedia.org/property/no
GitTables_1965_dbpedia,14,http://dbpedia.org/property/no
GitTables_1968_dbpedia,14,http://dbpedia.org/property/no
GitTables_1969_dbpedia,10,http://dbpedia.org/ontology/revenue
GitTables_1969_dbpedia,0,http://dbpedia.org/ontology/wikiPageID
GitTables_1969_dbpedia,3,http://dbpedia.org/ontology/wikiPageID
GitTables_1969_dbpedia,7,http://dbpedia.org/ontology/wikiPageRevisionID
GitTables_1973_dbpedia,14,http://dbpedia.org/property/no
GitTables_1974_dbpedia,10,http://dbpedia.org/ontology/areaLand
GitTables_1974_dbpedia,0,http://dbpedia.org/ontology/wikiPageID
GitTables_1974_dbpedia,3,http://dbpedia.org/ontology/wikiPageID
GitTables_1974_dbpedia,7,http://dbpedia.org/ontology/wikiPageRevisionID
GitTables_1976_dbpedia,14,http://dbpedia.org/property/no
GitTables_1981_dbpedia,5,http://dbpedia.org/property/netIncome
GitTables_1982_dbpedia,0,http://dbpedia.org/ontology/wikiPageID
GitTables_1982_dbpedia,3,http://dbpedia.org/ontology/utcOffset
GitTables_1982_dbpedia,7,http://dbpedia.org/ontology/wikiPageID
GitTables_1983_dbpedia,14,http://dbpedia.org/ontology/issn
GitTables_1985_dbpedia,14,http://dbpedia.org/property/no
GitTables_1989_dbpedia,10,http://dbpedia.org/ontology/areaTotal
GitTables_1989_dbpedia,0,http://dbpedia.org/property/blank1Info
GitTables_1989_dbpedia,3,http://dbpedia.org/property/blank1Info
GitTables_1989_dbpedia,7,http://dbpedia.org/ontology/wikiPageLength
GitTables_1990_dbpedia,8,http://dbpedia.org/property/length
GitTables_1995_dbpedia,5,http://dbpedia.org/property/rotation
GitTables_2002_dbpedia,23,http://dbpedia.org/property/number
GitTables_2002_dbpedia,4,http://dbpedia.org/property/number
GitTables_2002_dbpedia,7,http://dbpedia.org/property/lang6Symbol
GitTables_2004_dbpedia,19,http://dbpedia.org/property/displayParents
GitTables_2004_dbpedia,4,http://dbpedia.org/property/displayParents
GitTables_2004_dbpedia,8,http://dbpedia.org/property/displayParents
GitTables_2004_dbpedia,7,http://dbpedia.org/ontology/wikiPageLength
GitTables_2011_dbpedia,19,http://dbpedia.org/property/displayParents
GitTables_2011_dbpedia,4,http://dbpedia.org/property/displayParents
GitTables_2011_dbpedia,8,http://dbpedia.org/property/displayParents
GitTables_2013_dbpedia,1,http://dbpedia.org/ontology/wikiPageLength
GitTables_2015_dbpedia,19,http://dbpedia.org/property/melt
GitTables_2015_dbpedia,4,http://dbpedia.org/property/melt
GitTables_2015_dbpedia,8,http://dbpedia.org/property/melt
GitTables_2015_dbpedia,7,http://dbpedia.org/ontology/wikiPageLength
GitTables_2022_dbpedia,9,http://dbpedia.org/property/no
GitTables_2024_dbpedia,0,http://dbpedia.org/property/volume
GitTables_2025_dbpedia,19,http://dbpedia.org/ontology/wikiPageLength
GitTables_2025_dbpedia,4,http://dbpedia.org/ontology/wikiPageLength
GitTables_2025_dbpedia,8,http://dbpedia.org/ontology/wikiPageLength
GitTables_2027_dbpedia,13,http://dbpedia.org/ontology/elevation
GitTables_2027_dbpedia,0,http://dbpedia.org/property/areaCode
GitTables_2028_dbpedia,9,http://dbpedia.org/ontology/Work/runtime
GitTables_2029_dbpedia,19,http://dbpedia.org/ontology/synonym
GitTables_2029_dbpedia,4,http://dbpedia.org/ontology/synonym
GitTables_2029_dbpedia,8,http://dbpedia.org/ontology/synonym
GitTables_2029_dbpedia,7,http://dbpedia.org/ontology/wikiPageLength
GitTables_2038_dbpedia,19,http://dbpedia.org/ontology/wikiPageRevisionID
GitTables_2038_dbpedia,4,http://dbpedia.org/ontology/wikiPageRevisionID
GitTables_2038_dbpedia,8,http://dbpedia.org/ontology/wikiPageRevisionID
GitTables_2041_dbpedia,9,http://dbpedia.org/property/width
GitTables_2048_dbpedia,19,http://dbpedia.org/property/heightIn
GitTables_2048_dbpedia,4,http://dbpedia.org/property/heightIn
GitTables_2048_dbpedia,8,http://dbpedia.org/property/heightIn
GitTables_2048_dbpedia,7,http://dbpedia.org/ontology/activeYearsEndYear
GitTables_2052_dbpedia,9,http://dbpedia.org/ontology/wikiPageID
GitTables_2055_dbpedia,1,http://dbpedia.org/ontology/postalCode
GitTables_2055_dbpedia,5,http://dbpedia.org/ontology/utcOffset
GitTables_2056_dbpedia,9,http://dbpedia.org/ontology/causalties
GitTables_2058_dbpedia,19,http://dbpedia.org/property/displayParents
GitTables_2058_dbpedia,4,http://dbpedia.org/property/displayParents
GitTables_2058_dbpedia,8,http://dbpedia.org/property/displayParents
GitTables_2059_dbpedia,2,http://dbpedia.org/ontology/motto
GitTables_2063_dbpedia,19,http://dbpedia.org/ontology/wikiPageID
GitTables_2063_dbpedia,4,http://dbpedia.org/ontology/wikiPageID
GitTables_2063_dbpedia,8,http://dbpedia.org/ontology/wikiPageID
GitTables_2063_dbpedia,7,http://dbpedia.org/ontology/wikiPageLength
GitTables_2065_dbpedia,4,http://dbpedia.org/ontology/wikiPageRevisionID
GitTables_2071_dbpedia,8,http://dbpedia.org/property/founded
GitTables_2072_dbpedia,9,http://dbpedia.org/ontology/ecNumber
GitTables_2077_dbpedia,9,http://dbpedia.org/property/iubmbEcNumber
GitTables_2080_dbpedia,9,http://dbpedia.org/property/term
GitTables_2083_dbpedia,19,http://dbpedia.org/ontology/wikiPageRevisionID
GitTables_2083_dbpedia,4,http://dbpedia.org/ontology/wikiPageRevisionID
GitTables_2083_dbpedia,8,http://dbpedia.org/ontology/wikiPageRevisionID
GitTables_2088_dbpedia,0,http://dbpedia.org/ontology/wikiPageID
GitTables_2088_dbpedia,3,http://dbpedia.org/ontology/wikiPageID
GitTables_2088_dbpedia,7,http://dbpedia.org/ontology/wikiPageLength
GitTables_2092_dbpedia,9,http://dbpedia.org/ontology/wikiPageLength
GitTables_2093_dbpedia,9,http://dbpedia.org/property/width
GitTables_2094_dbpedia,9,http://dbpedia.org/ontology/runtime
GitTables_2108_dbpedia,0,http://dbpedia.org/ontology/wikiPageLength
GitTables_2108_dbpedia,3,http://dbpedia.org/ontology/wikiPageLength
GitTables_2108_dbpedia,7,http://dbpedia.org/ontology/wikiPageLength
GitTables_2114_dbpedia,19,http://dbpedia.org/ontology/wikiPageID
GitTables_2114_dbpedia,4,http://dbpedia.org/ontology/wikiPageID
GitTables_2114_dbpedia,8,http://dbpedia.org/ontology/wikiPageID
GitTables_2124_dbpedia,19,http://dbpedia.org/ontology/wikiPageID
GitTables_2124_dbpedia,4,http://dbpedia.org/ontology/wikiPageID
GitTables_2124_dbpedia,8,http://dbpedia.org/ontology/wikiPageID
GitTables_2125_dbpedia,8,http://dbpedia.org/ontology/wikiPageLength
GitTables_2132_dbpedia,9,http://dbpedia.org/ontology/wikiPageID
GitTables_2137_dbpedia,9,http://dbpedia.org/ontology/Work/runtime
GitTables_2141_dbpedia,9,http://dbpedia.org/property/date
GitTables_2148_dbpedia,19,http://dbpedia.org/ontology/wikiPageLength
GitTables_2148_dbpedia,4,http://dbpedia.org/ontology/wikiPageLength
GitTables_2148_dbpedia,8,http://dbpedia.org/ontology/wikiPageLength
GitTables_2149_dbpedia,19,http://dbpedia.org/ontology/wikiPageRevisionID
GitTables_2149_dbpedia,4,http://dbpedia.org/ontology/wikiPageRevisionID
GitTables_2149_dbpedia,8,http://dbpedia.org/ontology/wikiPageRevisionID
GitTables_2158_dbpedia,0,http://dbpedia.org/ontology/postalCode
GitTables_2158_dbpedia,2,http://dbpedia.org/ontology/motto
GitTables_2171_dbpedia,1,http://dbpedia.org/ontology/postalCode
GitTables_2171_dbpedia,5,http://dbpedia.org/ontology/utcOffset
GitTables_2172_dbpedia,9,http://dbpedia.org/ontology/date
GitTables_2179_dbpedia,9,http://dbpedia.org/property/ecNumber
GitTables_2189_dbpedia,19,http://dbpedia.org/ontology/wikiPageID
GitTables_2189_dbpedia,4,http://dbpedia.org/ontology/wikiPageID
GitTables_2189_dbpedia,8,http://dbpedia.org/ontology/wikiPageID
GitTables_2189_dbpedia,7,http://dbpedia.org/ontology/wikiPageLength
GitTables_2193_dbpedia,19,http://dbpedia.org/ontology/wikiPageLength
GitTables_2193_dbpedia,4,http://dbpedia.org/ontology/wikiPageLength
GitTables_2193_dbpedia,8,http://dbpedia.org/ontology/wikiPageLength
GitTables_2193_dbpedia,7,http://dbpedia.org/ontology/synonym
GitTables_2194_dbpedia,9,http://dbpedia.org/property/strength
GitTables_2195_dbpedia,9,http://dbpedia.org/property/numEmployees
GitTables_2197_dbpedia,19,http://dbpedia.org/ontology/wikiPageRevisionID
GitTables_2197_dbpedia,4,http://dbpedia.org/ontology/wikiPageRevisionID
GitTables_2197_dbpedia,8,http://dbpedia.org/ontology/wikiPageRevisionID
GitTables_2199_dbpedia,9,http://dbpedia.org/property/cruiseSpeedKmh
GitTables_2204_dbpedia,9,http://dbpedia.org/property/imageSize
GitTables_2206_dbpedia,19,http://dbpedia.org/ontology/wikiPageLength
GitTables_2206_dbpedia,4,http://dbpedia.org/ontology/wikiPageLength
GitTables_2206_dbpedia,8,http://dbpedia.org/ontology/wikiPageLength
GitTables_2212_dbpedia,4,http://dbpedia.org/ontology/wikiPageLength
GitTables_2213_dbpedia,1,http://dbpedia.org/ontology/Work/runtime
GitTables_2219_dbpedia,8,http://dbpedia.org/property/ft
GitTables_2221_dbpedia,9,http://dbpedia.org/property/ft
GitTables_2222_dbpedia,9,http://dbpedia.org/ontology/runtime
GitTables_2225_dbpedia,14,http://dbpedia.org/ontology/minimumElevation
GitTables_2227_dbpedia,11,http://dbpedia.org/ontology/cylinderBore
GitTables_2228_dbpedia,9,http://dbpedia.org/ontology/numberOfEmployees
GitTables_2229_dbpedia,1,http://dbpedia.org/ontology/identificationSymbol
GitTables_2230_dbpedia,0,http://dbpedia.org/property/divisor
GitTables_2231_dbpedia,14,http://dbpedia.org/property/number
GitTables_2231_dbpedia,15,http://dbpedia.org/property/number
GitTables_2232_dbpedia,0,http://dbpedia.org/property/width
GitTables_2232_dbpedia,2,http://dbpedia.org/ontology/registry
GitTables_2233_dbpedia,9,http://dbpedia.org/ontology/wikiPageID
GitTables_2234_dbpedia,0,http://dbpedia.org/ontology/wikiPageLength
GitTables_2234_dbpedia,3,http://dbpedia.org/ontology/firstAppearance
GitTables_2234_dbpedia,7,http://dbpedia.org/ontology/wikiPageRevisionID
GitTables_2235_dbpedia,8,http://dbpedia.org/ontology/runtime
GitTables_2242_dbpedia,1,http://dbpedia.org/ontology/currencyCode
GitTables_2243_dbpedia,1,http://dbpedia.org/ontology/militaryUnitSize
GitTables_2248_dbpedia,9,http://dbpedia.org/property/logoSize
GitTables_2252_dbpedia,19,http://dbpedia.org/ontology/wikiPageLength
GitTables_2252_dbpedia,4,http://dbpedia.org/ontology/wikiPageLength
GitTables_2252_dbpedia,8,http://dbpedia.org/ontology/wikiPageLength
GitTables_2259_dbpedia,9,http://dbpedia.org/ontology/wikiPageRevisionID
GitTables_2264_dbpedia,5,http://dbpedia.org/ontology/PopulatedPlace/areaTotal
GitTables_2264_dbpedia,14,http://dbpedia.org/property/postalCode
GitTables_2266_dbpedia,19,http://dbpedia.org/ontology/wikiPageID
GitTables_2266_dbpedia,4,http://dbpedia.org/ontology/wikiPageID
GitTables_2266_dbpedia,8,http://dbpedia.org/ontology/wikiPageID
GitTables_2267_dbpedia,9,http://dbpedia.org/ontology/numberOfEmployees
GitTables_2269_dbpedia,9,http://dbpedia.org/ontology/wikiPageRevisionID
GitTables_2273_dbpedia,2,http://dbpedia.org/ontology/wikiPageID
GitTables_2276_dbpedia,19,http://dbpedia.org/property/displayParents
GitTables_2276_dbpedia,4,http://dbpedia.org/property/displayParents
GitTables_2276_dbpedia,8,http://dbpedia.org/property/displayParents
GitTables_2277_dbpedia,19,http://dbpedia.org/ontology/wikiPageID
GitTables_2277_dbpedia,4,http://dbpedia.org/ontology/wikiPageID
GitTables_2277_dbpedia,8,http://dbpedia.org/ontology/wikiPageID
GitTables_2277_dbpedia,7,http://dbpedia.org/ontology/wikiPageLength
GitTables_2278_dbpedia,0,http://dbpedia.org/property/careerNumber
GitTables_2278_dbpedia,3,http://dbpedia.org/ontology/postalCode
GitTables_2278_dbpedia,7,http://dbpedia.org/ontology/wikiPageLength
GitTables_2284_dbpedia,19,http://dbpedia.org/ontology/wikiPageID
GitTables_2284_dbpedia,4,http://dbpedia.org/ontology/wikiPageID
GitTables_2284_dbpedia,8,http://dbpedia.org/ontology/wikiPageID
GitTables_2288_dbpedia,9,http://dbpedia.org/property/length
GitTables_2294_dbpedia,9,http://dbpedia.org/property/imageSize
GitTables_2297_dbpedia,8,http://dbpedia.org/ontology/result
GitTables_2297_dbpedia,9,http://dbpedia.org/ontology/postalCode
GitTables_2298_dbpedia,19,http://dbpedia.org/ontology/wikiPageID
GitTables_2298_dbpedia,4,http://dbpedia.org/ontology/wikiPageID
GitTables_2298_dbpedia,8,http://dbpedia.org/ontology/wikiPageID
GitTables_2298_dbpedia,7,http://dbpedia.org/property/imageSkyline
GitTables_2301_dbpedia,8,http://dbpedia.org/ontology/purpose
GitTables_2303_dbpedia,19,http://dbpedia.org/ontology/wikiPageID
GitTables_2303_dbpedia,4,http://dbpedia.org/ontology/wikiPageID
GitTables_2303_dbpedia,8,http://dbpedia.org/ontology/wikiPageID
GitTables_2318_dbpedia,9,http://dbpedia.org/ontology/wikiPageLength
GitTables_2330_dbpedia,8,http://dbpedia.org/property/strength
GitTables_2335_dbpedia,9,http://dbpedia.org/ontology/runtime
GitTables_2340_dbpedia,9,http://dbpedia.org/property/width
GitTables_2345_dbpedia,19,http://dbpedia.org/ontology/wikiPageLength
GitTables_2345_dbpedia,4,http://dbpedia.org/ontology/wikiPageLength
GitTables_2345_dbpedia,8,http://dbpedia.org/ontology/wikiPageLength
GitTables_2345_dbpedia,7,http://dbpedia.org/ontology/wikiPageLength
GitTables_2347_dbpedia,19,http://dbpedia.org/ontology/wikiPageLength
GitTables_2347_dbpedia,4,http://dbpedia.org/ontology/wikiPageLength
GitTables_2347_dbpedia,8,http://dbpedia.org/ontology/wikiPageLength
GitTables_2347_dbpedia,7,http://dbpedia.org/property/folded
GitTables_2349_dbpedia,19,http://dbpedia.org/ontology/wikiPageRevisionID
GitTables_2349_dbpedia,4,http://dbpedia.org/ontology/wikiPageRevisionID
GitTables_2349_dbpedia,8,http://dbpedia.org/ontology/wikiPageRevisionID
GitTables_2351_dbpedia,19,http://dbpedia.org/ontology/wikiPageRevisionID
GitTables_2351_dbpedia,4,http://dbpedia.org/ontology/wikiPageRevisionID
GitTables_2351_dbpedia,8,http://dbpedia.org/ontology/wikiPageRevisionID
GitTables_2356_dbpedia,9,http://dbpedia.org/ontology/runtime
GitTables_2367_dbpedia,9,http://dbpedia.org/ontology/runtime
GitTables_2368_dbpedia,19,http://dbpedia.org/ontology/wikiPageID
GitTables_2368_dbpedia,4,http://dbpedia.org/ontology/wikiPageID
GitTables_2368_dbpedia,8,http://dbpedia.org/ontology/wikiPageID
GitTables_2372_dbpedia,2,http://dbpedia.org/ontology/wikiPageLength
GitTables_2376_dbpedia,19,http://dbpedia.org/ontology/wikiPageLength
GitTables_2376_dbpedia,4,http://dbpedia.org/ontology/wikiPageLength
GitTables_2376_dbpedia,8,http://dbpedia.org/ontology/wikiPageLength
GitTables_2376_dbpedia,7,http://dbpedia.org/property/emedicinetopic
GitTables_2377_dbpedia,8,http://dbpedia.org/ontology/wikiPageRevisionID
GitTables_2378_dbpedia,19,http://dbpedia.org/ontology/wikiPageLength
GitTables_2378_dbpedia,4,http://dbpedia.org/ontology/wikiPageLength
GitTables_2378_dbpedia,8,http://dbpedia.org/ontology/wikiPageLength
GitTables_2378_dbpedia,7,http://dbpedia.org/ontology/wikiPageLength
GitTables_2386_dbpedia,4,http://dbpedia.org/property/impact
GitTables_2389_dbpedia,8,http://dbpedia.org/ontology/result
GitTables_2389_dbpedia,9,http://dbpedia.org/ontology/postalCode
GitTables_2390_dbpedia,9,http://dbpedia.org/property/no
GitTables_2393_dbpedia,9,http://dbpedia.org/property/seniorTerm
GitTables_2396_dbpedia,0,http://dbpedia.org/ontology/postalCode
GitTables_2396_dbpedia,2,http://dbpedia.org/ontology/motto
GitTables_2401_dbpedia,9,http://dbpedia.org/ontology/wikiPageID
GitTables_2407_dbpedia,9,http://dbpedia.org/ontology/wikiPageID
GitTables_2410_dbpedia,19,http://dbpedia.org/ontology/wikiPageLength
GitTables_2410_dbpedia,4,http://dbpedia.org/ontology/wikiPageLength
GitTables_2410_dbpedia,8,http://dbpedia.org/ontology/wikiPageLength
GitTables_2411_dbpedia,9,http://dbpedia.org/property/produced
GitTables_2415_dbpedia,9,http://dbpedia.org/property/imageSize
GitTables_2419_dbpedia,9,http://dbpedia.org/ontology/Work/runtime
GitTables_2420_dbpedia,1,http://dbpedia.org/ontology/currencyCode
GitTables_2421_dbpedia,9,http://dbpedia.org/ontology/wikiPageID
GitTables_2424_dbpedia,19,http://dbpedia.org/ontology/wikiPageRevisionID
GitTables_2424_dbpedia,4,http://dbpedia.org/ontology/wikiPageRevisionID
GitTables_2424_dbpedia,8,http://dbpedia.org/ontology/wikiPageRevisionID
GitTables_2425_dbpedia,3,http://dbpedia.org/property/sensor
GitTables_2428_dbpedia,1,http://dbpedia.org/property/score
GitTables_2430_dbpedia,0,http://dbpedia.org/ontology/wikiPageRevisionID
GitTables_2432_dbpedia,9,http://dbpedia.org/ontology/foundingYear
GitTables_2438_dbpedia,9,http://dbpedia.org/ontology/Work/runtime
GitTables_2439_dbpedia,9,http://dbpedia.org/property/goCode
GitTables_2451_dbpedia,19,http://dbpedia.org/property/subdivision
GitTables_2451_dbpedia,4,http://dbpedia.org/property/subdivision
GitTables_2451_dbpedia,8,http://dbpedia.org/property/subdivision
GitTables_2456_dbpedia,19,http://dbpedia.org/ontology/wikiPageID
GitTables_2456_dbpedia,4,http://dbpedia.org/ontology/wikiPageID
GitTables_2456_dbpedia,8,http://dbpedia.org/ontology/wikiPageID
GitTables_2459_dbpedia,2,http://dbpedia.org/ontology/synonym
GitTables_2459_dbpedia,19,http://dbpedia.org/ontology/wikiPageID
GitTables_2459_dbpedia,4,http://dbpedia.org/ontology/wikiPageID
GitTables_2459_dbpedia,8,http://dbpedia.org/ontology/wikiPageID
GitTables_2460_dbpedia,41,http://dbpedia.org/property/gdpNominalPerCapitaRank
GitTables_2460_dbpedia,21,http://dbpedia.org/ontology/strength
GitTables_2463_dbpedia,9,http://dbpedia.org/property/width
GitTables_2468_dbpedia,0,http://dbpedia.org/ontology/wikiPageRevisionID
GitTables_2471_dbpedia,9,http://dbpedia.org/ontology/wikiPageID
GitTables_2472_dbpedia,9,http://dbpedia.org/property/in
GitTables_2474_dbpedia,9,http://dbpedia.org/ontology/wikiPageLength
GitTables_2475_dbpedia,9,http://dbpedia.org/ontology/runtime
GitTables_2479_dbpedia,19,http://dbpedia.org/property/populationCensus
GitTables_2479_dbpedia,4,http://dbpedia.org/property/populationCensus
GitTables_2479_dbpedia,8,http://dbpedia.org/property/populationCensus
GitTables_2479_dbpedia,7,http://dbpedia.org/property/giniYear
GitTables_2483_dbpedia,1,http://dbpedia.org/ontology/postalCode
GitTables_2483_dbpedia,4,http://dbpedia.org/ontology/utcOffset
GitTables_2485_dbpedia,2,http://dbpedia.org/ontology/synonym
GitTables_2485_dbpedia,19,http://dbpedia.org/ontology/wikiPageLength
GitTables_2485_dbpedia,4,http://dbpedia.org/ontology/wikiPageLength
GitTables_2485_dbpedia,8,http://dbpedia.org/ontology/wikiPageLength
GitTables_2485_dbpedia,7,http://dbpedia.org/ontology/wikiPageLength
GitTables_2486_dbpedia,9,http://dbpedia.org/property/length
GitTables_2489_dbpedia,8,http://dbpedia.org/ontology/Work/runtime
GitTables_2496_dbpedia,19,http://dbpedia.org/ontology/synonym
GitTables_2496_dbpedia,4,http://dbpedia.org/ontology/synonym
GitTables_2496_dbpedia,8,http://dbpedia.org/ontology/synonym
GitTables_2496_dbpedia,7,http://dbpedia.org/ontology/synonym
GitTables_2498_dbpedia,10,http://dbpedia.org/property/divisor
GitTables_2503_dbpedia,19,http://dbpedia.org/property/displayParents
GitTables_2503_dbpedia,4,http://dbpedia.org/property/displayParents
GitTables_2503_dbpedia,8,http://dbpedia.org/property/displayParents
GitTables_2504_dbpedia,9,http://dbpedia.org/property/casualties
GitTables_2511_dbpedia,19,http://dbpedia.org/ontology/wikiPageID
GitTables_2511_dbpedia,4,http://dbpedia.org/ontology/wikiPageID
GitTables_2511_dbpedia,8,http://dbpedia.org/ontology/wikiPageID
GitTables_2521_dbpedia,2,http://dbpedia.org/ontology/wikiPageID
GitTables_2531_dbpedia,9,http://dbpedia.org/ontology/foundingYear
GitTables_2532_dbpedia,9,http://dbpedia.org/property/numEmployees
GitTables_2533_dbpedia,0,http://dbpedia.org/property/number
GitTables_2533_dbpedia,20,http://dbpedia.org/property/number
GitTables_2535_dbpedia,9,http://dbpedia.org/property/scop
GitTables_2539_dbpedia,19,http://dbpedia.org/ontology/wikiPageRevisionID
GitTables_2539_dbpedia,4,http://dbpedia.org/ontology/wikiPageRevisionID
GitTables_2539_dbpedia,8,http://dbpedia.org/ontology/wikiPageRevisionID
GitTables_2539_dbpedia,7,http://dbpedia.org/ontology/wikiPageLength
GitTables_2541_dbpedia,9,http://dbpedia.org/ontology/Work/runtime
GitTables_2542_dbpedia,19,http://dbpedia.org/ontology/wikiPageLength
GitTables_2542_dbpedia,4,http://dbpedia.org/ontology/wikiPageLength
GitTables_2542_dbpedia,8,http://dbpedia.org/ontology/wikiPageLength
GitTables_2542_dbpedia,7,http://dbpedia.org/property/foaled
GitTables_2543_dbpedia,19,http://dbpedia.org/ontology/areaCode
GitTables_2543_dbpedia,4,http://dbpedia.org/ontology/areaCode
GitTables_2543_dbpedia,8,http://dbpedia.org/ontology/areaCode
GitTables_2543_dbpedia,7,http://dbpedia.org/ontology/areaCode
GitTables_2551_dbpedia,19,http://dbpedia.org/ontology/utcOffset
GitTables_2551_dbpedia,4,http://dbpedia.org/ontology/utcOffset
GitTables_2551_dbpedia,8,http://dbpedia.org/ontology/utcOffset
GitTables_2551_dbpedia,7,http://dbpedia.org/ontology/postalCode
GitTables_2554_dbpedia,9,http://dbpedia.org/property/date
GitTables_2555_dbpedia,9,http://dbpedia.org/property/commander
GitTables_2556_dbpedia,19,http://dbpedia.org/ontology/foundingYear
GitTables_2556_dbpedia,4,http://dbpedia.org/ontology/foundingYear
GitTables_2556_dbpedia,8,http://dbpedia.org/ontology/foundingYear
GitTables_2556_dbpedia,7,http://dbpedia.org/ontology/foundingYear
GitTables_2557_dbpedia,19,http://dbpedia.org/ontology/wikiPageLength
GitTables_2557_dbpedia,4,http://dbpedia.org/ontology/wikiPageLength
GitTables_2557_dbpedia,8,http://dbpedia.org/ontology/wikiPageLength
GitTables_2560_dbpedia,9,http://dbpedia.org/property/date
GitTables_2567_dbpedia,9,http://dbpedia.org/ontology/wikiPageRevisionID
GitTables_2569_dbpedia,14,http://dbpedia.org/ontology/minimumElevation
GitTables_2570_dbpedia,9,http://dbpedia.org/property/date
GitTables_2572_dbpedia,0,http://dbpedia.org/ontology/icaoLocationIdentifier
GitTables_2573_dbpedia,1,http://dbpedia.org/ontology/identificationSymbol
GitTables_2574_dbpedia,19,http://dbpedia.org/ontology/wikiPageRevisionID
GitTables_2574_dbpedia,4,http://dbpedia.org/ontology/wikiPageRevisionID
GitTables_2574_dbpedia,8,http://dbpedia.org/ontology/wikiPageRevisionID
GitTables_2574_dbpedia,7,http://dbpedia.org/property/yearsActive
GitTables_2575_dbpedia,5,http://dbpedia.org/ontology/utcOffset
GitTables_2582_dbpedia,9,http://dbpedia.org/ontology/date
GitTables_2583_dbpedia,19,http://dbpedia.org/property/imageWidth
GitTables_2583_dbpedia,4,http://dbpedia.org/property/imageWidth
GitTables_2583_dbpedia,8,http://dbpedia.org/property/imageWidth
GitTables_2583_dbpedia,7,http://dbpedia.org/ontology/synonym
GitTables_2589_dbpedia,4,http://dbpedia.org/ontology/utcOffset
GitTables_2594_dbpedia,19,http://dbpedia.org/ontology/wikiPageLength
GitTables_2594_dbpedia,4,http://dbpedia.org/ontology/wikiPageLength
GitTables_2594_dbpedia,8,http://dbpedia.org/ontology/wikiPageLength
GitTables_2594_dbpedia,7,http://dbpedia.org/ontology/synonym
GitTables_2599_dbpedia,9,http://dbpedia.org/ontology/numberOfEmployees
GitTables_2602_dbpedia,9,http://dbpedia.org/property/scop
GitTables_2605_dbpedia,2,http://dbpedia.org/ontology/wikiPageID
GitTables_2609_dbpedia,19,http://dbpedia.org/ontology/wikiPageRevisionID
GitTables_2609_dbpedia,4,http://dbpedia.org/ontology/wikiPageRevisionID
GitTables_2609_dbpedia,8,http://dbpedia.org/ontology/wikiPageRevisionID
GitTables_2610_dbpedia,19,http://dbpedia.org/ontology/wikiPageLength
GitTables_2610_dbpedia,4,http://dbpedia.org/ontology/wikiPageLength
GitTables_2610_dbpedia,8,http://dbpedia.org/ontology/wikiPageLength
GitTables_2612_dbpedia,13,http://dbpedia.org/ontology/wikiPageID
GitTables_2612_dbpedia,1,http://dbpedia.org/ontology/maidenFlight
GitTables_2616_dbpedia,5,http://dbpedia.org/ontology/wikiPageID
GitTables_2628_dbpedia,19,http://dbpedia.org/property/displayParents
GitTables_2628_dbpedia,4,http://dbpedia.org/property/displayParents
GitTables_2628_dbpedia,8,http://dbpedia.org/property/displayParents
GitTables_2632_dbpedia,9,http://dbpedia.org/ontology/wikiPageID
GitTables_2635_dbpedia,9,http://dbpedia.org/property/in
GitTables_2637_dbpedia,19,http://dbpedia.org/ontology/wikiPageLength
GitTables_2637_dbpedia,4,http://dbpedia.org/ontology/wikiPageLength
GitTables_2637_dbpedia,8,http://dbpedia.org/ontology/wikiPageLength
GitTables_2643_dbpedia,19,http://dbpedia.org/ontology/wikiPageID
GitTables_2643_dbpedia,4,http://dbpedia.org/ontology/wikiPageID
GitTables_2643_dbpedia,8,http://dbpedia.org/ontology/wikiPageID
GitTables_2649_dbpedia,9,http://dbpedia.org/property/imageSize
GitTables_2652_dbpedia,9,http://dbpedia.org/property/lengthRound
GitTables_2653_dbpedia,19,http://dbpedia.org/ontology/wikiPageLength
GitTables_2653_dbpedia,4,http://dbpedia.org/ontology/wikiPageLength
GitTables_2653_dbpedia,8,http://dbpedia.org/ontology/wikiPageLength
GitTables_2654_dbpedia,19,http://dbpedia.org/property/cfldraftedround
GitTables_2654_dbpedia,4,http://dbpedia.org/property/cfldraftedround
GitTables_2654_dbpedia,8,http://dbpedia.org/property/cfldraftedround
GitTables_2654_dbpedia,7,http://dbpedia.org/property/statsend
GitTables_2657_dbpedia,19,http://dbpedia.org/ontology/wikiPageLength
GitTables_2657_dbpedia,4,http://dbpedia.org/ontology/wikiPageLength
GitTables_2657_dbpedia,8,http://dbpedia.org/ontology/wikiPageLength
GitTables_2657_dbpedia,7,http://dbpedia.org/property/area
GitTables_2658_dbpedia,19,http://dbpedia.org/ontology/wikiPageRevisionID
GitTables_2658_dbpedia,4,http://dbpedia.org/ontology/wikiPageRevisionID
GitTables_2658_dbpedia,8,http://dbpedia.org/ontology/wikiPageRevisionID
GitTables_2661_dbpedia,9,http://dbpedia.org/ontology/wikiPageRevisionID
GitTables_2663_dbpedia,19,http://dbpedia.org/ontology/wikiPageLength
GitTables_2663_dbpedia,4,http://dbpedia.org/ontology/wikiPageLength
GitTables_2663_dbpedia,8,http://dbpedia.org/ontology/wikiPageLength
GitTables_2664_dbpedia,9,http://dbpedia.org/property/width
GitTables_2668_dbpedia,6,http://dbpedia.org/property/bodyStyle
GitTables_2672_dbpedia,9,http://dbpedia.org/ontology/ecNumber
GitTables_2676_dbpedia,9,http://dbpedia.org/ontology/wikiPageRevisionID
GitTables_2679_dbpedia,9,http://dbpedia.org/ontology/wikiPageRevisionID
GitTables_2684_dbpedia,2,http://dbpedia.org/ontology/wikiPageLength
GitTables_2688_dbpedia,0,http://dbpedia.org/ontology/postalCode
GitTables_2690_dbpedia,19,http://dbpedia.org/ontology/wikiPageLength
GitTables_2690_dbpedia,4,http://dbpedia.org/ontology/wikiPageLength
GitTables_2690_dbpedia,8,http://dbpedia.org/ontology/wikiPageLength
GitTables_2705_dbpedia,19,http://dbpedia.org/ontology/wikiPageID
GitTables_2705_dbpedia,4,http://dbpedia.org/ontology/wikiPageID
GitTables_2705_dbpedia,8,http://dbpedia.org/ontology/wikiPageID
GitTables_2711_dbpedia,19,http://dbpedia.org/ontology/wikiPageRevisionID
GitTables_2711_dbpedia,4,http://dbpedia.org/ontology/wikiPageRevisionID
GitTables_2711_dbpedia,8,http://dbpedia.org/ontology/wikiPageRevisionID
GitTables_2711_dbpedia,7,http://dbpedia.org/property/inCommissionRange
GitTables_2716_dbpedia,19,http://dbpedia.org/ontology/wikiPageLength
GitTables_2716_dbpedia,4,http://dbpedia.org/ontology/wikiPageLength
GitTables_2716_dbpedia,8,http://dbpedia.org/ontology/wikiPageLength
GitTables_2719_dbpedia,19,http://dbpedia.org/ontology/wikiPageLength
GitTables_2719_dbpedia,4,http://dbpedia.org/ontology/wikiPageLength
GitTables_2719_dbpedia,8,http://dbpedia.org/ontology/wikiPageLength
GitTables_2719_dbpedia,7,http://dbpedia.org/property/foundation
GitTables_2721_dbpedia,9,http://dbpedia.org/property/commander
GitTables_2731_dbpedia,1,http://dbpedia.org/ontology/currencyCode
GitTables_2733_dbpedia,1,http://dbpedia.org/ontology/meaning
GitTables_2733_dbpedia,0,http://dbpedia.org/ontology/meaning
GitTables_2733_dbpedia,5,http://dbpedia.org/property/blankInfo
GitTables_2733_dbpedia,3,http://dbpedia.org/property/replaced
GitTables_2746_dbpedia,5,http://dbpedia.org/ontology/utcOffset
GitTables_2749_dbpedia,1,http://dbpedia.org/ontology/wikiPageRevisionID
GitTables_2752_dbpedia,19,http://dbpedia.org/ontology/wikiPageID
GitTables_2752_dbpedia,4,http://dbpedia.org/ontology/wikiPageID
GitTables_2752_dbpedia,8,http://dbpedia.org/ontology/wikiPageID
GitTables_2752_dbpedia,7,http://dbpedia.org/ontology/wikiPageLength
GitTables_2758_dbpedia,9,http://dbpedia.org/property/width
GitTables_2759_dbpedia,9,http://dbpedia.org/ontology/wikiPageRevisionID
GitTables_2761_dbpedia,4,http://dbpedia.org/ontology/motto
GitTables_2761_dbpedia,1,http://dbpedia.org/ontology/Work/runtime
GitTables_2764_dbpedia,9,http://dbpedia.org/ontology/wikiPageID
GitTables_2768_dbpedia,19,http://dbpedia.org/ontology/isoCodeRegion
GitTables_2768_dbpedia,4,http://dbpedia.org/ontology/isoCodeRegion
GitTables_2768_dbpedia,8,http://dbpedia.org/ontology/isoCodeRegion
GitTables_2768_dbpedia,7,http://dbpedia.org/ontology/areaCode
GitTables_2769_dbpedia,9,http://dbpedia.org/property/time
GitTables_2773_dbpedia,9,http://dbpedia.org/property/areaKm
GitTables_2780_dbpedia,1,http://dbpedia.org/ontology/motto
GitTables_2780_dbpedia,4,http://dbpedia.org/ontology/utcOffset
GitTables_2780_dbpedia,6,http://dbpedia.org/ontology/purpose
GitTables_2781_dbpedia,9,http://dbpedia.org/property/areaKm
GitTables_2787_dbpedia,19,http://dbpedia.org/ontology/wikiPageID
GitTables_2787_dbpedia,4,http://dbpedia.org/ontology/wikiPageID
GitTables_2787_dbpedia,8,http://dbpedia.org/ontology/wikiPageID
GitTables_2789_dbpedia,9,http://dbpedia.org/property/begins
GitTables_2794_dbpedia,19,http://dbpedia.org/ontology/wikiPageID
GitTables_2794_dbpedia,4,http://dbpedia.org/ontology/wikiPageID
GitTables_2794_dbpedia,8,http://dbpedia.org/ontology/wikiPageID
GitTables_2796_dbpedia,19,http://dbpedia.org/ontology/synonym
GitTables_2796_dbpedia,4,http://dbpedia.org/ontology/synonym
GitTables_2796_dbpedia,8,http://dbpedia.org/ontology/synonym
GitTables_2796_dbpedia,7,http://dbpedia.org/ontology/synonym
GitTables_2797_dbpedia,9,http://dbpedia.org/property/logoSize
GitTables_2798_dbpedia,19,http://dbpedia.org/ontology/wikiPageID
GitTables_2798_dbpedia,4,http://dbpedia.org/ontology/wikiPageID
GitTables_2798_dbpedia,8,http://dbpedia.org/ontology/wikiPageID
GitTables_2800_dbpedia,1,http://dbpedia.org/ontology/abbreviation
GitTables_2801_dbpedia,2,http://dbpedia.org/ontology/wikiPageID
GitTables_2803_dbpedia,19,http://dbpedia.org/ontology/wikiPageLength
GitTables_2803_dbpedia,4,http://dbpedia.org/ontology/wikiPageLength
GitTables_2803_dbpedia,8,http://dbpedia.org/ontology/wikiPageLength
GitTables_2805_dbpedia,0,http://dbpedia.org/ontology/wikiPageLength
GitTables_2805_dbpedia,3,http://dbpedia.org/ontology/motto
GitTables_2805_dbpedia,7,http://dbpedia.org/ontology/wikiPageLength
GitTables_2806_dbpedia,19,http://dbpedia.org/property/imageWidth
GitTables_2806_dbpedia,4,http://dbpedia.org/property/imageWidth
GitTables_2806_dbpedia,8,http://dbpedia.org/property/imageWidth
GitTables_2806_dbpedia,7,http://dbpedia.org/ontology/wikiPageLength
GitTables_2811_dbpedia,19,http://dbpedia.org/property/imageCaption
GitTables_2811_dbpedia,4,http://dbpedia.org/property/imageCaption
GitTables_2811_dbpedia,8,http://dbpedia.org/property/imageCaption
GitTables_2819_dbpedia,19,http://dbpedia.org/property/displayParents
GitTables_2819_dbpedia,4,http://dbpedia.org/property/displayParents
GitTables_2819_dbpedia,8,http://dbpedia.org/property/displayParents
GitTables_2819_dbpedia,7,http://dbpedia.org/ontology/wikiPageLength
GitTables_2825_dbpedia,1,http://dbpedia.org/ontology/signature
GitTables_2828_dbpedia,14,http://dbpedia.org/ontology/latestReleaseVersion
GitTables_2831_dbpedia,19,http://dbpedia.org/ontology/wikiPageLength
GitTables_2831_dbpedia,4,http://dbpedia.org/ontology/wikiPageLength
GitTables_2831_dbpedia,8,http://dbpedia.org/ontology/wikiPageLength
GitTables_2845_dbpedia,19,http://dbpedia.org/ontology/wikiPageRevisionID
GitTables_2845_dbpedia,4,http://dbpedia.org/ontology/wikiPageRevisionID
GitTables_2845_dbpedia,8,http://dbpedia.org/ontology/wikiPageRevisionID
GitTables_2845_dbpedia,7,http://dbpedia.org/ontology/wikiPageLength
GitTables_2848_dbpedia,9,http://dbpedia.org/property/width
GitTables_2850_dbpedia,19,http://dbpedia.org/ontology/wikiPageRevisionID
GitTables_2850_dbpedia,4,http://dbpedia.org/ontology/wikiPageRevisionID
GitTables_2850_dbpedia,8,http://dbpedia.org/ontology/wikiPageRevisionID
GitTables_2853_dbpedia,19,http://dbpedia.org/ontology/wikiPageRevisionID
GitTables_2853_dbpedia,4,http://dbpedia.org/ontology/wikiPageRevisionID
GitTables_2853_dbpedia,8,http://dbpedia.org/ontology/wikiPageRevisionID
GitTables_2853_dbpedia,7,http://dbpedia.org/ontology/synonym
GitTables_2861_dbpedia,19,http://dbpedia.org/ontology/wikiPageLength
GitTables_2861_dbpedia,4,http://dbpedia.org/ontology/wikiPageLength
GitTables_2861_dbpedia,8,http://dbpedia.org/ontology/wikiPageLength
GitTables_2862_dbpedia,1,http://dbpedia.org/ontology/identificationSymbol
GitTables_2865_dbpedia,19,http://dbpedia.org/ontology/wikiPageLength
GitTables_2865_dbpedia,4,http://dbpedia.org/ontology/wikiPageLength
GitTables_2865_dbpedia,8,http://dbpedia.org/ontology/wikiPageLength
GitTables_2865_dbpedia,7,http://dbpedia.org/ontology/synonym
GitTables_2867_dbpedia,0,http://dbpedia.org/ontology/wikiPageLength
GitTables_2867_dbpedia,3,http://dbpedia.org/ontology/wikiPageLength
GitTables_2867_dbpedia,7,http://dbpedia.org/ontology/wikiPageID
GitTables_2874_dbpedia,9,http://dbpedia.org/ontology/numberOfEmployees
GitTables_2875_dbpedia,19,http://dbpedia.org/ontology/wikiPageID
GitTables_2875_dbpedia,4,http://dbpedia.org/ontology/wikiPageID
GitTables_2875_dbpedia,8,http://dbpedia.org/ontology/wikiPageID
GitTables_2875_dbpedia,7,http://dbpedia.org/property/founded
GitTables_2876_dbpedia,19,http://dbpedia.org/ontology/wikiPageID
GitTables_2876_dbpedia,4,http://dbpedia.org/ontology/wikiPageID
GitTables_2876_dbpedia,8,http://dbpedia.org/ontology/wikiPageID
GitTables_2878_dbpedia,9,http://dbpedia.org/property/ft
GitTables_2880_dbpedia,9,http://dbpedia.org/property/date
GitTables_2891_dbpedia,19,http://dbpedia.org/ontology/wikiPageID
GitTables_2891_dbpedia,4,http://dbpedia.org/ontology/wikiPageID
GitTables_2891_dbpedia,8,http://dbpedia.org/ontology/wikiPageID
GitTables_2897_dbpedia,19,http://dbpedia.org/ontology/wikiPageLength
GitTables_2897_dbpedia,4,http://dbpedia.org/ontology/wikiPageLength
GitTables_2897_dbpedia,8,http://dbpedia.org/ontology/wikiPageLength
GitTables_2899_dbpedia,9,http://dbpedia.org/property/founded
GitTables_2902_dbpedia,2,http://dbpedia.org/property/totalWidth
GitTables_2902_dbpedia,0,http://dbpedia.org/property/logoSize
GitTables_2903_dbpedia,9,http://dbpedia.org/property/feed
GitTables_2907_dbpedia,9,http://dbpedia.org/property/casualties
GitTables_2909_dbpedia,0,http://dbpedia.org/ontology/wikiPageLength
GitTables_2909_dbpedia,7,http://dbpedia.org/property/numberBuilt
GitTables_2912_dbpedia,19,http://dbpedia.org/ontology/wikiPageRevisionID
GitTables_2912_dbpedia,4,http://dbpedia.org/ontology/wikiPageRevisionID
GitTables_2912_dbpedia,8,http://dbpedia.org/ontology/wikiPageRevisionID
GitTables_2920_dbpedia,19,http://dbpedia.org/ontology/wikiPageID
GitTables_2920_dbpedia,4,http://dbpedia.org/ontology/wikiPageID
GitTables_2920_dbpedia,8,http://dbpedia.org/ontology/wikiPageID
GitTables_2928_dbpedia,0,http://dbpedia.org/ontology/wikiPageRevisionID
GitTables_2933_dbpedia,9,http://dbpedia.org/property/score
GitTables_2937_dbpedia,9,http://dbpedia.org/ontology/Work/runtime
GitTables_2941_dbpedia,19,http://dbpedia.org/ontology/wikiPageLength
GitTables_2941_dbpedia,4,http://dbpedia.org/ontology/wikiPageLength
GitTables_2941_dbpedia,8,http://dbpedia.org/ontology/wikiPageLength
GitTables_2941_dbpedia,7,http://dbpedia.org/ontology/wikiPageLength
GitTables_2945_dbpedia,1,http://dbpedia.org/ontology/motto
GitTables_2945_dbpedia,4,http://dbpedia.org/ontology/utcOffset
GitTables_2947_dbpedia,9,http://dbpedia.org/ontology/numberOfEmployees
GitTables_2948_dbpedia,13,http://dbpedia.org/ontology/wikiPageID
GitTables_2948_dbpedia,1,http://dbpedia.org/ontology/PopulatedPlace/area
GitTables_2955_dbpedia,9,http://dbpedia.org/property/founded
GitTables_2956_dbpedia,9,http://dbpedia.org/ontology/wikiPageRevisionID
GitTables_2962_dbpedia,19,http://dbpedia.org/ontology/wikiPageRevisionID
GitTables_2962_dbpedia,4,http://dbpedia.org/ontology/wikiPageRevisionID
GitTables_2962_dbpedia,8,http://dbpedia.org/ontology/wikiPageRevisionID
GitTables_2963_dbpedia,19,http://dbpedia.org/ontology/wikiPageID
GitTables_2963_dbpedia,4,http://dbpedia.org/ontology/wikiPageID
GitTables_2963_dbpedia,8,http://dbpedia.org/ontology/wikiPageID
GitTables_2970_dbpedia,9,http://dbpedia.org/property/imageSize
GitTables_2979_dbpedia,9,http://dbpedia.org/ontology/wikiPageRevisionID
GitTables_2980_dbpedia,9,http://dbpedia.org/ontology/Work/runtime
GitTables_2982_dbpedia,9,http://dbpedia.org/property/goCode
GitTables_2991_dbpedia,9,http://dbpedia.org/ontology/wikiPageLength
GitTables_2993_dbpedia,9,http://dbpedia.org/ontology/wikiPageRevisionID
GitTables_2998_dbpedia,8,http://dbpedia.org/ontology/ecNumber
GitTables_1501_dbpedia,6,http://dbpedia.org/ontology/Person
GitTables_1502_dbpedia,6,http://dbpedia.org/ontology/Person
GitTables_1503_dbpedia,7,http://dbpedia.org/ontology/Year
GitTables_1504_dbpedia,2,http://dbpedia.org/ontology/Company
GitTables_1508_dbpedia,1,http://dbpedia.org/ontology/Software
GitTables_1511_dbpedia,7,http://dbpedia.org/ontology/Year
GitTables_1512_dbpedia,0,http://dbpedia.org/ontology/Organisation
GitTables_1516_dbpedia,2,http://dbpedia.org/ontology/Organisation
GitTables_1517_dbpedia,6,http://dbpedia.org/ontology/Person
GitTables_1518_dbpedia,6,http://dbpedia.org/ontology/Person
GitTables_1524_dbpedia,1,http://dbpedia.org/ontology/Organisation
GitTables_1525_dbpedia,2,http://dbpedia.org/ontology/MusicGenre
GitTables_1527_dbpedia,2,http://dbpedia.org/ontology/Settlement
GitTables_1529_dbpedia,2,http://dbpedia.org/ontology/MusicGenre
GitTables_1531_dbpedia,1,http://dbpedia.org/ontology/Work
GitTables_1533_dbpedia,6,http://dbpedia.org/ontology/Disease
GitTables_1536_dbpedia,2,http://dbpedia.org/ontology/Settlement
GitTables_1537_dbpedia,2,http://dbpedia.org/ontology/Organisation
GitTables_1538_dbpedia,4,http://dbpedia.org/ontology/RadioStation
GitTables_1539_dbpedia,6,http://dbpedia.org/ontology/Organisation
GitTables_1540_dbpedia,0,http://dbpedia.org/ontology/BasketballPlayer
GitTables_1542_dbpedia,1,http://dbpedia.org/ontology/Software
GitTables_1543_dbpedia,1,http://dbpedia.org/ontology/Work
GitTables_1544_dbpedia,2,http://dbpedia.org/ontology/MusicGenre
GitTables_1545_dbpedia,1,http://dbpedia.org/ontology/Work
GitTables_1546_dbpedia,7,http://dbpedia.org/ontology/Year
GitTables_1547_dbpedia,2,http://dbpedia.org/ontology/Organisation
GitTables_1548_dbpedia,1,http://dbpedia.org/ontology/Organisation
GitTables_1550_dbpedia,6,http://dbpedia.org/ontology/Person
GitTables_1551_dbpedia,6,http://dbpedia.org/ontology/Person
GitTables_1553_dbpedia,2,http://dbpedia.org/ontology/Organisation
GitTables_1556_dbpedia,6,http://dbpedia.org/ontology/Person
GitTables_1558_dbpedia,1,http://dbpedia.org/ontology/Organisation
GitTables_1560_dbpedia,7,http://dbpedia.org/ontology/Year
GitTables_1561_dbpedia,1,http://dbpedia.org/ontology/MusicGenre
GitTables_1562_dbpedia,2,http://dbpedia.org/ontology/Organisation
GitTables_1563_dbpedia,1,http://dbpedia.org/ontology/Organisation
GitTables_1566_dbpedia,3,http://dbpedia.org/ontology/MusicGenre
GitTables_1569_dbpedia,2,http://dbpedia.org/ontology/Software
GitTables_1570_dbpedia,2,http://dbpedia.org/ontology/Organisation
GitTables_1573_dbpedia,7,http://dbpedia.org/ontology/Year
GitTables_1574_dbpedia,22,http://dbpedia.org/ontology/Convention
GitTables_1577_dbpedia,6,http://dbpedia.org/ontology/Person
GitTables_1578_dbpedia,6,http://dbpedia.org/ontology/Location
GitTables_1582_dbpedia,6,http://dbpedia.org/ontology/PopulatedPlace
GitTables_1585_dbpedia,7,http://dbpedia.org/ontology/Year
GitTables_1591_dbpedia,22,http://dbpedia.org/ontology/SportsEvent
GitTables_1593_dbpedia,6,http://dbpedia.org/ontology/Place
GitTables_1599_dbpedia,6,http://dbpedia.org/ontology/Place
GitTables_1603_dbpedia,6,http://dbpedia.org/ontology/Place
GitTables_1604_dbpedia,3,http://dbpedia.org/ontology/Organisation
GitTables_1607_dbpedia,17,http://dbpedia.org/ontology/Year
GitTables_1608_dbpedia,2,http://dbpedia.org/ontology/Organisation
GitTables_1610_dbpedia,6,http://dbpedia.org/ontology/Place
GitTables_1611_dbpedia,2,http://dbpedia.org/ontology/Settlement
GitTables_1612_dbpedia,3,http://dbpedia.org/ontology/Organisation
GitTables_1613_dbpedia,7,http://dbpedia.org/ontology/Year
GitTables_1614_dbpedia,1,http://dbpedia.org/ontology/City
GitTables_1617_dbpedia,2,http://dbpedia.org/ontology/MusicalArtist
GitTables_1619_dbpedia,6,http://dbpedia.org/ontology/Person
GitTables_1626_dbpedia,2,http://dbpedia.org/ontology/Organisation
GitTables_1629_dbpedia,2,http://dbpedia.org/ontology/MusicGenre
GitTables_1630_dbpedia,1,http://dbpedia.org/ontology/Organisation
GitTables_1635_dbpedia,1,http://dbpedia.org/ontology/Organisation
GitTables_1636_dbpedia,2,http://dbpedia.org/ontology/Country
GitTables_1637_dbpedia,6,http://dbpedia.org/ontology/Person
GitTables_1639_dbpedia,1,http://dbpedia.org/ontology/Company
GitTables_1640_dbpedia,2,http://dbpedia.org/ontology/Organisation
GitTables_1644_dbpedia,1,http://dbpedia.org/ontology/MusicGenre
GitTables_1648_dbpedia,6,http://dbpedia.org/ontology/Person
GitTables_1649_dbpedia,2,http://dbpedia.org/ontology/Organisation
GitTables_1650_dbpedia,6,http://dbpedia.org/ontology/Person
GitTables_1651_dbpedia,1,http://dbpedia.org/ontology/Software
GitTables_1656_dbpedia,2,http://dbpedia.org/ontology/PopulatedPlace
GitTables_1662_dbpedia,2,http://dbpedia.org/ontology/Settlement
GitTables_1665_dbpedia,1,http://dbpedia.org/ontology/Company
GitTables_1666_dbpedia,1,http://dbpedia.org/ontology/RecordLabel
GitTables_1667_dbpedia,2,http://dbpedia.org/ontology/Work
GitTables_1670_dbpedia,1,http://dbpedia.org/ontology/Organisation
GitTables_1672_dbpedia,2,http://dbpedia.org/ontology/MusicalArtist
GitTables_1673_dbpedia,6,http://dbpedia.org/ontology/Person
GitTables_1678_dbpedia,6,http://dbpedia.org/ontology/Disease
GitTables_1680_dbpedia,2,http://dbpedia.org/ontology/Organisation
GitTables_1681_dbpedia,6,http://dbpedia.org/ontology/Person
GitTables_1683_dbpedia,2,http://dbpedia.org/ontology/Software
GitTables_1685_dbpedia,6,http://dbpedia.org/ontology/Person
GitTables_1686_dbpedia,1,http://dbpedia.org/ontology/Film
GitTables_1688_dbpedia,2,http://dbpedia.org/ontology/Band
GitTables_1689_dbpedia,6,http://dbpedia.org/ontology/Person
GitTables_1693_dbpedia,6,http://dbpedia.org/ontology/Location
GitTables_1694_dbpedia,2,http://dbpedia.org/ontology/Organisation
GitTables_1698_dbpedia,2,http://dbpedia.org/ontology/Organisation
GitTables_1701_dbpedia,1,http://dbpedia.org/ontology/Company
GitTables_1702_dbpedia,22,http://dbpedia.org/ontology/SportsEvent
GitTables_1704_dbpedia,1,http://dbpedia.org/ontology/Organisation
GitTables_1706_dbpedia,2,http://dbpedia.org/ontology/ArchitecturalStructure
GitTables_1709_dbpedia,1,http://dbpedia.org/ontology/Work
GitTables_1710_dbpedia,1,http://dbpedia.org/ontology/Protein
GitTables_1711_dbpedia,6,http://dbpedia.org/ontology/Person
GitTables_1715_dbpedia,6,http://dbpedia.org/ontology/Person
GitTables_1719_dbpedia,0,http://dbpedia.org/ontology/Company
GitTables_1726_dbpedia,2,http://dbpedia.org/ontology/Organisation
GitTables_1730_dbpedia,22,http://dbpedia.org/ontology/Convention
GitTables_1733_dbpedia,8,http://dbpedia.org/ontology/RadioStation
GitTables_1737_dbpedia,7,http://dbpedia.org/ontology/Year
GitTables_1740_dbpedia,6,http://dbpedia.org/ontology/Person
GitTables_1741_dbpedia,7,http://dbpedia.org/ontology/Year
GitTables_1744_dbpedia,1,http://dbpedia.org/ontology/Play
GitTables_1745_dbpedia,6,http://dbpedia.org/ontology/Place
GitTables_1747_dbpedia,5,http://dbpedia.org/ontology/Organisation
GitTables_1748_dbpedia,6,http://dbpedia.org/ontology/Organisation
GitTables_1749_dbpedia,0,http://dbpedia.org/ontology/InformationAppliance
GitTables_1750_dbpedia,6,http://dbpedia.org/ontology/Person
GitTables_1752_dbpedia,22,http://dbpedia.org/ontology/Convention
GitTables_1755_dbpedia,3,http://dbpedia.org/ontology/City
GitTables_1757_dbpedia,6,http://dbpedia.org/ontology/Person
GitTables_1759_dbpedia,6,http://dbpedia.org/ontology/Person
GitTables_1761_dbpedia,2,http://dbpedia.org/ontology/Ship
GitTables_1764_dbpedia,0,http://dbpedia.org/ontology/Company
GitTables_1765_dbpedia,6,http://dbpedia.org/ontology/Organisation
GitTables_1766_dbpedia,2,http://dbpedia.org/ontology/Country
GitTables_1768_dbpedia,8,http://dbpedia.org/ontology/Year
GitTables_1769_dbpedia,2,http://dbpedia.org/ontology/Organisation
GitTables_1770_dbpedia,1,http://dbpedia.org/ontology/Organisation
GitTables_1771_dbpedia,6,http://dbpedia.org/ontology/Person
GitTables_1774_dbpedia,2,http://dbpedia.org/ontology/Software
GitTables_1775_dbpedia,0,http://dbpedia.org/ontology/Software
GitTables_1776_dbpedia,1,http://dbpedia.org/ontology/Organisation
GitTables_1777_dbpedia,2,http://dbpedia.org/ontology/Software
GitTables_1781_dbpedia,2,http://dbpedia.org/ontology/Software
GitTables_1784_dbpedia,0,http://dbpedia.org/ontology/Aircraft
GitTables_1785_dbpedia,2,http://dbpedia.org/ontology/Book
GitTables_1786_dbpedia,7,http://dbpedia.org/ontology/Year
GitTables_1788_dbpedia,6,http://dbpedia.org/ontology/Person
GitTables_1794_dbpedia,2,http://dbpedia.org/ontology/Organisation
GitTables_1799_dbpedia,6,http://dbpedia.org/ontology/Place
GitTables_1800_dbpedia,2,http://dbpedia.org/ontology/Animal
GitTables_1802_dbpedia,6,http://dbpedia.org/ontology/Place
GitTables_1803_dbpedia,6,http://dbpedia.org/ontology/Person
GitTables_1804_dbpedia,6,http://dbpedia.org/ontology/Place
GitTables_1807_dbpedia,1,http://dbpedia.org/ontology/Organisation
GitTables_1808_dbpedia,7,http://dbpedia.org/ontology/Year
GitTables_1809_dbpedia,2,http://dbpedia.org/ontology/Organisation
GitTables_1816_dbpedia,6,http://dbpedia.org/ontology/Place
GitTables_1817_dbpedia,6,http://dbpedia.org/ontology/Person
GitTables_1818_dbpedia,1,http://dbpedia.org/ontology/Organisation
GitTables_1820_dbpedia,0,http://dbpedia.org/ontology/Year
GitTables_1821_dbpedia,1,http://dbpedia.org/ontology/Band
GitTables_1825_dbpedia,7,http://dbpedia.org/ontology/Year
GitTables_1830_dbpedia,7,http://dbpedia.org/ontology/Country
GitTables_1832_dbpedia,7,http://dbpedia.org/ontology/Year
GitTables_1834_dbpedia,1,http://dbpedia.org/ontology/Work
GitTables_1835_dbpedia,3,http://dbpedia.org/ontology/RecordLabel
GitTables_1836_dbpedia,6,http://dbpedia.org/ontology/Person
GitTables_1837_dbpedia,6,http://dbpedia.org/ontology/Location
GitTables_1839_dbpedia,6,http://dbpedia.org/ontology/Person
GitTables_1841_dbpedia,6,http://dbpedia.org/ontology/Person
GitTables_1843_dbpedia,6,http://dbpedia.org/ontology/Person
GitTables_1844_dbpedia,6,http://dbpedia.org/ontology/Place
GitTables_1847_dbpedia,2,http://dbpedia.org/ontology/Organisation
GitTables_1848_dbpedia,2,http://dbpedia.org/ontology/Work
GitTables_1850_dbpedia,6,http://dbpedia.org/ontology/Person
GitTables_1854_dbpedia,1,http://dbpedia.org/ontology/MusicGenre
GitTables_1858_dbpedia,6,http://dbpedia.org/ontology/Place
GitTables_1859_dbpedia,2,http://dbpedia.org/ontology/Software
GitTables_1863_dbpedia,6,http://dbpedia.org/ontology/Person
GitTables_1865_dbpedia,2,http://dbpedia.org/ontology/Organisation
GitTables_1866_dbpedia,6,http://dbpedia.org/ontology/Person
GitTables_1872_dbpedia,2,http://dbpedia.org/ontology/PopulatedPlace
GitTables_1874_dbpedia,1,http://dbpedia.org/ontology/Organisation
GitTables_1875_dbpedia,2,http://dbpedia.org/ontology/Organisation
GitTables_1878_dbpedia,5,http://dbpedia.org/ontology/Organisation
GitTables_1879_dbpedia,2,http://dbpedia.org/ontology/Organisation
GitTables_1881_dbpedia,6,http://dbpedia.org/ontology/Organisation
GitTables_1887_dbpedia,6,http://dbpedia.org/ontology/Person
GitTables_1888_dbpedia,2,http://dbpedia.org/ontology/Country
GitTables_1892_dbpedia,3,http://dbpedia.org/ontology/Organisation
GitTables_1893_dbpedia,1,http://dbpedia.org/ontology/Organisation
GitTables_1894_dbpedia,6,http://dbpedia.org/ontology/Person
GitTables_1895_dbpedia,6,http://dbpedia.org/ontology/Place
GitTables_1898_dbpedia,6,http://dbpedia.org/ontology/Person
GitTables_1903_dbpedia,1,http://dbpedia.org/ontology/Horse
GitTables_1904_dbpedia,7,http://dbpedia.org/ontology/Country
GitTables_1910_dbpedia,1,http://dbpedia.org/ontology/ProgrammingLanguage
GitTables_1913_dbpedia,7,http://dbpedia.org/ontology/Year
GitTables_1915_dbpedia,6,http://dbpedia.org/ontology/Person
GitTables_1916_dbpedia,14,http://dbpedia.org/ontology/Year
GitTables_1918_dbpedia,5,http://dbpedia.org/ontology/MusicalWork
GitTables_1920_dbpedia,6,http://dbpedia.org/ontology/Place
GitTables_1921_dbpedia,7,http://dbpedia.org/ontology/Year
GitTables_1922_dbpedia,1,http://dbpedia.org/ontology/Company
GitTables_1924_dbpedia,22,http://dbpedia.org/ontology/Convention
GitTables_1926_dbpedia,5,http://dbpedia.org/ontology/Election
GitTables_1927_dbpedia,2,http://dbpedia.org/ontology/MusicGenre
GitTables_1928_dbpedia,6,http://dbpedia.org/ontology/Person
GitTables_1929_dbpedia,1,http://dbpedia.org/ontology/Organisation
GitTables_1931_dbpedia,3,http://dbpedia.org/ontology/Organisation
GitTables_1933_dbpedia,6,http://dbpedia.org/ontology/Person
GitTables_1936_dbpedia,6,http://dbpedia.org/ontology/Person
GitTables_1937_dbpedia,6,http://dbpedia.org/ontology/Place
GitTables_1940_dbpedia,3,http://dbpedia.org/ontology/Organisation
GitTables_1942_dbpedia,6,http://dbpedia.org/ontology/Person
GitTables_1943_dbpedia,1,http://dbpedia.org/ontology/Organisation
GitTables_1944_dbpedia,6,http://dbpedia.org/ontology/Person
GitTables_1945_dbpedia,2,http://dbpedia.org/ontology/MusicGenre
GitTables_1946_dbpedia,6,http://dbpedia.org/ontology/Person
GitTables_1947_dbpedia,2,http://dbpedia.org/ontology/Organisation
GitTables_1954_dbpedia,6,http://dbpedia.org/ontology/Person
GitTables_1959_dbpedia,2,http://dbpedia.org/ontology/Organisation
GitTables_1962_dbpedia,6,http://dbpedia.org/ontology/Place
GitTables_1963_dbpedia,1,http://dbpedia.org/ontology/TelevisionStation
GitTables_1964_dbpedia,2,http://dbpedia.org/ontology/Organisation
GitTables_1965_dbpedia,2,http://dbpedia.org/ontology/Organisation
GitTables_1966_dbpedia,1,http://dbpedia.org/ontology/Organisation
GitTables_1968_dbpedia,2,http://dbpedia.org/ontology/Organisation
GitTables_1969_dbpedia,6,http://dbpedia.org/ontology/Person
GitTables_1972_dbpedia,1,http://dbpedia.org/ontology/HockeyTeam
GitTables_1973_dbpedia,2,http://dbpedia.org/ontology/Organisation
GitTables_1974_dbpedia,6,http://dbpedia.org/ontology/Person
GitTables_1976_dbpedia,2,http://dbpedia.org/ontology/Organisation
GitTables_1981_dbpedia,2,http://dbpedia.org/ontology/Company
GitTables_1982_dbpedia,6,http://dbpedia.org/ontology/Person
GitTables_1983_dbpedia,2,http://dbpedia.org/ontology/Organisation
GitTables_1985_dbpedia,2,http://dbpedia.org/ontology/Organisation
GitTables_1989_dbpedia,6,http://dbpedia.org/ontology/Location
GitTables_1990_dbpedia,7,http://dbpedia.org/ontology/Year
GitTables_1994_dbpedia,2,http://dbpedia.org/ontology/Company
GitTables_1995_dbpedia,6,http://dbpedia.org/ontology/Place
GitTables_1998_dbpedia,1,http://dbpedia.org/ontology/Organisation
GitTables_1999_dbpedia,2,http://dbpedia.org/ontology/PersonFunction
GitTables_2002_dbpedia,16,http://dbpedia.org/ontology/Year
GitTables_2003_dbpedia,0,http://dbpedia.org/ontology/SoccerClub
GitTables_2004_dbpedia,3,http://dbpedia.org/ontology/Plant
GitTables_2005_dbpedia,7,http://dbpedia.org/ontology/Year
GitTables_2010_dbpedia,0,http://dbpedia.org/ontology/Settlement
GitTables_2011_dbpedia,3,http://dbpedia.org/ontology/Insect
GitTables_2013_dbpedia,0,http://dbpedia.org/ontology/Year
GitTables_2015_dbpedia,3,http://dbpedia.org/ontology/Fungus
GitTables_2018_dbpedia,2,http://dbpedia.org/ontology/Work
GitTables_2020_dbpedia,0,http://dbpedia.org/ontology/Software
GitTables_2021_dbpedia,0,http://dbpedia.org/ontology/BroadcastNetwork
GitTables_2022_dbpedia,10,http://dbpedia.org/ontology/VideoGame
GitTables_2024_dbpedia,4,http://dbpedia.org/ontology/OfficeHolder
GitTables_2025_dbpedia,3,http://dbpedia.org/ontology/Insect
GitTables_2027_dbpedia,9,http://dbpedia.org/ontology/City
GitTables_2028_dbpedia,8,http://dbpedia.org/ontology/Book
GitTables_2029_dbpedia,3,http://dbpedia.org/ontology/Fungus
GitTables_2035_dbpedia,10,http://dbpedia.org/ontology/SoccerLeague
GitTables_2038_dbpedia,3,http://dbpedia.org/ontology/Fungus
GitTables_2041_dbpedia,8,http://dbpedia.org/ontology/ProtectedArea
GitTables_2043_dbpedia,0,http://dbpedia.org/ontology/Year
GitTables_2044_dbpedia,0,http://dbpedia.org/ontology/Year
GitTables_2048_dbpedia,3,http://dbpedia.org/ontology/OfficeHolder
GitTables_2052_dbpedia,8,http://dbpedia.org/ontology/Software
GitTables_2054_dbpedia,2,http://dbpedia.org/ontology/MusicalArtist
GitTables_2055_dbpedia,0,http://dbpedia.org/ontology/MusicalArtist
GitTables_2056_dbpedia,8,http://dbpedia.org/ontology/Company
GitTables_2058_dbpedia,3,http://dbpedia.org/ontology/Insect
GitTables_2059_dbpedia,0,http://dbpedia.org/ontology/SoccerClub
GitTables_2063_dbpedia,3,http://dbpedia.org/ontology/Plant
GitTables_2064_dbpedia,0,http://dbpedia.org/ontology/TelevisionShow
GitTables_2065_dbpedia,6,http://dbpedia.org/ontology/Year
GitTables_2070_dbpedia,0,http://dbpedia.org/ontology/Work
GitTables_2071_dbpedia,7,http://dbpedia.org/ontology/ProtectedArea
GitTables_2072_dbpedia,8,http://dbpedia.org/ontology/Band
GitTables_2074_dbpedia,5,http://dbpedia.org/ontology/FictionalCharacter
GitTables_2077_dbpedia,8,http://dbpedia.org/ontology/SoccerClub
GitTables_2079_dbpedia,0,http://dbpedia.org/ontology/Publisher
GitTables_2080_dbpedia,8,http://dbpedia.org/ontology/VideoGame
GitTables_2083_dbpedia,3,http://dbpedia.org/ontology/Plant
GitTables_2084_dbpedia,19,http://dbpedia.org/ontology/Year
GitTables_2088_dbpedia,6,http://dbpedia.org/ontology/Settlement
GitTables_2092_dbpedia,8,http://dbpedia.org/ontology/Book
GitTables_2093_dbpedia,8,http://dbpedia.org/ontology/PoliticalParty
GitTables_2094_dbpedia,8,http://dbpedia.org/ontology/MilitaryConflict
GitTables_2097_dbpedia,0,http://dbpedia.org/ontology/Ship
GitTables_2099_dbpedia,0,http://dbpedia.org/ontology/Organisation
GitTables_2102_dbpedia,0,http://dbpedia.org/ontology/Publisher
GitTables_2103_dbpedia,0,http://dbpedia.org/ontology/Publisher
GitTables_2106_dbpedia,0,http://dbpedia.org/ontology/TelevisionShow
GitTables_2108_dbpedia,6,http://dbpedia.org/ontology/Person
GitTables_2111_dbpedia,1,http://dbpedia.org/ontology/Company
GitTables_2114_dbpedia,3,http://dbpedia.org/ontology/Plant
GitTables_2116_dbpedia,1,http://dbpedia.org/ontology/MusicalArtist
GitTables_2117_dbpedia,1,http://dbpedia.org/ontology/Person
GitTables_2118_dbpedia,10,http://dbpedia.org/ontology/Country
GitTables_2124_dbpedia,3,http://dbpedia.org/ontology/Plant
GitTables_2125_dbpedia,7,http://dbpedia.org/ontology/Software
GitTables_2128_dbpedia,16,http://dbpedia.org/ontology/SoccerClub
GitTables_2132_dbpedia,8,http://dbpedia.org/ontology/Company
GitTables_2133_dbpedia,0,http://dbpedia.org/ontology/Organisation
GitTables_2137_dbpedia,8,http://dbpedia.org/ontology/Software
GitTables_2141_dbpedia,8,http://dbpedia.org/ontology/Building
GitTables_2145_dbpedia,0,http://dbpedia.org/ontology/Year
GitTables_2148_dbpedia,3,http://dbpedia.org/ontology/Fungus
GitTables_2149_dbpedia,3,http://dbpedia.org/ontology/Fungus
GitTables_2151_dbpedia,0,http://dbpedia.org/ontology/Protein
GitTables_2158_dbpedia,3,http://dbpedia.org/ontology/PopulatedPlace
GitTables_2162_dbpedia,0,http://dbpedia.org/ontology/Country
GitTables_2168_dbpedia,0,http://dbpedia.org/ontology/Year
GitTables_2171_dbpedia,0,http://dbpedia.org/ontology/MusicalArtist
GitTables_2172_dbpedia,8,http://dbpedia.org/ontology/MilitaryConflict
GitTables_2179_dbpedia,8,http://dbpedia.org/ontology/MilitaryConflict
GitTables_2186_dbpedia,9,http://dbpedia.org/ontology/Year
GitTables_2189_dbpedia,3,http://dbpedia.org/ontology/Plant
GitTables_2191_dbpedia,7,http://dbpedia.org/ontology/Year
GitTables_2193_dbpedia,3,http://dbpedia.org/ontology/Plant
GitTables_2194_dbpedia,8,http://dbpedia.org/ontology/University
GitTables_2195_dbpedia,8,http://dbpedia.org/ontology/Book
GitTables_2197_dbpedia,3,http://dbpedia.org/ontology/Plant
GitTables_2199_dbpedia,10,http://dbpedia.org/ontology/SoccerLeague
GitTables_2202_dbpedia,0,http://dbpedia.org/ontology/Software
GitTables_2204_dbpedia,8,http://dbpedia.org/ontology/PoliticalParty
GitTables_2205_dbpedia,0,http://dbpedia.org/ontology/BroadcastNetwork
GitTables_2206_dbpedia,3,http://dbpedia.org/ontology/Insect
GitTables_2207_dbpedia,0,http://dbpedia.org/ontology/Album
GitTables_2211_dbpedia,0,http://dbpedia.org/ontology/SoccerClub
GitTables_2212_dbpedia,1,http://dbpedia.org/ontology/Organisation
GitTables_2213_dbpedia,0,http://dbpedia.org/ontology/Person
GitTables_2217_dbpedia,0,http://dbpedia.org/ontology/Artist
GitTables_2219_dbpedia,7,http://dbpedia.org/ontology/TelevisionEpisode
GitTables_2220_dbpedia,2,http://dbpedia.org/ontology/TelevisionShow
GitTables_2221_dbpedia,8,http://dbpedia.org/ontology/Company
GitTables_2222_dbpedia,8,http://dbpedia.org/ontology/SoccerClub
GitTables_2225_dbpedia,2,http://dbpedia.org/ontology/Place
GitTables_2227_dbpedia,0,http://dbpedia.org/ontology/Company
GitTables_2228_dbpedia,8,http://dbpedia.org/ontology/Software
GitTables_2229_dbpedia,0,http://dbpedia.org/ontology/Organisation
GitTables_2230_dbpedia,8,http://dbpedia.org/ontology/Year
GitTables_2231_dbpedia,4,http://dbpedia.org/ontology/Year
GitTables_2232_dbpedia,1,http://dbpedia.org/ontology/Organisation
GitTables_2233_dbpedia,8,http://dbpedia.org/ontology/SoccerClub
GitTables_2234_dbpedia,6,http://dbpedia.org/ontology/Organisation
GitTables_2235_dbpedia,7,http://dbpedia.org/ontology/Software
GitTables_2241_dbpedia,0,http://dbpedia.org/ontology/Year
GitTables_2242_dbpedia,0,http://dbpedia.org/ontology/SoccerClub
GitTables_2243_dbpedia,0,http://dbpedia.org/ontology/BroadcastNetwork
GitTables_2246_dbpedia,0,http://dbpedia.org/ontology/AdministrativeRegion
GitTables_2248_dbpedia,8,http://dbpedia.org/ontology/Software
GitTables_2251_dbpedia,2,http://dbpedia.org/ontology/Person
GitTables_2252_dbpedia,3,http://dbpedia.org/ontology/Insect
GitTables_2256_dbpedia,5,http://dbpedia.org/ontology/Star
GitTables_2259_dbpedia,8,http://dbpedia.org/ontology/Software
GitTables_2264_dbpedia,12,http://dbpedia.org/ontology/Settlement
GitTables_2266_dbpedia,3,http://dbpedia.org/ontology/Fungus
GitTables_2267_dbpedia,8,http://dbpedia.org/ontology/Band
GitTables_2269_dbpedia,8,http://dbpedia.org/ontology/ChemicalCompound
GitTables_2270_dbpedia,0,http://dbpedia.org/ontology/Country
GitTables_2273_dbpedia,0,http://dbpedia.org/ontology/Year
GitTables_2276_dbpedia,3,http://dbpedia.org/ontology/Plant
GitTables_2277_dbpedia,3,http://dbpedia.org/ontology/Plant
GitTables_2278_dbpedia,6,http://dbpedia.org/ontology/Person
GitTables_2284_dbpedia,3,http://dbpedia.org/ontology/Plant
GitTables_2288_dbpedia,8,http://dbpedia.org/ontology/MilitaryConflict
GitTables_2294_dbpedia,8,http://dbpedia.org/ontology/SoccerClub
GitTables_2297_dbpedia,3,http://dbpedia.org/ontology/Weapon
GitTables_2298_dbpedia,3,http://dbpedia.org/ontology/Insect
GitTables_2299_dbpedia,0,http://dbpedia.org/ontology/Road
GitTables_2301_dbpedia,0,http://dbpedia.org/ontology/Organisation
GitTables_2303_dbpedia,3,http://dbpedia.org/ontology/Album
GitTables_2304_dbpedia,7,http://dbpedia.org/ontology/Year
GitTables_2306_dbpedia,16,http://dbpedia.org/ontology/SoccerClub
GitTables_2318_dbpedia,8,http://dbpedia.org/ontology/Book
GitTables_2330_dbpedia,7,http://dbpedia.org/ontology/ChemicalCompound
GitTables_2335_dbpedia,8,http://dbpedia.org/ontology/PoliticalParty
GitTables_2340_dbpedia,8,http://dbpedia.org/ontology/Band
GitTables_2344_dbpedia,1,http://dbpedia.org/ontology/Organisation
GitTables_2345_dbpedia,3,http://dbpedia.org/ontology/Insect
GitTables_2347_dbpedia,3,http://dbpedia.org/ontology/Plant
GitTables_2351_dbpedia,3,http://dbpedia.org/ontology/Plant
GitTables_2356_dbpedia,8,http://dbpedia.org/ontology/Software
GitTables_2357_dbpedia,1,http://dbpedia.org/ontology/PopulatedPlace
GitTables_2362_dbpedia,0,http://dbpedia.org/ontology/Year
GitTables_2367_dbpedia,8,http://dbpedia.org/ontology/Band
GitTables_2368_dbpedia,3,http://dbpedia.org/ontology/Plant
GitTables_2369_dbpedia,2,http://dbpedia.org/ontology/Work
GitTables_2372_dbpedia,0,http://dbpedia.org/ontology/Year
GitTables_2376_dbpedia,3,http://dbpedia.org/ontology/Eukaryote
GitTables_2377_dbpedia,7,http://dbpedia.org/ontology/Organisation
GitTables_2378_dbpedia,3,http://dbpedia.org/ontology/Moss
GitTables_2385_dbpedia,0,http://dbpedia.org/ontology/Organisation
GitTables_2386_dbpedia,0,http://dbpedia.org/ontology/Publisher
GitTables_2389_dbpedia,3,http://dbpedia.org/ontology/Weapon
GitTables_2390_dbpedia,8,http://dbpedia.org/ontology/City
GitTables_2393_dbpedia,8,http://dbpedia.org/ontology/Settlement
GitTables_2394_dbpedia,1,http://dbpedia.org/ontology/Company
GitTables_2396_dbpedia,3,http://dbpedia.org/ontology/PopulatedPlace
GitTables_2398_dbpedia,2,http://dbpedia.org/ontology/Person
GitTables_2401_dbpedia,8,http://dbpedia.org/ontology/Software
GitTables_2402_dbpedia,0,http://dbpedia.org/ontology/BroadcastNetwork
GitTables_2407_dbpedia,8,http://dbpedia.org/ontology/Location
GitTables_2410_dbpedia,3,http://dbpedia.org/ontology/Fungus
GitTables_2411_dbpedia,10,http://dbpedia.org/ontology/ChemicalCompound
GitTables_2414_dbpedia,7,http://dbpedia.org/ontology/Year
GitTables_2415_dbpedia,8,http://dbpedia.org/ontology/Book
GitTables_2417_dbpedia,2,http://dbpedia.org/ontology/Band
GitTables_2419_dbpedia,8,http://dbpedia.org/ontology/Software
GitTables_2420_dbpedia,0,http://dbpedia.org/ontology/Organisation
GitTables_2421_dbpedia,8,http://dbpedia.org/ontology/Software
GitTables_2424_dbpedia,3,http://dbpedia.org/ontology/ChemicalCompound
GitTables_2425_dbpedia,4,http://dbpedia.org/ontology/Aircraft
GitTables_2426_dbpedia,7,http://dbpedia.org/ontology/Year
GitTables_2428_dbpedia,3,http://dbpedia.org/ontology/SoccerLeague
GitTables_2430_dbpedia,2,http://dbpedia.org/ontology/Year
GitTables_2432_dbpedia,8,http://dbpedia.org/ontology/PoliticalParty
GitTables_2438_dbpedia,8,http://dbpedia.org/ontology/Band
GitTables_2439_dbpedia,8,http://dbpedia.org/ontology/ChemicalCompound
GitTables_2441_dbpedia,2,http://dbpedia.org/ontology/Year
GitTables_2450_dbpedia,3,http://dbpedia.org/ontology/PopulatedPlace
GitTables_2451_dbpedia,3,http://dbpedia.org/ontology/Insect
GitTables_2456_dbpedia,3,http://dbpedia.org/ontology/Plant
GitTables_2459_dbpedia,3,http://dbpedia.org/ontology/Plant
GitTables_2460_dbpedia,11,http://dbpedia.org/ontology/BasketballTeam
GitTables_2462_dbpedia,0,http://dbpedia.org/ontology/SoccerClub
GitTables_2463_dbpedia,8,http://dbpedia.org/ontology/Building
GitTables_2468_dbpedia,2,http://dbpedia.org/ontology/Year
GitTables_2470_dbpedia,2,http://dbpedia.org/ontology/Organisation
GitTables_2471_dbpedia,8,http://dbpedia.org/ontology/Software
GitTables_2472_dbpedia,8,http://dbpedia.org/ontology/Book
GitTables_2473_dbpedia,0,http://dbpedia.org/ontology/Band
GitTables_2474_dbpedia,8,http://dbpedia.org/ontology/Software
GitTables_2475_dbpedia,8,http://dbpedia.org/ontology/Software
GitTables_2479_dbpedia,3,http://dbpedia.org/ontology/AdministrativeRegion
GitTables_2480_dbpedia,0,http://dbpedia.org/ontology/Company
GitTables_2483_dbpedia,0,http://dbpedia.org/ontology/BasketballTeam
GitTables_2484_dbpedia,5,http://dbpedia.org/ontology/Place
GitTables_2485_dbpedia,3,http://dbpedia.org/ontology/Plant
GitTables_2486_dbpedia,8,http://dbpedia.org/ontology/Software
GitTables_2487_dbpedia,7,http://dbpedia.org/ontology/Year
GitTables_2489_dbpedia,7,http://dbpedia.org/ontology/Software
GitTables_2492_dbpedia,2,http://dbpedia.org/ontology/PopulatedPlace
GitTables_2493_dbpedia,0,http://dbpedia.org/ontology/Website
GitTables_2494_dbpedia,4,http://dbpedia.org/ontology/Place
GitTables_2495_dbpedia,2,http://dbpedia.org/ontology/Software
GitTables_2496_dbpedia,3,http://dbpedia.org/ontology/Fungus
GitTables_2497_dbpedia,2,http://dbpedia.org/ontology/Software
GitTables_2498_dbpedia,4,http://dbpedia.org/ontology/Year
GitTables_2503_dbpedia,3,http://dbpedia.org/ontology/Plant
GitTables_2504_dbpedia,8,http://dbpedia.org/ontology/Enzyme
GitTables_2507_dbpedia,3,http://dbpedia.org/ontology/Organisation
GitTables_2511_dbpedia,3,http://dbpedia.org/ontology/Plant
GitTables_2516_dbpedia,0,http://dbpedia.org/ontology/Publisher
GitTables_2518_dbpedia,0,http://dbpedia.org/ontology/Road
GitTables_2521_dbpedia,3,http://dbpedia.org/ontology/SoccerClub
GitTables_2525_dbpedia,0,http://dbpedia.org/ontology/Book
GitTables_2528_dbpedia,0,http://dbpedia.org/ontology/Road
GitTables_2531_dbpedia,8,http://dbpedia.org/ontology/Building
GitTables_2532_dbpedia,8,http://dbpedia.org/ontology/Book
GitTables_2535_dbpedia,8,http://dbpedia.org/ontology/ProtectedArea
GitTables_2539_dbpedia,3,http://dbpedia.org/ontology/Eukaryote
GitTables_2541_dbpedia,8,http://dbpedia.org/ontology/Software
GitTables_2542_dbpedia,3,http://dbpedia.org/ontology/Horse
GitTables_2543_dbpedia,3,http://dbpedia.org/ontology/AdministrativeRegion
GitTables_2550_dbpedia,0,http://dbpedia.org/ontology/Drug
GitTables_2551_dbpedia,3,http://dbpedia.org/ontology/Town
GitTables_2554_dbpedia,8,http://dbpedia.org/ontology/PoliticalParty
GitTables_2555_dbpedia,8,http://dbpedia.org/ontology/Book
GitTables_2556_dbpedia,3,http://dbpedia.org/ontology/Mineral
GitTables_2560_dbpedia,8,http://dbpedia.org/ontology/MilitaryConflict
GitTables_2564_dbpedia,0,http://dbpedia.org/ontology/MusicGenre
GitTables_2567_dbpedia,8,http://dbpedia.org/ontology/SoccerClub
GitTables_2569_dbpedia,2,http://dbpedia.org/ontology/Place
GitTables_2570_dbpedia,8,http://dbpedia.org/ontology/MilitaryConflict
GitTables_2572_dbpedia,5,http://dbpedia.org/ontology/Athlete
GitTables_2573_dbpedia,0,http://dbpedia.org/ontology/Organisation
GitTables_2574_dbpedia,3,http://dbpedia.org/ontology/Band
GitTables_2575_dbpedia,0,http://dbpedia.org/ontology/Organisation
GitTables_2582_dbpedia,8,http://dbpedia.org/ontology/PoliticalParty
GitTables_2583_dbpedia,3,http://dbpedia.org/ontology/Fungus
GitTables_2585_dbpedia,7,http://dbpedia.org/ontology/Year
GitTables_2588_dbpedia,0,http://dbpedia.org/ontology/Person
GitTables_2589_dbpedia,0,http://dbpedia.org/ontology/City
GitTables_2594_dbpedia,3,http://dbpedia.org/ontology/Insect
GitTables_2595_dbpedia,8,http://dbpedia.org/ontology/Protein
GitTables_2599_dbpedia,8,http://dbpedia.org/ontology/ProtectedArea
GitTables_2602_dbpedia,8,http://dbpedia.org/ontology/Band
GitTables_2604_dbpedia,0,http://dbpedia.org/ontology/Plant
GitTables_2605_dbpedia,0,http://dbpedia.org/ontology/Year
GitTables_2607_dbpedia,2,http://dbpedia.org/ontology/Band
GitTables_2609_dbpedia,3,http://dbpedia.org/ontology/Plant
GitTables_2610_dbpedia,3,http://dbpedia.org/ontology/Insect
GitTables_2612_dbpedia,7,http://dbpedia.org/ontology/Ship
GitTables_2616_dbpedia,0,http://dbpedia.org/ontology/Year
GitTables_2620_dbpedia,0,http://dbpedia.org/ontology/MilitaryPerson
GitTables_2627_dbpedia,5,http://dbpedia.org/ontology/Organisation
GitTables_2632_dbpedia,8,http://dbpedia.org/ontology/Band
GitTables_2634_dbpedia,2,http://dbpedia.org/ontology/Person
GitTables_2635_dbpedia,8,http://dbpedia.org/ontology/Enzyme
GitTables_2637_dbpedia,3,http://dbpedia.org/ontology/Insect
GitTables_2643_dbpedia,3,http://dbpedia.org/ontology/Plant
GitTables_2644_dbpedia,0,http://dbpedia.org/ontology/Year
GitTables_2649_dbpedia,8,http://dbpedia.org/ontology/Building
GitTables_2650_dbpedia,3,http://dbpedia.org/ontology/Band
GitTables_2651_dbpedia,1,http://dbpedia.org/ontology/Settlement
GitTables_2652_dbpedia,8,http://dbpedia.org/ontology/Song
GitTables_2653_dbpedia,3,http://dbpedia.org/ontology/Plant
GitTables_2654_dbpedia,3,http://dbpedia.org/ontology/AustralianRulesFootballPlayer
GitTables_2656_dbpedia,0,http://dbpedia.org/ontology/Place
GitTables_2657_dbpedia,3,http://dbpedia.org/ontology/Settlement
GitTables_2660_dbpedia,2,http://dbpedia.org/ontology/University
GitTables_2661_dbpedia,8,http://dbpedia.org/ontology/Software
GitTables_2662_dbpedia,0,http://dbpedia.org/ontology/SoccerClub
GitTables_2663_dbpedia,3,http://dbpedia.org/ontology/Plant
GitTables_2664_dbpedia,8,http://dbpedia.org/ontology/SoccerClub
GitTables_2665_dbpedia,0,http://dbpedia.org/ontology/SoccerClub
GitTables_2666_dbpedia,1,http://dbpedia.org/ontology/Organisation
GitTables_2668_dbpedia,0,http://dbpedia.org/ontology/MeanOfTransportation
GitTables_2672_dbpedia,8,http://dbpedia.org/ontology/Band
GitTables_2674_dbpedia,4,http://dbpedia.org/ontology/Settlement
GitTables_2676_dbpedia,8,http://dbpedia.org/ontology/Software
GitTables_2677_dbpedia,19,http://dbpedia.org/ontology/Year
GitTables_2679_dbpedia,8,http://dbpedia.org/ontology/Software
GitTables_2681_dbpedia,2,http://dbpedia.org/ontology/Weapon
GitTables_2684_dbpedia,0,http://dbpedia.org/ontology/Year
GitTables_2687_dbpedia,0,http://dbpedia.org/ontology/MusicGenre
GitTables_2688_dbpedia,1,http://dbpedia.org/ontology/Company
GitTables_2690_dbpedia,3,http://dbpedia.org/ontology/Settlement
GitTables_2702_dbpedia,0,http://dbpedia.org/ontology/Drug
GitTables_2705_dbpedia,3,http://dbpedia.org/ontology/Plant
GitTables_2710_dbpedia,0,http://dbpedia.org/ontology/School
GitTables_2711_dbpedia,3,http://dbpedia.org/ontology/Grape
GitTables_2712_dbpedia,0,http://dbpedia.org/ontology/Country
GitTables_2716_dbpedia,3,http://dbpedia.org/ontology/Insect
GitTables_2717_dbpedia,16,http://dbpedia.org/ontology/SoccerClub
GitTables_2719_dbpedia,3,http://dbpedia.org/ontology/Plant
GitTables_2721_dbpedia,8,http://dbpedia.org/ontology/Software
GitTables_2724_dbpedia,5,http://dbpedia.org/ontology/FootballLeagueSeason
GitTables_2725_dbpedia,7,http://dbpedia.org/ontology/Year
GitTables_2726_dbpedia,9,http://dbpedia.org/ontology/Year
GitTables_2727_dbpedia,9,http://dbpedia.org/ontology/Country
GitTables_2728_dbpedia,5,http://dbpedia.org/ontology/Place
GitTables_2731_dbpedia,0,http://dbpedia.org/ontology/Book
GitTables_2733_dbpedia,2,http://dbpedia.org/ontology/Company
GitTables_2744_dbpedia,2,http://dbpedia.org/ontology/Organisation
GitTables_2745_dbpedia,2,http://dbpedia.org/ontology/Person
GitTables_2746_dbpedia,0,http://dbpedia.org/ontology/SoccerClub
GitTables_2747_dbpedia,0,http://dbpedia.org/ontology/ArchitecturalStructure
GitTables_2749_dbpedia,0,http://dbpedia.org/ontology/Year
GitTables_2753_dbpedia,0,http://dbpedia.org/ontology/Road
GitTables_2754_dbpedia,2,http://dbpedia.org/ontology/SoccerClub
GitTables_2755_dbpedia,6,http://dbpedia.org/ontology/Athlete
GitTables_2758_dbpedia,8,http://dbpedia.org/ontology/MilitaryConflict
GitTables_2759_dbpedia,8,http://dbpedia.org/ontology/ProtectedArea
GitTables_2761_dbpedia,0,http://dbpedia.org/ontology/Person
GitTables_2764_dbpedia,8,http://dbpedia.org/ontology/Election
GitTables_2767_dbpedia,0,http://dbpedia.org/ontology/Settlement
GitTables_2768_dbpedia,3,http://dbpedia.org/ontology/Village
GitTables_2769_dbpedia,10,http://dbpedia.org/ontology/SpaceMission
GitTables_2773_dbpedia,8,http://dbpedia.org/ontology/ProtectedArea
GitTables_2775_dbpedia,2,http://dbpedia.org/ontology/Year
GitTables_2776_dbpedia,0,http://dbpedia.org/ontology/Automobile
GitTables_2779_dbpedia,0,http://dbpedia.org/ontology/TelevisionShow
GitTables_2780_dbpedia,0,http://dbpedia.org/ontology/Country
GitTables_2781_dbpedia,8,http://dbpedia.org/ontology/Election
GitTables_2787_dbpedia,3,http://dbpedia.org/ontology/Software
GitTables_2789_dbpedia,10,http://dbpedia.org/ontology/ArtificialSatellite
GitTables_2793_dbpedia,0,http://dbpedia.org/ontology/Year
GitTables_2794_dbpedia,3,http://dbpedia.org/ontology/Plant
GitTables_2796_dbpedia,3,http://dbpedia.org/ontology/Plant
GitTables_2797_dbpedia,8,http://dbpedia.org/ontology/University
GitTables_2800_dbpedia,0,http://dbpedia.org/ontology/Year
GitTables_2801_dbpedia,0,http://dbpedia.org/ontology/Year
GitTables_2803_dbpedia,3,http://dbpedia.org/ontology/Fungus
GitTables_2805_dbpedia,6,http://dbpedia.org/ontology/Person
GitTables_2806_dbpedia,3,http://dbpedia.org/ontology/Fungus
GitTables_2811_dbpedia,3,http://dbpedia.org/ontology/Person
GitTables_2819_dbpedia,3,http://dbpedia.org/ontology/Insect
GitTables_2821_dbpedia,2,http://dbpedia.org/ontology/Year
GitTables_2823_dbpedia,0,http://dbpedia.org/ontology/Company
GitTables_2825_dbpedia,0,http://dbpedia.org/ontology/Location
GitTables_2828_dbpedia,2,http://dbpedia.org/ontology/Company
GitTables_2829_dbpedia,0,http://dbpedia.org/ontology/Software
GitTables_2831_dbpedia,3,http://dbpedia.org/ontology/Fungus
GitTables_2832_dbpedia,14,http://dbpedia.org/ontology/Year
GitTables_2837_dbpedia,0,http://dbpedia.org/ontology/MusicGenre
GitTables_2841_dbpedia,0,http://dbpedia.org/ontology/City
GitTables_2843_dbpedia,0,http://dbpedia.org/ontology/Company
GitTables_2845_dbpedia,3,http://dbpedia.org/ontology/Fern
GitTables_2848_dbpedia,8,http://dbpedia.org/ontology/MilitaryConflict
GitTables_2850_dbpedia,3,http://dbpedia.org/ontology/Insect
GitTables_2853_dbpedia,3,http://dbpedia.org/ontology/Insect
GitTables_2854_dbpedia,0,http://dbpedia.org/ontology/Brain
GitTables_2856_dbpedia,0,http://dbpedia.org/ontology/Work
GitTables_2861_dbpedia,3,http://dbpedia.org/ontology/Plant
GitTables_2862_dbpedia,0,http://dbpedia.org/ontology/Organisation
GitTables_2865_dbpedia,3,http://dbpedia.org/ontology/Plant
GitTables_2867_dbpedia,6,http://dbpedia.org/ontology/Organisation
GitTables_2868_dbpedia,1,http://dbpedia.org/ontology/Company
GitTables_2872_dbpedia,6,http://dbpedia.org/ontology/ComicsCharacter
GitTables_2874_dbpedia,8,http://dbpedia.org/ontology/Software
GitTables_2875_dbpedia,3,http://dbpedia.org/ontology/Plant
GitTables_2876_dbpedia,3,http://dbpedia.org/ontology/Eukaryote
GitTables_2878_dbpedia,8,http://dbpedia.org/ontology/Building
GitTables_2880_dbpedia,8,http://dbpedia.org/ontology/Software
GitTables_2881_dbpedia,0,http://dbpedia.org/ontology/RugbyClub
GitTables_2882_dbpedia,1,http://dbpedia.org/ontology/Company
GitTables_2891_dbpedia,3,http://dbpedia.org/ontology/Insect
GitTables_2892_dbpedia,0,http://dbpedia.org/ontology/TelevisionShow
GitTables_2894_dbpedia,0,http://dbpedia.org/ontology/AdministrativeRegion
GitTables_2895_dbpedia,8,http://dbpedia.org/ontology/Year
GitTables_2896_dbpedia,2,http://dbpedia.org/ontology/Year
GitTables_2897_dbpedia,3,http://dbpedia.org/ontology/Fungus
GitTables_2899_dbpedia,8,http://dbpedia.org/ontology/ChemicalCompound
GitTables_2902_dbpedia,7,http://dbpedia.org/ontology/Organisation
GitTables_2903_dbpedia,10,http://dbpedia.org/ontology/MotorsportSeason
GitTables_2905_dbpedia,0,http://dbpedia.org/ontology/Year
GitTables_2907_dbpedia,8,http://dbpedia.org/ontology/Software
GitTables_2909_dbpedia,8,http://dbpedia.org/ontology/Year
GitTables_2910_dbpedia,1,http://dbpedia.org/ontology/Plant
GitTables_2912_dbpedia,3,http://dbpedia.org/ontology/Animal
GitTables_2914_dbpedia,0,http://dbpedia.org/ontology/Road
GitTables_2920_dbpedia,3,http://dbpedia.org/ontology/Plant
GitTables_2923_dbpedia,0,http://dbpedia.org/ontology/Year
GitTables_2926_dbpedia,0,http://dbpedia.org/ontology/WrittenWork
GitTables_2928_dbpedia,1,http://dbpedia.org/ontology/Year
GitTables_2933_dbpedia,10,http://dbpedia.org/ontology/VideoGame
GitTables_2937_dbpedia,8,http://dbpedia.org/ontology/SoccerClub
GitTables_2939_dbpedia,0,http://dbpedia.org/ontology/Publisher
GitTables_2945_dbpedia,0,http://dbpedia.org/ontology/BasketballTeam
GitTables_2947_dbpedia,8,http://dbpedia.org/ontology/Book
GitTables_2948_dbpedia,7,http://dbpedia.org/ontology/PoliticalParty
GitTables_2950_dbpedia,16,http://dbpedia.org/ontology/SoccerClub
GitTables_2951_dbpedia,0,http://dbpedia.org/ontology/Software
GitTables_2954_dbpedia,12,http://dbpedia.org/ontology/Organisation
GitTables_2955_dbpedia,10,http://dbpedia.org/ontology/FootballLeagueSeason
GitTables_2956_dbpedia,8,http://dbpedia.org/ontology/Company
GitTables_2961_dbpedia,0,http://dbpedia.org/ontology/Publisher
GitTables_2962_dbpedia,3,http://dbpedia.org/ontology/Plant
GitTables_2963_dbpedia,3,http://dbpedia.org/ontology/Plant
GitTables_2970_dbpedia,8,http://dbpedia.org/ontology/Company
GitTables_2972_dbpedia,1,http://dbpedia.org/ontology/Automobile
GitTables_2973_dbpedia,7,http://dbpedia.org/ontology/Year
GitTables_2974_dbpedia,10,http://dbpedia.org/ontology/Cricketer
GitTables_2979_dbpedia,8,http://dbpedia.org/ontology/PoliticalParty
GitTables_2980_dbpedia,8,http://dbpedia.org/ontology/Software
GitTables_2982_dbpedia,8,http://dbpedia.org/ontology/ChemicalCompound
GitTables_2991_dbpedia,8,http://dbpedia.org/ontology/TelevisionEpisode
GitTables_2993_dbpedia,8,http://dbpedia.org/ontology/PoliticalParty
GitTables_2994_dbpedia,14,http://dbpedia.org/ontology/Year
GitTables_2995_dbpedia,0,http://dbpedia.org/ontology/Software
GitTables_2998_dbpedia,7,http://dbpedia.org/ontology/ChemicalCompound
