GitTables_1501_schema,0,http://dbpedia.org/property/goals
GitTables_1501_schema,3,http://dbpedia.org/ontology/wikiPageID
GitTables_1501_schema,7,http://dbpedia.org/ontology/wikiPageRevisionID
GitTables_1501_schema,8,http://dbpedia.org/ontology/background
GitTables_1502_schema,0,http://dbpedia.org/ontology/wikiPageID
GitTables_1502_schema,3,http://dbpedia.org/ontology/postalCode
GitTables_1502_schema,7,http://dbpedia.org/ontology/wikiPageID
GitTables_1502_schema,8,http://dbpedia.org/ontology/postalCode
GitTables_1503_schema,8,http://dbpedia.org/property/no
GitTables_1504_schema,2,http://dbpedia.org/ontology/wikiPageLength
GitTables_1504_schema,0,http://dbpedia.org/property/iata
GitTables_1507_schema,0,http://dbpedia.org/ontology/wikiPageLength
GitTables_1511_schema,8,http://dbpedia.org/property/no
GitTables_1514_schema,0,http://dbpedia.org/ontology/wikiPageLength
GitTables_1517_schema,0,http://dbpedia.org/property/votes
GitTables_1517_schema,3,http://dbpedia.org/ontology/imdbId
GitTables_1517_schema,7,http://dbpedia.org/ontology/wikiPageID
GitTables_1517_schema,8,http://dbpedia.org/ontology/wikiPageID
GitTables_1538_schema,0,http://dbpedia.org/property/map2char
GitTables_1546_schema,8,http://dbpedia.org/property/no
GitTables_1551_schema,0,http://dbpedia.org/ontology/wikiPageID
GitTables_1551_schema,3,http://dbpedia.org/ontology/background
GitTables_1551_schema,7,http://dbpedia.org/ontology/wikiPageID
GitTables_1551_schema,8,http://dbpedia.org/ontology/wikiPageID
GitTables_1560_schema,8,http://dbpedia.org/property/no
GitTables_1573_schema,8,http://dbpedia.org/property/no
GitTables_1583_schema,0,http://dbpedia.org/ontology/routeNumber
GitTables_1585_schema,8,http://dbpedia.org/property/no
GitTables_1592_schema,0,http://dbpedia.org/property/caption
GitTables_1593_schema,5,http://dbpedia.org/property/rotation
GitTables_1599_schema,5,http://dbpedia.org/property/rotation
GitTables_1604_schema,5,http://dbpedia.org/ontology/wikiPageRevisionID
GitTables_1604_schema,6,http://dbpedia.org/ontology/wikiPageID
GitTables_1607_schema,23,http://dbpedia.org/ontology/oclc
GitTables_1607_schema,29,http://dbpedia.org/ontology/dcc
GitTables_1610_schema,5,http://dbpedia.org/property/rotation
GitTables_1613_schema,8,http://dbpedia.org/ontology/managerTitle
GitTables_1619_schema,0,http://dbpedia.org/ontology/wikiPageID
GitTables_1619_schema,3,http://dbpedia.org/ontology/background
GitTables_1619_schema,7,http://dbpedia.org/ontology/wikiPageRevisionID
GitTables_1619_schema,8,http://dbpedia.org/ontology/wikiPageRevisionID
GitTables_1623_schema,0,http://dbpedia.org/property/unitName
GitTables_1631_schema,0,http://dbpedia.org/ontology/Infrastructure/length
GitTables_1650_schema,0,http://dbpedia.org/ontology/wikiPageID
GitTables_1650_schema,3,http://dbpedia.org/ontology/wikiPageID
GitTables_1650_schema,7,http://dbpedia.org/ontology/wikiPageID
GitTables_1650_schema,8,http://dbpedia.org/ontology/background
GitTables_1653_schema,0,http://dbpedia.org/ontology/wikiPageLength
GitTables_1668_schema,0,http://dbpedia.org/ontology/areaCode
GitTables_1673_schema,0,http://dbpedia.org/ontology/wikiPageID
GitTables_1673_schema,3,http://dbpedia.org/ontology/wikiPageID
GitTables_1673_schema,7,http://dbpedia.org/ontology/wikiPageRevisionID
GitTables_1673_schema,8,http://dbpedia.org/ontology/wikiPageRevisionID
GitTables_1679_schema,0,http://dbpedia.org/ontology/PopulatedPlace/areaTotal
GitTables_1684_schema,0,http://dbpedia.org/property/numEmployees
GitTables_1693_schema,0,http://dbpedia.org/ontology/imdbId
GitTables_1693_schema,3,http://dbpedia.org/ontology/areaCode
GitTables_1693_schema,7,http://dbpedia.org/ontology/wikiPageRevisionID
GitTables_1693_schema,8,http://dbpedia.org/ontology/wikiPageRevisionID
GitTables_1706_schema,0,http://dbpedia.org/property/iata
GitTables_1733_schema,12,http://dbpedia.org/property/imagesize
GitTables_1733_schema,8,http://dbpedia.org/property/imagesize
GitTables_1733_schema,7,http://dbpedia.org/property/imagesize
GitTables_1733_schema,13,http://dbpedia.org/property/imagesize
GitTables_1737_schema,8,http://dbpedia.org/property/no
GitTables_1740_schema,0,http://dbpedia.org/ontology/wikiPageID
GitTables_1740_schema,3,http://dbpedia.org/ontology/wikiPageID
GitTables_1740_schema,7,http://dbpedia.org/ontology/wikiPageLength
GitTables_1740_schema,8,http://dbpedia.org/ontology/wikiPageLength
GitTables_1741_schema,8,http://dbpedia.org/property/no
GitTables_1745_schema,5,http://dbpedia.org/property/rotation
GitTables_1747_schema,1,http://dbpedia.org/ontology/signature
GitTables_1747_schema,6,http://dbpedia.org/ontology/wikiPageLength
GitTables_1747_schema,7,http://dbpedia.org/ontology/motto
GitTables_1748_schema,0,http://dbpedia.org/ontology/wikiPageID
GitTables_1748_schema,3,http://dbpedia.org/ontology/wikiPageID
GitTables_1748_schema,7,http://dbpedia.org/ontology/wikiPageLength
GitTables_1748_schema,8,http://dbpedia.org/ontology/utcOffset
GitTables_1750_schema,0,http://dbpedia.org/ontology/weight
GitTables_1750_schema,3,http://dbpedia.org/ontology/background
GitTables_1750_schema,7,http://dbpedia.org/ontology/wikiPageID
GitTables_1750_schema,8,http://dbpedia.org/ontology/wikiPageID
GitTables_1753_schema,0,http://dbpedia.org/property/lengthKm
GitTables_1755_schema,18,http://dbpedia.org/property/novAvgRecordHighC
GitTables_1755_schema,28,http://dbpedia.org/ontology/postalCode
GitTables_1764_schema,1,http://dbpedia.org/ontology/motto
GitTables_1765_schema,0,http://dbpedia.org/ontology/facilityId
GitTables_1765_schema,3,http://dbpedia.org/ontology/background
GitTables_1765_schema,7,http://dbpedia.org/ontology/wikiPageID
GitTables_1765_schema,8,http://dbpedia.org/ontology/wikiPageID
GitTables_1768_schema,12,http://dbpedia.org/ontology/transmission
GitTables_1771_schema,0,http://dbpedia.org/ontology/wikiPageID
GitTables_1771_schema,3,http://dbpedia.org/ontology/mascot
GitTables_1771_schema,7,http://dbpedia.org/ontology/wikiPageLength
GitTables_1771_schema,8,http://dbpedia.org/ontology/imdbId
GitTables_1782_schema,5,http://dbpedia.org/ontology/motto
GitTables_1783_schema,1,http://dbpedia.org/ontology/isoCodeRegion
GitTables_1785_schema,3,http://dbpedia.org/ontology/firstAppearance
GitTables_1786_schema,8,http://dbpedia.org/property/no
GitTables_1802_schema,5,http://dbpedia.org/property/rotation
GitTables_1803_schema,0,http://dbpedia.org/ontology/wikiPageID
GitTables_1803_schema,3,http://dbpedia.org/ontology/wikiPageID
GitTables_1803_schema,7,http://dbpedia.org/ontology/wikiPageRevisionID
GitTables_1803_schema,8,http://dbpedia.org/ontology/imdbId
GitTables_1804_schema,0,http://dbpedia.org/ontology/wikiPageID
GitTables_1804_schema,3,http://dbpedia.org/ontology/wikiPageID
GitTables_1804_schema,7,http://dbpedia.org/ontology/wikiPageRevisionID
GitTables_1804_schema,8,http://dbpedia.org/ontology/wikiPageRevisionID
GitTables_1808_schema,8,http://dbpedia.org/property/no
GitTables_1816_schema,5,http://dbpedia.org/property/rotation
GitTables_1817_schema,0,http://dbpedia.org/ontology/wikiPageID
GitTables_1817_schema,3,http://dbpedia.org/ontology/areaCode
GitTables_1817_schema,7,http://dbpedia.org/ontology/wikiPageLength
GitTables_1817_schema,8,http://dbpedia.org/ontology/utcOffset
GitTables_1825_schema,8,http://dbpedia.org/property/no
GitTables_1828_schema,0,http://dbpedia.org/ontology/populationTotal
GitTables_1830_schema,8,http://dbpedia.org/property/no
GitTables_1832_schema,8,http://dbpedia.org/property/no
GitTables_1838_schema,0,http://dbpedia.org/ontology/wikiPageLength
GitTables_1839_schema,0,http://dbpedia.org/ontology/wikiPageID
GitTables_1839_schema,3,http://dbpedia.org/ontology/wikiPageID
GitTables_1839_schema,7,http://dbpedia.org/ontology/wikiPageLength
GitTables_1839_schema,8,http://dbpedia.org/ontology/wikiPageLength
GitTables_1841_schema,0,http://dbpedia.org/ontology/wikiPageID
GitTables_1841_schema,3,http://dbpedia.org/ontology/imdbId
GitTables_1841_schema,7,http://dbpedia.org/ontology/wikiPageLength
GitTables_1841_schema,8,http://dbpedia.org/ontology/wikiPageLength
GitTables_1844_schema,0,http://dbpedia.org/ontology/wikiPageID
GitTables_1844_schema,3,http://dbpedia.org/ontology/wikiPageID
GitTables_1844_schema,7,http://dbpedia.org/ontology/wikiPageID
GitTables_1844_schema,8,http://dbpedia.org/ontology/wikiPageID
GitTables_1845_schema,0,http://dbpedia.org/property/areaTotalKm
GitTables_1850_schema,0,http://dbpedia.org/ontology/wikiPageID
GitTables_1850_schema,3,http://dbpedia.org/ontology/wikiPageID
GitTables_1850_schema,7,http://dbpedia.org/ontology/wikiPageID
GitTables_1850_schema,8,http://dbpedia.org/ontology/wikiPageID
GitTables_1858_schema,0,http://dbpedia.org/ontology/wikiPageID
GitTables_1858_schema,3,http://dbpedia.org/ontology/wikiPageID
GitTables_1858_schema,7,http://dbpedia.org/ontology/wikiPageLength
GitTables_1858_schema,8,http://dbpedia.org/ontology/wikiPageLength
GitTables_1863_schema,0,http://dbpedia.org/ontology/wikiPageID
GitTables_1863_schema,3,http://dbpedia.org/ontology/wikiPageID
GitTables_1863_schema,7,http://dbpedia.org/ontology/wikiPageLength
GitTables_1863_schema,8,http://dbpedia.org/ontology/wikiPageLength
GitTables_1878_schema,1,http://dbpedia.org/ontology/signature
GitTables_1878_schema,6,http://dbpedia.org/ontology/wikiPageID
GitTables_1878_schema,7,http://dbpedia.org/ontology/motto
GitTables_1881_schema,0,http://dbpedia.org/ontology/areaWater
GitTables_1881_schema,3,http://dbpedia.org/ontology/utcOffset
GitTables_1881_schema,7,http://dbpedia.org/ontology/wikiPageRevisionID
GitTables_1881_schema,8,http://dbpedia.org/ontology/wikiPageRevisionID
GitTables_1884_schema,0,http://dbpedia.org/ontology/wikiPageLength
GitTables_1887_schema,0,http://dbpedia.org/ontology/wikiPageID
GitTables_1887_schema,3,http://dbpedia.org/ontology/wikiPageID
GitTables_1887_schema,7,http://dbpedia.org/ontology/wikiPageRevisionID
GitTables_1887_schema,8,http://dbpedia.org/ontology/utcOffset
GitTables_1894_schema,0,http://dbpedia.org/ontology/wikiPageID
GitTables_1894_schema,3,http://dbpedia.org/ontology/wikiPageID
GitTables_1894_schema,7,http://dbpedia.org/ontology/wikiPageID
GitTables_1894_schema,8,http://dbpedia.org/ontology/wikiPageID
GitTables_1895_schema,5,http://dbpedia.org/property/rotation
GitTables_1904_schema,8,http://dbpedia.org/property/no
GitTables_1913_schema,8,http://dbpedia.org/property/no
GitTables_1915_schema,0,http://dbpedia.org/ontology/wikiPageID
GitTables_1915_schema,3,http://dbpedia.org/ontology/wikiPageID
GitTables_1915_schema,7,http://dbpedia.org/ontology/wikiPageRevisionID
GitTables_1915_schema,8,http://dbpedia.org/ontology/wikiPageRevisionID
GitTables_1918_schema,3,http://dbpedia.org/ontology/motto
GitTables_1920_schema,5,http://dbpedia.org/property/rotation
GitTables_1921_schema,8,http://dbpedia.org/property/no
GitTables_1934_schema,0,http://dbpedia.org/property/blankInfo
GitTables_1936_schema,0,http://dbpedia.org/ontology/wikiPageID
GitTables_1936_schema,3,http://dbpedia.org/ontology/wikiPageID
GitTables_1936_schema,7,http://dbpedia.org/ontology/wikiPageID
GitTables_1936_schema,8,http://dbpedia.org/ontology/wikiPageID
GitTables_1937_schema,5,http://dbpedia.org/property/rotation
GitTables_1942_schema,0,http://dbpedia.org/ontology/wikiPageID
GitTables_1942_schema,3,http://dbpedia.org/ontology/wikiPageID
GitTables_1942_schema,7,http://dbpedia.org/ontology/wikiPageID
GitTables_1942_schema,8,http://dbpedia.org/ontology/background
GitTables_1946_schema,0,http://dbpedia.org/ontology/wikiPageID
GitTables_1946_schema,3,http://dbpedia.org/ontology/parkingInformation
GitTables_1946_schema,7,http://dbpedia.org/ontology/wikiPageLength
GitTables_1946_schema,8,http://dbpedia.org/ontology/areaCode
GitTables_1955_schema,0,http://dbpedia.org/property/areaCode
GitTables_1962_schema,0,http://dbpedia.org/ontology/wikiPageID
GitTables_1962_schema,3,http://dbpedia.org/ontology/wikiPageID
GitTables_1962_schema,7,http://dbpedia.org/ontology/wikiPageRevisionID
GitTables_1962_schema,8,http://dbpedia.org/ontology/utcOffset
GitTables_1969_schema,0,http://dbpedia.org/ontology/wikiPageID
GitTables_1969_schema,3,http://dbpedia.org/ontology/areaCode
GitTables_1969_schema,7,http://dbpedia.org/ontology/wikiPageLength
GitTables_1969_schema,8,http://dbpedia.org/ontology/wikiPageLength
GitTables_1974_schema,0,http://dbpedia.org/ontology/wikiPageID
GitTables_1974_schema,3,http://dbpedia.org/ontology/wikiPageID
GitTables_1974_schema,7,http://dbpedia.org/ontology/wikiPageLength
GitTables_1974_schema,8,http://dbpedia.org/ontology/wikiPageLength
GitTables_1977_schema,0,http://dbpedia.org/ontology/areaCode
GitTables_1984_schema,0,http://dbpedia.org/property/areaMunicipality
GitTables_1986_schema,0,http://dbpedia.org/ontology/wikiPageLength
GitTables_1989_schema,0,http://dbpedia.org/property/blank1Info
GitTables_1989_schema,3,http://dbpedia.org/property/blank1Info
GitTables_1989_schema,7,http://dbpedia.org/ontology/wikiPageRevisionID
GitTables_1989_schema,8,http://dbpedia.org/ontology/wikiPageRevisionID
GitTables_1990_schema,8,http://dbpedia.org/property/no
GitTables_1992_schema,0,http://dbpedia.org/ontology/wikiPageLength
GitTables_1995_schema,5,http://dbpedia.org/property/rotation
GitTables_2002_schema,23,http://dbpedia.org/ontology/wikiPageRevisionID
GitTables_2004_schema,8,http://dbpedia.org/property/timeDay
GitTables_1501_schema,6,http://schema.org/Organization
GitTables_1502_schema,6,http://schema.org/Person
GitTables_1503_schema,3,http://schema.org/Organization
GitTables_1504_schema,3,http://schema.org/Organization
GitTables_1507_schema,1,http://schema.org/Place
GitTables_1511_schema,3,http://schema.org/Organization
GitTables_1514_schema,1,http://schema.org/Place
GitTables_1516_schema,2,http://schema.org/Organization
GitTables_1517_schema,6,http://schema.org/Person
GitTables_1523_schema,0,http://schema.org/Place
GitTables_1525_schema,2,http://schema.org/Organization
GitTables_1529_schema,2,http://schema.org/Organization
GitTables_1537_schema,2,http://schema.org/Organization
GitTables_1538_schema,4,http://schema.org/Place
GitTables_1540_schema,0,http://schema.org/Person
GitTables_1541_schema,0,http://schema.org/CreativeWork
GitTables_1544_schema,2,http://schema.org/CreativeWork
GitTables_1546_schema,3,http://schema.org/Organization
GitTables_1547_schema,2,http://schema.org/Organization
GitTables_1551_schema,6,http://schema.org/Person
GitTables_1553_schema,2,http://schema.org/Organization
GitTables_1554_schema,0,http://schema.org/Organization
GitTables_1560_schema,3,http://schema.org/Organization
GitTables_1562_schema,2,http://schema.org/Organization
GitTables_1566_schema,5,http://schema.org/Organization
GitTables_1570_schema,2,http://schema.org/Organization
GitTables_1571_schema,0,http://schema.org/Organization
GitTables_1573_schema,3,http://schema.org/Organization
GitTables_1574_schema,22,http://schema.org/Event
GitTables_1576_schema,0,http://schema.org/Place
GitTables_1579_schema,0,http://schema.org/CreativeWork
GitTables_1580_schema,0,http://schema.org/CreativeWork
GitTables_1581_schema,0,http://schema.org/Organization
GitTables_1583_schema,1,http://schema.org/Place
GitTables_1584_schema,0,http://schema.org/Place
GitTables_1585_schema,3,http://schema.org/Organization
GitTables_1587_schema,0,http://schema.org/Organization
GitTables_1588_schema,0,http://schema.org/CreativeWork
GitTables_1591_schema,22,http://schema.org/Event
GitTables_1592_schema,1,http://schema.org/Product
GitTables_1593_schema,6,http://schema.org/Person
GitTables_1595_schema,0,http://schema.org/Organization
GitTables_1598_schema,8,http://schema.org/Place
GitTables_1599_schema,6,http://schema.org/MusicAlbum
GitTables_1604_schema,3,http://schema.org/Organization
GitTables_1606_schema,0,http://schema.org/MusicGroup
GitTables_1607_schema,17,http://schema.org/CreativeWork
GitTables_1608_schema,2,http://schema.org/Organization
GitTables_1610_schema,6,http://schema.org/CreativeWork
GitTables_1611_schema,2,http://schema.org/Place
GitTables_1612_schema,1,http://schema.org/Place
GitTables_1613_schema,3,http://schema.org/Organization
GitTables_1616_schema,0,http://schema.org/Organization
GitTables_1619_schema,6,http://schema.org/Person
GitTables_1623_schema,1,http://schema.org/Place
GitTables_1626_schema,2,http://schema.org/Organization
GitTables_1629_schema,2,http://schema.org/Organization
GitTables_1631_schema,1,http://schema.org/Place
GitTables_1636_schema,1,http://schema.org/Organization
GitTables_1638_schema,0,http://schema.org/Place
GitTables_1640_schema,2,http://schema.org/Organization
GitTables_1645_schema,0,http://schema.org/Place
GitTables_1649_schema,2,http://schema.org/Organization
GitTables_1650_schema,6,http://schema.org/Person
GitTables_1653_schema,1,http://schema.org/Place
GitTables_1656_schema,2,http://schema.org/EducationalOrganization
GitTables_1659_schema,0,http://schema.org/Organization
GitTables_1662_schema,2,http://schema.org/City
GitTables_1666_schema,1,http://schema.org/CreativeWork
GitTables_1667_schema,2,http://schema.org/Organization
GitTables_1668_schema,1,http://schema.org/Place
GitTables_1672_schema,2,http://schema.org/CreativeWork
GitTables_1673_schema,6,http://schema.org/Person
GitTables_1679_schema,1,http://schema.org/Place
GitTables_1680_schema,2,http://schema.org/Organization
GitTables_1683_schema,2,http://schema.org/Organization
GitTables_1684_schema,1,http://schema.org/Place
GitTables_1686_schema,1,http://schema.org/CreativeWork
GitTables_1688_schema,2,http://schema.org/Organization
GitTables_1693_schema,6,http://schema.org/Place
GitTables_1694_schema,2,http://schema.org/Organization
GitTables_1696_schema,0,http://schema.org/Place
GitTables_1698_schema,2,http://schema.org/Organization
GitTables_1702_schema,22,http://schema.org/Event
GitTables_1705_schema,0,http://schema.org/Place
GitTables_1706_schema,3,http://schema.org/Organization
GitTables_1710_schema,1,http://schema.org/LandmarksOrHistoricalBuildings
GitTables_1714_schema,0,http://schema.org/Organization
GitTables_1719_schema,0,http://schema.org/Place
GitTables_1720_schema,4,http://schema.org/MusicGroup
GitTables_1726_schema,2,http://schema.org/Organization
GitTables_1730_schema,22,http://schema.org/Event
GitTables_1732_schema,0,http://schema.org/Organization
GitTables_1734_schema,0,http://schema.org/Organization
GitTables_1737_schema,3,http://schema.org/Organization
GitTables_1740_schema,6,http://schema.org/Person
GitTables_1741_schema,3,http://schema.org/Organization
GitTables_1744_schema,1,http://schema.org/Organization
GitTables_1745_schema,6,http://schema.org/CreativeWork
GitTables_1747_schema,5,http://schema.org/Organization
GitTables_1748_schema,6,http://schema.org/Place
GitTables_1749_schema,0,http://schema.org/Person
GitTables_1750_schema,6,http://schema.org/Person
GitTables_1752_schema,22,http://schema.org/Event
GitTables_1753_schema,1,http://schema.org/Product
GitTables_1754_schema,0,http://schema.org/CreativeWork
GitTables_1755_schema,3,http://schema.org/Place
GitTables_1762_schema,0,http://schema.org/Organization
GitTables_1764_schema,0,http://schema.org/CreativeWork
GitTables_1765_schema,6,http://schema.org/Organization
GitTables_1768_schema,8,http://schema.org/Organization
GitTables_1769_schema,2,http://schema.org/Organization
GitTables_1771_schema,6,http://schema.org/Person
GitTables_1772_schema,0,http://schema.org/Organization
GitTables_1773_schema,0,http://schema.org/Organization
GitTables_1774_schema,2,http://schema.org/CreativeWork
GitTables_1775_schema,0,http://schema.org/Person
GitTables_1777_schema,2,http://schema.org/CreativeWork
GitTables_1780_schema,1,http://schema.org/Person
GitTables_1782_schema,2,http://schema.org/Place
GitTables_1783_schema,0,http://schema.org/Organization
GitTables_1784_schema,0,http://schema.org/Person
GitTables_1785_schema,2,http://schema.org/MusicAlbum
GitTables_1786_schema,3,http://schema.org/Organization
GitTables_1787_schema,0,http://schema.org/Organization
GitTables_1790_schema,0,http://schema.org/Organization
GitTables_1791_schema,0,http://schema.org/Organization
GitTables_1792_schema,0,http://schema.org/Place
GitTables_1794_schema,2,http://schema.org/Organization
GitTables_1800_schema,2,http://schema.org/Language
GitTables_1802_schema,6,http://schema.org/MusicAlbum
GitTables_1803_schema,6,http://schema.org/Person
GitTables_1804_schema,6,http://schema.org/Place
GitTables_1805_schema,0,http://schema.org/Organization
GitTables_1806_schema,0,http://schema.org/Organization
GitTables_1808_schema,3,http://schema.org/Organization
GitTables_1809_schema,2,http://schema.org/Organization
GitTables_1811_schema,0,http://schema.org/Person
GitTables_1816_schema,6,http://schema.org/CreativeWork
GitTables_1817_schema,6,http://schema.org/Person
GitTables_1819_schema,2,http://schema.org/Person
GitTables_1825_schema,3,http://schema.org/Organization
GitTables_1828_schema,1,http://schema.org/Place
GitTables_1830_schema,3,http://schema.org/Organization
GitTables_1832_schema,3,http://schema.org/Organization
GitTables_1835_schema,3,http://schema.org/Organization
GitTables_1838_schema,1,http://schema.org/Place
GitTables_1839_schema,6,http://schema.org/Person
GitTables_1841_schema,6,http://schema.org/Organization
GitTables_1844_schema,6,http://schema.org/Place
GitTables_1845_schema,1,http://schema.org/Place
GitTables_1847_schema,2,http://schema.org/Organization
GitTables_1848_schema,2,http://schema.org/Organization
GitTables_1850_schema,6,http://schema.org/Person
GitTables_1851_schema,5,http://schema.org/Place
GitTables_1854_schema,1,http://schema.org/MusicGroup
GitTables_1858_schema,6,http://schema.org/Place
GitTables_1859_schema,2,http://schema.org/Place
GitTables_1863_schema,6,http://schema.org/Person
GitTables_1865_schema,2,http://schema.org/Organization
GitTables_1870_schema,0,http://schema.org/Organization
GitTables_1872_schema,2,http://schema.org/Organization
GitTables_1875_schema,2,http://schema.org/Organization
GitTables_1878_schema,5,http://schema.org/Organization
GitTables_1879_schema,2,http://schema.org/Organization
GitTables_1881_schema,6,http://schema.org/Organization
GitTables_1884_schema,1,http://schema.org/Place
GitTables_1885_schema,0,http://schema.org/Place
GitTables_1886_schema,0,http://schema.org/Place
GitTables_1887_schema,6,http://schema.org/Person
GitTables_1888_schema,2,http://schema.org/Organization
GitTables_1892_schema,3,http://schema.org/CreativeWork
GitTables_1894_schema,6,http://schema.org/Person
GitTables_1895_schema,6,http://schema.org/Person
GitTables_1896_schema,0,http://schema.org/Organization
GitTables_1903_schema,1,http://schema.org/CreativeWork
GitTables_1904_schema,3,http://schema.org/Organization
GitTables_1908_schema,0,http://schema.org/Organization
GitTables_1913_schema,3,http://schema.org/Organization
GitTables_1915_schema,6,http://schema.org/Person
GitTables_1918_schema,5,http://schema.org/Country
GitTables_1920_schema,6,http://schema.org/CreativeWork
GitTables_1921_schema,3,http://schema.org/Organization
GitTables_1924_schema,22,http://schema.org/Event
GitTables_1926_schema,5,http://schema.org/MusicAlbum
GitTables_1927_schema,2,http://schema.org/Organization
GitTables_1931_schema,3,http://schema.org/Organization
GitTables_1934_schema,1,http://schema.org/Place
GitTables_1936_schema,6,http://schema.org/Person
GitTables_1937_schema,6,http://schema.org/Person
GitTables_1938_schema,0,http://schema.org/Organization
GitTables_1940_schema,1,http://schema.org/Organization
GitTables_1942_schema,6,http://schema.org/Person
GitTables_1945_schema,2,http://schema.org/Organization
GitTables_1946_schema,6,http://schema.org/Person
GitTables_1947_schema,2,http://schema.org/Organization
GitTables_1955_schema,1,http://schema.org/Place
GitTables_1957_schema,0,http://schema.org/CreativeWork
GitTables_1959_schema,2,http://schema.org/Organization
GitTables_1962_schema,6,http://schema.org/Place
GitTables_1963_schema,1,http://schema.org/MusicGroup
GitTables_1964_schema,2,http://schema.org/Organization
GitTables_1965_schema,2,http://schema.org/Organization
GitTables_1968_schema,2,http://schema.org/Organization
GitTables_1969_schema,6,http://schema.org/Person
GitTables_1972_schema,1,http://schema.org/Language
GitTables_1973_schema,2,http://schema.org/Organization
GitTables_1974_schema,6,http://schema.org/Person
GitTables_1975_schema,0,http://schema.org/CreativeWork
GitTables_1976_schema,2,http://schema.org/Organization
GitTables_1977_schema,1,http://schema.org/Place
GitTables_1983_schema,2,http://schema.org/CreativeWork
GitTables_1984_schema,1,http://schema.org/Place
GitTables_1985_schema,2,http://schema.org/Organization
GitTables_1986_schema,1,http://schema.org/Place
GitTables_1989_schema,6,http://schema.org/Place
GitTables_1990_schema,3,http://schema.org/Organization
GitTables_1992_schema,1,http://schema.org/Place
GitTables_1994_schema,2,http://schema.org/CreativeWork
GitTables_1995_schema,6,http://schema.org/Person
GitTables_1997_schema,0,http://schema.org/CreativeWork
GitTables_1999_schema,2,http://schema.org/Organization
GitTables_2002_schema,0,http://schema.org/MusicAlbum
GitTables_2003_schema,0,http://schema.org/AdministrativeArea
GitTables_2004_schema,0,http://schema.org/Place
GitTables_2005_schema,7,http://schema.org/Place
