MP07XC30,0,Q17201685
HOC624AZ,0,Q17201685
O6NAIUGU,0,Q17205621
LVITEW9K,0,Q1457747
RTE6AIBB,0,Q1457747
RQKLUWGB,0,Q1457747
MU3G04TQ,0,Q1457747
8QS61FN0,0,Q1457747
WMCVCDS1,0,Q1457747
2OTLS0TT,0,Q1457747
X5RLSJ1A,0,Q1457747
06C27Q4T,0,Q1457747
NS1OEVV4,0,Q1457747
N5WZT5ES,0,Q1457747
O58AEVS1,0,Q1457747
CKEIVM5T,0,Q1136601
Q4R3K1VI,0,Q1136601
YDLLM75Y,0,Q7897276
96BYQ1A8,0,Q1136601
252RYH1P,0,Q21850100
CU416IC7,0,Q21850100
KCLS4Z6Z,0,Q21850100
NWXDHMP4,0,Q21850100
NWXDHMP4,1,Q2154459
28711TAX,0,Q55491
F3WKUT7R,0,Q55491
4NHENFTG,0,Q55491
T6U1WH8P,0,Q55491
4Q4PBQV2,0,Q55491
D5AI10DE,0,Q55491
54M2MJVD,0,Q55491
505681LT,0,Q9096832
N94KAWOT,0,Q9096832
5BI41KPE,0,Q9096832
6GQVNIXQ,0,Q1266946
G1LG3ACU,0,Q1266946
GFPK0TN9,0,Q1266946
XKDODLW1,0,Q846837
CIHUR4DQ,0,Q846837
XS8VU2V5,0,Q846837
HWM9GZPN,0,Q846837
38FLPPEX,0,Q2338524
GGHHF15Z,0,Q26540
ZXXCAL42,0,Q47521
LCSQ1VJX,0,Q47521
ZBLNVGIF,0,Q47521
K9X49ODG,0,Q47521
0OMQ2B9F,0,Q47521
ZBPFW1PT,0,Q47521
H2BY311X,0,Q47521
G6VKX9PH,0,Q47521
MGUOA2P9,0,Q47521
P76IZT9C,0,Q841983
QE8V1VSK,0,Q841983
R0MUD1ZH,0,Q841983
QOFM5TIK,0,Q13414757
QOFM5TIK,1,Q12139612
J35GOET9,0,Q13414757
J35GOET9,1,Q15063611
412LB713,0,Q13414757
412LB713,1,Q15063611
OIR4IDGF,0,Q13414757
OIR4IDGF,1,Q15063611
T73LJU2E,0,Q13414757
YNATE044,0,Q13414757
QU7US4OD,0,Q13414757
Q8R2FJAV,0,Q182531
HZDZGXV9,0,Q182531
V2C61FQP,0,Q182531
C83UKMP1,0,Q20650761
6EO07N95,0,Q20650761
HQJPERU3,0,Q852190
J0BFCXRY,0,Q14770218
DP8FVL0J,0,Q14770218
8BG20G8J,0,Q695793
M0U96X66,0,Q695793
LG4GI8R9,0,Q695793
M8BWCRDY,0,Q56750657
9EZD937Q,0,Q56750657
U8QUBU3Z,0,Q56750657
610H8LYH,0,Q56750657
SGV55IWZ,0,Q11755880
5ELEMXPJ,0,Q11755880
JUERQLBX,0,Q11755880
8ZP2E9R2,0,Q898771
ZN1T79OT,0,Q898771
AI9Q335S,0,Q898771
MW7QEJ6Q,0,Q1318295
NEKYDJ97,0,Q1318295
GTRRY21O,0,Q1318295
HTN5FE9J,0,Q1318295
RV1TFXSJ,0,Q1318295
RV1TFXSJ,1,Q7725634
RV1TFXSJ,2,Q7725634
XN55MMHD,0,Q1318295
XN55MMHD,1,Q7725634
IUV3NMBJ,0,Q1318295
6V7RIEZB,0,Q1318295
VPZFSZII,0,Q1318295
88TJX2Z2,0,Q1318295
MMF7CFTK,0,Q15634554
QK5U10EW,0,Q4632675
8OBZCBYI,0,Q4632675
5FPNTUP7,0,Q4632675
LSRFHWDD,0,Q4632675
59KSTZVR,0,Q4632675
8V3MIDNT,0,Q4632675
GZO7VK20,0,Q4632675
HEJGIT3D,0,Q4632675
G09MZ7HS,0,Q3895619
WLHM25M2,0,Q3895619
EO6XVU0K,0,Q3895619
4B9O91PR,0,Q3895619
PA7TKC85,0,Q210272
WRGDAMFU,0,Q210272
MWHWGMIA,0,Q210272
9DDJFSUQ,0,Q210272
DA6P22V5,0,Q210272
04BOWABU,0,Q210272
P3F5EGE1,0,Q210272
5QYWZZ9X,0,Q210272
X7P3NVMT,0,Q210272
FZD3J3X4,0,Q210272
SHBDVPUP,0,Q210272
EHTP1E2Y,0,Q210272
Z7JHHR2B,0,Q210272
S8JSHGGI,0,Q210272
O1ZQMHBE,0,Q18325436
77VTP65G,0,Q18325436
RZHNG1UT,0,Q18325436
0Q7FD42U,0,Q18325436
W78ZPUXS,0,Q327333
M3E4RCRY,0,Q327333
M22RL928,0,Q327333
HAPGI9RA,0,Q1114515
QFPB3CIJ,0,Q1114515
4EYPHMTI,0,Q1114515
0SAMAAHE,0,Q1114515
6DGHVF99,0,Q1114515
6DGHVF99,1,Q5
ZNBCBDIT,0,Q1114515
ZNBCBDIT,1,Q5
BQWCLSMI,0,Q1114515
BQWCLSMI,1,Q5
GCZMZ6TQ,0,Q1114515
GCZMZ6TQ,1,Q5
WO8TRKPH,0,Q1114515
D017LW6U,0,Q1114515
A6FI5ZV7,0,Q1114515
I09WPO3F,0,Q1114515
HM723PTT,0,Q1114515
HM723PTT,1,Q3624078
GX5RQ2ZL,0,Q1114515
GX5RQ2ZL,1,Q3624078
P4XMWAWJ,0,Q1114515
P4XMWAWJ,1,Q3624078
AM8ACVHV,0,Q1114515
AM8ACVHV,1,Q3624078
NE29FILQ,0,Q1114515
QBG476CV,0,Q1114515
QT5G3QH1,0,Q1114515
ZL8FTXBA,0,Q1114515
BLSLFXL1,0,Q192078
IF30FFXV,0,Q192078
7F665HYB,0,Q3327862
982DOMP0,0,Q3327862
3D49RUH7,0,Q3327862
V0RTC5NE,0,Q101352
6F7JX303,0,Q3327862
UCJ8G0IS,0,Q3327862
BNAMDKNI,0,Q3327862
YE766MCV,0,Q3327862
OS42S2PW,0,Q37988355
JDIKP0OG,0,Q37988355
IGCROBMJ,0,Q37988355
ZY7XCU2P,0,Q744296
ZY7XCU2P,1,Q3624078
TY9S5VWO,0,Q744296
TY9S5VWO,1,Q3624078
MY8YKLUV,0,Q744296
CQCBDPUZ,0,Q744296
WN6EEOEZ,0,Q744296
FKP4DA8B,0,Q744296
CDZYM5V8,0,Q744296
OJFGUGHL,0,Q744296
F7HN4PK6,0,Q744296
JHI0KE78,0,Q744296
BM9FLXCQ,0,Q732717
2Z5BJFVQ,0,Q732717
V9D3XJML,0,Q17202187
FIF4EJ27,0,Q17202187
C5LSWLZH,0,Q17202187
F7WU6RZQ,0,Q17202187
59EKILO5,0,Q5358913
2FEBOZO1,0,Q5358913
CVJXK6BP,0,Q5358913
HKAS899K,0,Q5358913
D3UR9829,0,Q5358913
H5IYAW84,0,Q5358913
77334FPD,0,Q5358913
JWX2JKQE,0,Q1966910
SHTLBJ2L,0,Q1966910
UD032Y5V,0,Q1966910
UD032Y5V,2,Q3624078
QJ1AXFQY,0,Q1966910
QJ1AXFQY,2,Q3624078
RBVCOX71,0,Q1966910
27DSHQUC,0,Q1966910
9VF5LHWV,0,Q1966910
5SD6383A,0,Q1966910
FDXNTH4B,0,Q1966910
29FIDA1E,0,Q1966910
29FIDA1E,2,Q5
4MZ7GP1D,0,Q1966910
4MZ7GP1D,2,Q5
5JOM73CC,0,Q1966910
5JOM73CC,2,Q5
0GAOU6ZM,0,Q1966910
0GAOU6ZM,2,Q5
930NZFBU,0,Q1966910
QI7FYTLC,0,Q1966910
QI7FYTLC,2,Q5
67R243JQ,0,Q1966910
0CT03OJD,0,Q25110269
0CT03OJD,1,Q5
ZX0HJRMI,0,Q25110269
ZX0HJRMI,1,Q5
WOUOP0T0,0,Q25110269
WOUOP0T0,1,Q5
FJPMX9M0,0,Q25110269
FJPMX9M0,1,Q5
KMT8KB3A,0,Q25110269
KMT8KB3A,1,Q5
GVEZJIC0,0,Q25110269
GVEZJIC0,1,Q5
GVEZJIC0,2,Q5
GVEZJIC0,3,Q5
1YKVB098,0,Q25110269
1YKVB098,1,Q5
1YKVB098,2,Q56887397
FMRA7QIG,0,Q25110269
FMRA7QIG,1,Q5
FMRA7QIG,2,Q56887397
U5FPDF5F,0,Q25110269
U5FPDF5F,1,Q5
U5FPDF5F,2,Q56887397
RMDWLJK6,0,Q25110269
RMDWLJK6,1,Q5
RMDWLJK6,2,Q56887397
WOGC0066,0,Q25110269
WOGC0066,1,Q3624078
ME2UMZHK,0,Q25110269
ME2UMZHK,1,Q5
UJ77AMFQ,0,Q25110269
UJ77AMFQ,1,Q5
LYBPLGE6,0,Q25110269
3BMILGZY,0,Q25110269
3BMILGZY,2,Q5
3BMILGZY,3,Q3516833
3BMILGZY,4,Q23649977
AQ4FMXJQ,0,Q25110269
AQ4FMXJQ,2,Q1075
AQ4FMXJQ,3,Q5
8YR4X9UM,0,Q25110269
8YR4X9UM,2,Q1075
8YR4X9UM,3,Q5
RGBMYIGN,0,Q25110269
RGBMYIGN,2,Q1075
RGBMYIGN,3,Q5
WP0P66E4,0,Q25110269
WP0P66E4,1,Q5
GMNBQR04,0,Q25110269
GMNBQR04,1,Q5
ILUYVUVZ,0,Q25110269
ILUYVUVZ,1,Q5
G2H4G11Q,0,Q25110269
G2H4G11Q,1,Q5
8AQA7ZSQ,0,Q25110269
8AQA7ZSQ,1,Q5
N4BB2M6C,0,Q24869
N4BB2M6C,1,Q5
R5VXK8XY,0,Q25110269
R5VXK8XY,1,Q5
VSLOVJEV,0,Q25110269
VSLOVJEV,1,Q5
TWXDLI7X,0,Q36496
F15O5RMN,0,Q36496
LII2GMM7,0,Q36496
H3J2D4WZ,0,Q36496
I7GG0ZZX,0,Q22074477
NMTZZZX4,0,Q22074477
NMTZZZX4,1,Q559618
54MH8N99,0,Q22074477
WTKZULTY,0,Q22074477
7SWXMT0H,0,Q22074477
7SWXMT0H,1,Q5
TJF8BEAV,0,Q22074477
NAMQZBEU,0,Q22074477
NAMQZBEU,1,Q5
WC3WV00J,0,Q22074477
WC3WV00J,1,Q5
JKMKTN7N,0,Q22074477
TBQIT1QS,0,Q22074477
TBQIT1QS,1,Q101352
2GBIT3VA,0,Q22074477
2GBIT3VA,1,Q101352
G3VIC0ZF,0,Q22074477
G3VIC0ZF,1,Q5
XUXK8WQN,0,Q22074477
XUXK8WQN,1,Q5
VXEJ9ZNB,0,Q22074477
7P26TDM0,0,Q63209072
EROMZMP6,0,Q63209072
FT1PO39O,0,Q63209072
1FMCSCRZ,0,Q63209072
2PHCEXVO,0,Q27971968
ITFE0843,0,Q179872
S58ZNIIY,0,Q456876
B80VFT7K,0,Q456876
WTP2X3IB,0,Q456876
AW9P9ZIL,0,Q456876
4IETLGQF,0,Q1207909
LBGXNN9D,0,Q1207909
VJ91WBE5,0,Q1207909
8CSI99CQ,0,Q1207909
TP6ST23K,0,Q1207909
CVSSW8OZ,0,Q1207909
LXDVUWGN,0,Q1207909
JPH53V62,0,Q1207909
ZIOTFGJJ,0,Q1207909
ZIOTFGJJ,2,Q3624078
6Q0ZODO6,0,Q1207909
6Q0ZODO6,2,Q3624078
UT8V0MMA,0,Q1207909
UT8V0MMA,2,Q3624078
UKQ9SGOL,0,Q1207909
UKQ9SGOL,2,Q3624078
04JC2TZ9,0,Q1207909
QOMU9KGE,0,Q1207909
Y3DYON8B,0,Q1207909
D81FEP2L,0,Q1207909
K7A9CWCN,0,Q2264478
IXKF9DHY,0,Q2264478
4MN89JHI,0,Q2264478
HXVEUUPX,0,Q2264478
2HOX4H6Q,0,Q3529419
VNC208YR,0,Q3529419
U7AO40CG,0,Q3529419
4KOA440F,0,Q3529419
NNF44F0M,0,Q19723451
8EVSI0FN,0,Q19723451
46NI5NK5,0,Q19723451
FLU2L4OQ,0,Q19723451
ERJNX6P0,0,Q19723451
1YBRURYE,0,Q19723451
NHG6NY74,0,Q19723451
LH3BUC20,0,Q19723451
8HVS0QV7,0,Q19723451
PCVMN5ON,0,Q19723451
DL31VL44,0,Q19723451
8NYI4MG4,0,Q19723451
WUXPMQBA,0,Q19723451
M1W74FTU,0,Q19723451
4HF0HTI6,0,Q71963409
HBZA46GE,0,Q71963409
UKHEEF5P,0,Q71963409
S8OY20NW,0,Q71963409
AGVF6G59,0,Q71963409
3QROCON8,0,Q71963409
2L2Y8BKC,0,Q71963409
CNZOKL0H,0,Q726870
9Q69KLRZ,0,Q726870
UKNJ52IT,0,Q726870
AL1RZ5VR,0,Q726870
4N5YRM6G,0,Q132821
TORV33AZ,0,Q132821
PPYX8GW8,0,Q2111434
1TT5OPUJ,0,Q2111434
6S8HRJVJ,0,Q2111434
O37CZFX8,0,Q2111434
J65EID1O,0,Q2111434
8PI7O6MF,0,Q2111434
PKDU4T5P,0,Q2111434
1JPW4A2F,0,Q787934
YNJRM7AP,0,Q193893
IXA4NT4X,0,Q193893
NWXCGD3W,0,Q193893
NWXCGD3W,1,Q207694
0HQNE5NO,0,Q193893
C1A6LYHR,0,Q193893
IS8X76KI,0,Q193893
7186WAXH,0,Q193893
8FRPEUIR,0,Q193893
BXB0DQMT,0,Q193893
SOSCHV8V,0,Q193893
5QSHFB9C,0,Q193893
BKV97XAW,0,Q193893
GY3P8GI2,0,Q193893
DQG5HU8Z,0,Q193893
23GQJ08R,0,Q193893
05LKP6GN,0,Q193893
DWLPXYPF,0,Q193893
BQUT415X,0,Q193893
Y15DPXNH,0,Q193893
B9XETJOD,0,Q193893
VI0JM5XV,0,Q171043
8SWALSDV,0,Q171043
FDIMAXBQ,0,Q171043
RGLSFCS0,0,Q171043
BMENQS5A,0,Q23442
FCGKIWAK,0,Q23442
WZIHOOOG,0,Q23442
8VDVBTUI,0,Q23442
F3VVO5UC,0,Q23442
1IN41Y1K,0,Q23442
AL3NX20L,0,Q23442
4C2I8G60,0,Q23442
GNWOGBYI,0,Q23442
9L1D661D,0,Q23442
QXA5N543,0,Q23442
RVQJ0AKU,0,Q23442
5PIV4ZU2,0,Q23442
5ACQYTV8,0,Q23442
9F4Z2AV6,0,Q23442
ZDBOJ3F1,0,Q23442
GU9BZUO4,0,Q23442
JVOBFQI8,0,Q23442
7L5UGAK6,0,Q180684
EXGBEW40,0,Q180684
02BBGOHT,0,Q180684
ED6Q1ZVP,0,Q180684
9P2SGQMW,0,Q13221722
XWSBDP6Y,0,Q13221722
8QR4LUCI,0,Q41298
R0NP91NU,0,Q41298
YZEOUKAQ,0,Q41298
THX9D3OP,0,Q41298
ATIYTN7C,0,Q41298
0J6XXLLE,0,Q18691599
3H1T76U0,0,Q203904
3H1T76U0,1,Q19791817
M67N38U7,0,Q203904
M67N38U7,1,Q7725634
9GB7MBTV,0,Q203904
EPYLO3M2,0,Q203904
EPYLO3M2,1,Q7725634
O0NK20ZC,0,Q203904
7ZR7Q7R3,0,Q917146
BYA4WSB4,0,Q4022
8VGN8Y2P,0,Q3624078
LTE1CV0E,0,Q917146
TSTAKM7H,0,Q917146
F2IL3E6I,0,Q917146
OSPWWNSK,0,Q5
65SXBILS,0,Q75520
G73Z3FEJ,0,Q75520
E06ID7XI,0,Q75520
BXP8J49Z,0,Q499192
278PR163,0,Q499192
NAHUXFUP,0,Q499192
9FUKPZLF,0,Q499192
7CCYMDOW,0,Q2607934
6USCATV4,0,Q2607934
KWRIP8UK,0,Q2607934
FUHDXMGV,0,Q2607934
FUHDXMGV,2,Q5
FLJ3ZSHL,0,Q2607934
FLJ3ZSHL,2,Q5
R5Q2B09G,0,Q2607934
R5Q2B09G,2,Q5
2IJAX762,0,Q2607934
GD0NW662,0,Q2607934
GD0NW662,2,Q559026
GD0NW662,3,Q4508
89QNGRW1,0,Q2607934
89QNGRW1,2,Q559026
89QNGRW1,3,Q4508
7U77233R,0,Q2607934
7U77233R,2,Q559026
7U77233R,3,Q4508
CGD2RI2E,0,Q13442814
CQG4HVKK,0,Q13442814
VY8Z7YSJ,0,Q13442814
MZVHHTEK,0,Q13442814
AV93JG3A,0,Q13442814
SL9UNZ9Q,0,Q13442814
PZY1BE7S,0,Q13442814
4JX6WDWE,0,Q13442814
SKQR25FP,0,Q13442814
7AMYA2EY,0,Q244264
L9W2337U,0,Q6063801
RTWMF68S,0,Q6063801
6QTT8LLK,0,Q6063801
YDIQAKBS,0,Q5116872
YDIQAKBS,1,Q1115575
RDHN563T,0,Q5116872
WFF0IT54,0,Q5116872
WFF0IT54,1,Q18917976
766MXODY,0,Q5116872
766MXODY,1,Q18917976
7EG7GFZM,0,Q5116872
7EG7GFZM,1,Q30634609
FEHRMEON,0,Q16521
FFAD8FDP,0,Q16521
0XN5NR56,0,Q16521
HDNFVWGE,0,Q16521
UJY3NSWV,0,Q23622
GATL3E37,0,Q23622
VWZUAPE4,0,Q23622
JZ33JKRA,0,Q23622
097HI1L4,0,Q644507
LQHVX69L,0,Q644507
QBBBYP09,0,Q644507
JA9PBR2E,0,Q644507
2YPODSK2,0,Q644507
28COH73J,0,Q644507
6G3K3A47,0,Q644507
DBWQRAOV,0,Q644507
I1QTGBOZ,0,Q644507
SFCEGJTG,0,Q644507
BFHZU8MH,0,Q34009
3BLRIZXV,0,Q34009
08PJTGK9,0,Q34009
K9DX360L,0,Q34009
10DVQ324,0,Q34009
SLKR88LO,0,Q34009
JTIEU3VY,0,Q34009
6GHF2YMF,0,Q101352
Q8JYZJ8G,0,Q519630
JZSRKHB2,0,Q3231690
VVXTF2D5,0,Q59773381
VVXTF2D5,1,Q836985
ZQ7GEGED,0,Q59773381
JCLIOOPW,0,Q59773381
JCLIOOPW,1,Q836985
8JIEBLFK,0,Q3231690
8JIEBLFK,2,Q786820
GPJC12Q2,0,Q59773381
GPJC12Q2,2,Q786820
KC065BKX,0,Q3231690
H2ZP90JI,0,Q59773381
CATNPBT8,0,Q3231690
SF6XDCOQ,0,Q59773381
SF6XDCOQ,1,Q3231690
SF6XDCOQ,2,Q10429667
T5JWKP23,0,Q29414133
T5JWKP23,1,Q29385989
6NGDMV0M,0,Q29414133
6NGDMV0M,1,Q29385989
K87RDFPR,0,Q29414133
K87RDFPR,1,Q29385989
8V4O1QHZ,0,Q29414133
8V4O1QHZ,1,Q29385989
CN14ET6Z,0,Q29414133
CN14ET6Z,2,Q5
CN14ET6Z,3,Q60176300
CN14ET6Z,4,Q17272482
T911A4V2,0,Q29414133
T911A4V2,1,Q5
C3SP0L82,0,Q29414133
OA4DHX44,0,Q29414133
NG8ORD2N,0,Q63100611
L2I7T8GS,0,Q63100611
1Q1IUU06,0,Q63100611
YS4RIWIF,0,Q63100611
PCYJTANI,0,Q1121471
H743G241,0,Q1121471
GWDQ3LNV,0,Q1121471
MLLVL75A,0,Q1121471
FYSY96PP,0,Q1121471
QNTA0BX1,0,Q191992
PZLBJJG1,0,Q191992
0NWCN6DG,0,Q191992
TBILPZRN,0,Q191992
DL1H7DU4,0,Q15221370
B6OBZ8LB,0,Q15221370
6QY7FU4H,0,Q15221370
NOGQGGEZ,0,Q15221370
2D5UED7G,0,Q15221370
9P9HD0PJ,0,Q101352
NFT3OLIY,0,Q15221370
PE3VPETY,0,Q5
MBDLU6UE,0,Q2516330
IN2MCPTL,0,Q2516330
KR2TQHKS,0,Q2516330
LZXYDW1P,0,Q2516330
J95NXGAW,0,Q4886
J95NXGAW,1,Q16521
MWCVCBCE,0,Q4886
MWCVCBCE,1,Q16521
RGCUS3GB,0,Q4886
RGCUS3GB,1,Q16521
SH81FSCR,0,Q4886
T781MZKH,0,Q4886
PFJX6RFZ,0,Q4886
OCJH64EJ,0,Q4886
OCJH64EJ,1,Q427626
APGTPT8Q,0,Q6936225
HBG2Z7YN,0,Q6936225
JCQP5BL0,0,Q6936225
ZPVHL742,0,Q6936225
3JU3XKAD,0,Q6936225
NV0NY74P,0,Q6936225
1WSVE62T,0,Q831869
1WSVE62T,2,Q24017852
1WSVE62T,4,Q3329412
24BKLPFG,0,Q831869
WJKKAWVO,0,Q171318
39QT9YSR,0,Q34842263
RWWGEL2J,0,Q16858213
M21Z4QUF,0,Q34842263
ZN964U4O,0,Q34842263
U65UN1O7,0,Q34842263
PI96SCFP,0,Q34842263
VVZK2KOD,0,Q16858213
OAXQDI79,0,Q16858213
TOB4V0EY,0,Q830831
2DLQQTDT,0,Q830831
XCO58N1L,0,Q830831
MVFAQVL0,0,Q830831
9Y92FND7,0,Q830831
5WLDGYBZ,0,Q830831
LT95OOX5,0,Q830831
X6Q2F3L7,0,Q830831
QS18WHHP,0,Q830831
WBLX41IJ,0,Q2168098
JU7WFBXP,0,Q830831
951W6GCN,0,Q830831
LYVUZC6P,0,Q830831
QPKCJ2I9,0,Q830831
YZVJFEYY,0,Q655150
5Z6N58H7,0,Q655150
A2TX5PTT,0,Q655150
RKMG3V57,0,Q655150
L7D0XEQL,0,Q655150
L7D0XEQL,2,Q2312410
FQPMLGZ0,0,Q655150
FQPMLGZ0,2,Q2312410
1TQ75L9F,0,Q655150
1TQ75L9F,2,Q2312410
CIHKKZUS,0,Q655150
CIHKKZUS,2,Q2312410
CIHKKZUS,3,Q53534649
N2B2H3DZ,0,Q22687
VY1EE9JG,0,Q22687
NIX76OSV,0,Q22687
M2I43TER,0,Q22687
5OFHOFGL,0,Q22687
A5HN9TCX,0,Q22687
YE634R87,0,Q22687
TTWV47Y7,0,Q3677932
V0BVQG32,0,Q3677932
5SB5IMUA,0,Q3677932
G9DD3QG9,0,Q16739079
POUOXI7F,0,Q16739079
D7T6VYW0,0,Q16739079
964GBN1O,0,Q16739079
MQALSO5Y,0,Q16739079
16HJ9CCM,0,Q16739079
DNF80907,0,Q16739079
DXFBCQ0A,0,Q16739079
8O1S38PO,0,Q45776
AAJ008DX,0,Q45776
AAJ008DX,1,Q5
5TR47H26,0,Q45776
N3DZS1P8,0,Q45776
N3DZS1P8,1,Q45776
N3DZS1P8,2,Q4022
SX87OSMP,0,Q45776
7R9ERXZN,0,Q45776
4FXUFK4A,0,Q45776
4FXUFK4A,2,Q4022
9OTDMJLV,0,Q45776
9OTDMJLV,1,Q66724388
F7N51UDK,0,Q45776
8Z9QUJH8,0,Q45776
Q58YMO4S,0,Q45776
Q58YMO4S,1,Q23442
YZYRR6OJ,0,Q45776
J5ELUFUA,0,Q45776
3UQ2XXRQ,0,Q45776
4UILOOKT,0,Q45776
NXUVX6L7,0,Q45776
QQWHQ0LH,0,Q45776
QQWHQ0LH,1,Q99281788
F2C6YD6E,0,Q45776
F2C6YD6E,1,Q482994
C68PTA3K,0,Q45776
THBIDW5S,0,Q45776
IIXL6ZCE,0,Q45776
FD8N5CPC,0,Q45776
V5WENZ2F,0,Q45776
ECUUVWIA,0,Q45776
BMOD2U22,0,Q45776
D1HRLULV,0,Q45776
6WCP0ME2,0,Q45776
6WCP0ME2,1,Q46169
ADHYCTJ9,0,Q45776
ADHYCTJ9,1,Q46169
BFIR9L2Y,0,Q558330
TUQGDWD7,0,Q558330
AW1CBM7N,0,Q558330
T6GFP59J,0,Q486972
56H1MUEC,0,Q558330
L4PJK31V,0,Q847017
PHBFG6O1,0,Q847017
QP2VD242,0,Q847017
W5XER3QW,0,Q847017
60QZBSXD,0,Q31615
60QZBSXD,1,Q99281788
60QZBSXD,2,Q3624078
8FSZEUL6,0,Q31615
8FSZEUL6,1,Q23442
XKB1N0M1,0,Q31615
ZOBJ5SIK,0,Q349772
OQB4SL83,0,Q349772
OQB4SL83,1,Q3624078
NJUWFDNM,0,Q349772
PWKFDF7Z,0,Q349772
LQO9Y91U,0,Q349772
XORYD2RK,0,Q190157
XORYD2RK,1,Q3624078
ZSOJ71UC,0,Q27996466
4TC47SMF,0,Q27996466
5RXSNFZ5,0,Q27996466
9YW0ARJC,0,Q3343298
Y3LO9JY9,0,Q3343298
CPUOPZ31,0,Q12225020
ZOWFEGYP,0,Q7187
OHTGAYVT,0,Q12225020
RWS6TR5K,0,Q12225020
B139U15X,0,Q12225020
K7P7ZN2F,0,Q12225020
OPJ4OQ6F,0,Q12225020
7VLYDXZV,0,Q12225020
L9722AYQ,0,Q21073024
39KFPSAD,0,Q21073024
9PLFOCC2,0,Q21073024
YPNOZWDH,0,Q21073024
BDWXFJKR,0,Q21073024
KAT2U8N2,0,Q21073024
KAT2U8N2,1,Q975413
NHRR53AC,0,Q33742
2TQ474RJ,0,Q33742
EBFX6WR9,0,Q33742
9UKGYHDE,0,Q15145593
J0WDALX2,0,Q15145593
0DCH2HLW,0,Q25377652
0DCH2HLW,1,Q740752
3Z8PSG5K,0,Q11060274
3Z8PSG5K,1,Q740752
PK402I45,0,Q15145593
PK402I45,1,Q740752
IY06SL21,0,Q15145593
38873WJF,0,Q15145593
38873WJF,1,Q1549591
38873WJF,2,Q15640053
DQP65WRC,0,Q15145593
DQP65WRC,1,Q1549591
DQP65WRC,2,Q15640053
DLHOD9DX,0,Q15145593
DLHOD9DX,1,Q101352
RFIJPBUM,0,Q15145593
RFIJPBUM,2,Q15640053
VAOW12ID,0,Q15145593
VAOW12ID,1,Q3624078
EKTVTUCY,0,Q15145593
EKTVTUCY,1,Q214519
VA7KUX44,0,Q15145593
8JBJXTC8,0,Q15145593
2GVTND7O,0,Q15145593
MFE1PDUB,0,Q5
MFE1PDUB,1,Q7835189
WZG2ZTSG,0,Q15145593
WZG2ZTSG,1,Q2326317
8EX0VFD7,0,Q15145593
GWPIQDYS,0,Q216057
B2UJM2D3,0,Q216057
M3Y1OJBL,0,Q216057
F05VLK3F,0,Q216057
S213NYDR,0,Q216057
JF0QS2TF,0,Q216057
PU8K7RFC,0,Q216057
4Y3DWELK,0,Q216057
3XODPCDZ,0,Q216057
A3ZNXSYL,0,Q216057
Y3KL6XZ3,0,Q216057
Y3KL6XZ3,1,Q190928
61P31QM0,0,Q216057
I3KV7IH0,0,Q216057
64K6EX1U,0,Q216057
3W6UNFXF,0,Q216057
GIT8WWKN,0,Q55089312
OE65V6Y9,0,Q55089312
KJEJ6TB5,0,Q55089312
EXBL7CB1,0,Q758895
EXBL7CB1,1,Q17155032
VUER1S51,0,Q758895
VUER1S51,1,Q17155032
B606N5T7,0,Q758895
B606N5T7,1,Q17155032
OV1LXCOA,0,Q758895
TCL9MTC6,0,Q756102
WOIHJISV,0,Q756102
TTGG71TW,0,Q756102
TTGG71TW,2,Q3624078
KDL34QHV,0,Q756102
KDL34QHV,2,Q3624078
X6QHYMV0,0,Q756102
X6QHYMV0,2,Q3624078
9TQK8KOH,0,Q756102
9TQK8KOH,2,Q3624078
EFNCHYJ7,0,Q756102
63G3STI3,0,Q756102
V2CKKQRX,0,Q756102
KBE6JD39,0,Q756102
QADS938P,0,Q756102
NRJ9M0VI,0,Q756102
9QRZVAB8,0,Q756102
2REQ5ESV,0,Q1153690
YTPUAT7Y,0,Q1153690
71CYA50B,0,Q1153690
VP1X2WO8,0,Q1153690
GFXN1GFR,0,Q1153690
YRV34QDR,0,Q1153690
JPQEI65L,0,Q1153690
WWPNL2KB,0,Q1153690
HQDS2S4L,0,Q1153690
SGCG38O8,0,Q1153690
QABA5PR0,0,Q1153690
NXYLVY5H,0,Q1153690
ZD2SZOOY,0,Q1153690
CYVHW0RM,0,Q1153690
ODAV44SN,0,Q1153690
E9BGPLDA,0,Q1153690
0V8VAQYZ,0,Q1229765
FJRL5J31,0,Q498162
MZZQRBIH,0,Q1229765
09FPZ0IE,0,Q1229765
EFANL9OC,0,Q1229765
FC6AHJHV,0,Q49850
R0DOIL8S,0,Q93184
9MLIPRII,0,Q93184
84V42N2J,0,Q93184
CY56B1WH,0,Q11060274
UJEK2U3H,0,Q811704
HVLCPW0N,0,Q811704
RXDOCYLJ,0,Q7187
V9HOB83P,0,Q811704
NPJH15X0,0,Q21014462
MPB803ZH,0,Q811704
MLCH3TN0,0,Q811704
A94H7XVN,0,Q811704
ELUXA6DS,0,Q811704
ROAMRGLB,0,Q811704
0R5NCGK1,0,Q811704
ZPTPHL0V,0,Q811704
FK3LCZHD,0,Q811704
EJQJD3JP,0,Q811704
CZIDILZD,0,Q44529188
PV0QITQC,0,Q55488
9AP07JDY,0,Q55488
91TIC0RP,0,Q55488
N1E65XRG,0,Q55488
QXJBWWH8,0,Q55488
DEAFZVRF,0,Q55488
RCOUDI8K,0,Q55488
737UIG4Z,0,Q55488
4CYMD4GT,0,Q55488
XTM44KS1,0,Q170013
K34YAII8,0,Q170013
LFXOCMRC,0,Q170013
15Q6TOA8,0,Q170013
D9QEFEX2,0,Q28225717
XYLUZOGX,0,Q28225717
30RFGTH5,0,Q28225717
T2TQZ696,0,Q414506
2U1GT7L7,0,Q414506
ZIA0IBWE,0,Q162620
B3V2Y5QZ,0,Q162620
JKYC3V44,0,Q162620
W44IXN5Z,0,Q161387
08MMZAU6,0,Q161387
T0OR23A0,0,Q1248784
PPJZREJ9,0,Q161387
JZH26271,0,Q381885
PHM3GKYR,0,Q381885
Y2BWCI9L,0,Q381885
L59Q17UG,0,Q381885
XVI4GI09,0,Q381885
U9Z878I6,0,Q508867
DPB4LWT1,0,Q508867
WXCFZ6DM,0,Q10862618
HZCC54ML,0,Q10862618
WTZT8FFK,0,Q10862618
EZEXD1B5,0,Q10862618
5382IMOY,0,Q2365159
5382IMOY,2,Q17272482
1IM29CPI,0,Q726870
0HCRXRBW,0,Q658255
YS4EZ9VL,0,Q1768043
TIHDV5TA,0,Q1768043
QZ8LIAFJ,0,Q1768043
OBEQ7DPM,0,Q3257686
ABIY4M9A,0,Q3257686
S7DKT9OH,0,Q28931760
51VS0BYH,0,Q3257686
JU2MXIPB,0,Q3257686
OA3GX8GR,0,Q3257686
TEIEFWIN,0,Q17376095
PFZNT0FB,0,Q15921247
N06HAT94,0,Q15921247
FYHODG1E,0,Q15921247
8G4N5HTJ,0,Q44613
8G4N5HTJ,2,Q747074
MA4NC70X,0,Q740437
HYNN0N3G,0,Q29168811
JCACBUOZ,0,Q29168811
ZBFA0R52,0,Q29168811
SPWPSL54,0,Q29168811
4KE1RBN8,0,Q15630849
AUL2QKSW,0,Q4224624
UT17T41K,0,Q4224624
9JK3YM6O,0,Q15630849
3LEWW5SF,0,Q15630849
X88XKIEM,0,Q15630849
3NW31033,0,Q705296
VM8VQNED,0,Q149621
9OL814H1,0,Q149621
OFDQAVUU,0,Q149621
ZYTCMBCW,0,Q149621
VGHRDCAX,0,Q474
OBNT3ABP,0,Q19730508
OBNT3ABP,3,Q17272482
KTV77ZFP,0,Q19730508
KTV77ZFP,2,Q3624078
LTFACTLC,0,Q19730508
MGXTGSWM,0,Q253019
TCZRCOQJ,0,Q19730508
GLVESBJC,0,Q19730508
56OX7PFE,0,Q19730508
TI2GCK5O,0,Q19730508
9UMALGKD,0,Q101352
W00SV2N8,0,Q19730508
2M381101,0,Q19730508
BJNXVDPA,0,Q19730508
3XHJUORW,0,Q19730508
EAUINJ95,0,Q19730508
NE36XR9B,0,Q386724
YFTGATWD,0,Q386724
KK897T3N,0,Q386724
1YGJMABR,0,Q3333989
OEJWSIUX,0,Q8776398
8M780BKU,0,Q3333989
G9NDNEJI,0,Q3333989
8LYTCQWG,0,Q1917626
JCJMIPHX,0,Q215380
5ORKLICH,0,Q473932
WVEGFH60,0,Q473932
TWZCAT0N,0,Q11446
LUV6JXRQ,0,Q473932
DFG1P1WI,0,Q473932
9HQDJ83H,0,Q913337
XODD819A,0,Q6243
DS9MC3ND,0,Q6243
MEC7DFH6,0,Q6243
VA1AI4KN,0,Q6243
N1LL65F4,0,Q6243
OSX1EXCM,0,Q6243
MDJE7BY1,0,Q6243
94LP7M8G,0,Q6243
6B5HZB8F,0,Q6243
ZN23HYOX,0,Q523
OZCUKY2W,0,Q6243
GM4762RC,0,Q6243
7SS26AQR,0,Q6243
B1AR4MDR,0,Q6243
VF750VWB,0,Q6243
RLRBTIHB,0,Q6243
NSZ5E49D,0,Q6243
2CYRLVHA,0,Q6243
9GLXJ6BD,0,Q6243
4VSFLAFF,0,Q6243
JI0WQ0GA,0,Q6243
01ELLIQM,0,Q6243
QBEB6EC3,0,Q6243
O0ZL0835,0,Q6243
Z0U6EX14,0,Q6243
N4ZGESCB,0,Q6243
D4WVGR0J,0,Q6243
9NTI786X,0,Q6243
ZB21LB8T,0,Q6243
B0MHCHXZ,0,Q6243
I0CJGPTH,0,Q6243
QJAVSJOY,0,Q6243
HCO9T9R9,0,Q6243
UN1R67FR,0,Q6243
SU4Z9KBD,0,Q6243
UCO0CVH3,0,Q1302471
THWTPWBT,0,Q1302471
YJMAHPDB,0,Q1302471
M0QEFCD1,0,Q1302471
MP8T7TLW,0,Q1302471
LT7QJA0U,0,Q1302471
EV8Z8Q1N,0,Q1302471
CJ5CTXCR,0,Q1302471
YTNHKE58,0,Q1302471
3UPW0YHZ,0,Q1302471
X40PHZBK,0,Q1021711
9LKATUTG,0,Q1021711
KCS46TEQ,0,Q262166
FFPOLUUU,0,Q1021711
90TSYDZ6,0,Q1569167
7AOILVPY,0,Q1569167
WUWOSXQQ,0,Q1569167
6ZXG9RH8,0,Q1569167
WLBPN8KS,0,Q1569167
HXXUDMFY,0,Q190403
6JVWTMA6,0,Q190403
3OBH3MCY,0,Q190403
KTME577D,0,Q190403
36LQNF8U,0,Q746369
OKSDW13V,0,Q746369
OKSDW13V,1,Q5
KI3ZJZKK,0,Q746369
KI3ZJZKK,1,Q5
NUSFFFBE,0,Q746369
UBILDPN0,0,Q746369
HHR3QR9V,0,Q746369
QEFNX05E,0,Q746369
O6IM5204,0,Q746369
7FGKRWK5,0,Q746369
1R9EIGWH,0,Q746369
ZN6N1T02,0,Q746369
5SQIHOK1,0,Q877886
4EC7OJ05,0,Q877886
DSZJ5447,0,Q1852859
GOXKL2CL,0,Q1852859
L9HG731D,0,Q2039348
CXGUE8P6,0,Q1852859
4KX4OMJX,0,Q1852859
2DMFU3LZ,0,Q2785355
029ZIIDR,0,Q2785355
94A28ZDJ,0,Q2785355
PVU28TK5,0,Q2785355
HRJI55MZ,0,Q2785355
HRJI55MZ,1,Q3624078
X5IT4JYM,0,Q2785355
X5IT4JYM,1,Q3624078
THK4WW3O,0,Q2785355
THK4WW3O,1,Q3624078
CYTVUCJE,0,Q2785355
CYTVUCJE,1,Q1497375
CYTVUCJE,2,Q79007
H8D1HBA7,0,Q2785355
H8D1HBA7,1,Q1497375
H8D1HBA7,2,Q79007
OVKWZ74I,0,Q2785355
OVKWZ74I,2,Q79007
QCGAJKKJ,0,Q2785355
QCGAJKKJ,1,Q1497375
QCGAJKKJ,2,Q79007
NZ1KXQ9H,0,Q2785355
NZ1KXQ9H,1,Q2039348
TFC2KPI8,0,Q2785355
TFC2KPI8,1,Q2039348
J9AVNXDK,0,Q2785355
J9AVNXDK,1,Q2039348
UHHZ8NJ7,0,Q48498
SIWBJY57,0,Q48498
BGO7ZQTU,0,Q48498
LZ9YCRK5,0,Q48498
3K1ZQKW7,0,Q48498
1AQ74RUW,0,Q48498
JBQ1HM8B,0,Q48498
5XR2EQIK,0,Q17376095
EA8YRZYD,0,Q486972
7O0HKWUY,0,Q17376095
OF6Y5RU1,0,Q17376095
T9W2R9V5,0,Q2655841
ADWKFZY7,0,Q2655841
7WYH7L3R,0,Q2655841
UDJ6FZ0F,0,Q2655841
TRRQ3CYO,0,Q22075301
TRRQ3CYO,1,Q5
TRRQ3CYO,3,Q50424085
4XD8ZRP9,0,Q22075301
REDSXJP9,0,Q22075301
173FOZ32,0,Q22075301
L14YAF64,0,Q17376095
O18H9H5X,0,Q11183787
3QMRPZ9V,0,Q17376095
II4A0F73,0,Q11183787
K2ZP6UK0,0,Q11183787
HNGQLXAV,0,Q5
CTBSJYTJ,0,Q7187
BYV6D3AH,0,Q11183787
NQXWHOQB,0,Q11183787
E6UAN292,0,Q18965
9L72JV28,0,Q18965
WMP55HJ9,0,Q18965
PAH2HRR3,0,Q482994
YYX6WXKC,0,Q14928
59GD5789,0,Q14928
J4PGVWCI,0,Q14928
OMG9ZHNJ,0,Q1153690
308EN1VP,0,Q14928
6YHNP3VI,0,Q14928
ZHJPSNTA,0,Q14928
2K65Y6GF,0,Q7540126
J4T5L82N,0,Q134556
KQJSOABN,0,Q134556
99IIGZ0C,0,Q134556
PCAKJ519,0,Q134556
ZC7764JW,0,Q134556
PFZM7ZPW,0,Q134556
TTJYUBRW,0,Q11424
GSV0VZQU,0,Q1261214
L9S3SDVY,0,Q1261214
FMU6UE3F,0,Q3397526
GEIH9AIU,0,Q3397526
Q5UQK8IK,0,Q1068842
KCAQ62CT,0,Q3397526
V7SXLVKJ,0,Q3397526
SQKJQL2R,0,Q3397526
8YSWD162,0,Q3397526
ANYOOLNV,0,Q3397526
MXU1VTYV,0,Q17198545
JXM5LLP8,0,Q28111
8KY5Q78K,0,Q17198545
VRKYVY6P,0,Q28111
ZUVPTHT9,0,Q5119
MG0K0B9M,0,Q5119
345OTWMN,0,Q5119
GHPGOG6X,0,Q5119
NLFXQZ6O,0,Q170477
79FF2MYD,0,Q170477
A3JRYCFK,0,Q170477
S4XCJ540,0,Q170477
KD6CGOD9,0,Q13405588
OJW8QUWO,0,Q13405588
UTS4TP22,0,Q13405588
F58RSJHM,0,Q13405588
5LR80LP9,0,Q1497364
KJ9XJYQ7,0,Q1497364
VJ68JVUS,0,Q1497364
YFJO6JOM,0,Q1497364
XHT9597J,0,Q1497364
AB138P2W,0,Q1497364
FV92RASR,0,Q1497364
HR6F3A4P,0,Q1497364
HR6F3A4P,3,Q32880
Q7YYIA8J,0,Q1497364
Q7YYIA8J,2,Q5
Q7YYIA8J,3,Q32880
M5OQ62SD,0,Q1497364
M5OQ62SD,3,Q32880
2NPY1HDL,0,Q1497364
8VVUOKA7,0,Q1497364
WSKEV8W9,0,Q1497364
P5RP7SYC,0,Q1497364
3BLDHSS0,0,Q1497364
CBSQK6ER,0,Q1497364
QDPG95YC,0,Q1497364
456BP6OT,0,Q1497364
JR35Y7ZB,0,Q1497364
CDV4V70G,0,Q1497364
ZB6ASYYV,0,Q1497364
6J3IT8TF,0,Q1497364
6J3IT8TF,2,Q3624078
MA44JDOI,0,Q1497364
G2E6IQ9R,0,Q1497364
HMPDEGXU,0,Q1497364
HMPDEGXU,1,Q79007
6YDLNFU6,0,Q1497364
O12B3SC8,0,Q1497364
DLUWFCI1,0,Q1497364
YYILI08P,0,Q10416961
V99UMO8V,0,Q178193
72Z1XFZC,0,Q10416961
SVBDXIC0,0,Q10416961
IXE2FWAX,0,Q10416961
IEP7FMDW,0,Q10416961
5Y6DG71W,0,Q12813115
3P4CFW89,0,Q12813115
3P4CFW89,1,Q975413
3KBV685D,0,Q12813115
SOQMAJ8W,0,Q12813115
LM02M9VS,0,Q12813115
ANT029XP,0,Q12813115
ETQDLMA6,0,Q12813115
PPMEI4O9,0,Q12813115
2R4VI1EJ,0,Q12813115
TJYKDJPP,0,Q12813115
ZUL7Z8M4,0,Q12813115
30UHAYS9,0,Q12813115
Z052OTR0,0,Q12813115
QX2CB9LN,0,Q12813115
QX2CB9LN,1,Q127448
HY9LBBJE,0,Q12813115
EW85031H,0,Q12813115
3IEA4Y78,0,Q55818
KYLV60PJ,0,Q55818
5OIXT523,0,Q13402009
M3JUFGW1,0,Q13402009
VR053OV0,0,Q13402009
J4BUNMCI,0,Q13402009
N3QYXIPS,0,Q13402009
P9CD35RZ,0,Q13402009
G8PKBO0R,0,Q13402009
5SRLI6HI,0,Q1637706
G6HBSKU6,0,Q101352
LVGHZ5VY,0,Q1637706
GE265VW2,0,Q1993334
UFFP5YFQ,0,Q1993334
UFFP5YFQ,1,Q66747126
Y3UKJ5Y7,0,Q9388534
8NHKX6WQ,0,Q9388534
0WUW5XR8,0,Q159821
X6MVVIHZ,0,Q159821
8YSZFDGA,0,Q159821
ATWJI33G,0,Q4085712
QHX52B69,0,Q4085712
PXD11755,0,Q4085712
2GFIFXO8,0,Q1400565
2NEKHRRR,0,Q1400565
JNOQMLW8,0,Q1400565
6S9EDJUL,0,Q95074
5DOU16YH,0,Q21009059
CJDGHC1T,0,Q21009059
F26BJUUR,0,Q21009059
D4Z19KGI,0,Q15974311
OFC73M8P,0,Q15974311
AK3TY12A,0,Q15974311
R4W8TKWQ,0,Q14947481
IQDOPA5Y,0,Q14947481
TVX9BN13,0,Q682943
4TZKV3RU,0,Q682943
EI0OGNRB,0,Q682943
VG71BH7Z,0,Q682943
J3NVW24J,0,Q14750991
DW44J12F,0,Q39614
PNJC6TDY,0,Q14750991
EZ2RUVYY,0,Q12323
EYOYA07K,0,Q12323
0XJ5NW69,0,Q15911738
1DH0F73D,0,Q12323
03T4AJLE,0,Q12323
HYAFUNOK,0,Q15911738
4NZF8Q82,0,Q12323
YZ533GFM,0,Q15911738
DQB7B3RV,0,Q15911738
JBGB4ZT6,0,Q15911738
CLGY6Z4F,0,Q15911738
A1G38GAS,0,Q12323
2BX4W3PX,0,Q15911738
CTHMEJY4,0,Q15911738
1V24ZXOY,0,Q15911738
FO4AG8GL,0,Q526877
L32BR8KA,0,Q526877
HNIAIH9Y,0,Q526877
JVOWGPSQ,0,Q526877
E7WOWC24,0,Q1907114
KCKNA8RO,0,Q1907114
23BKECLN,0,Q1907114
CSRZ9B7R,0,Q55102916
4RBW92ED,0,Q101352
LO3O3OQN,0,Q55102916
22CGPT7S,0,Q55102916
DDMMT5J2,0,Q55102916
R6DK5LA1,0,Q55102916
VUXOSIPY,0,Q1428357
NDUE6CPN,0,Q1428357
G9F6D4KO,0,Q1428357
1CU7WTCY,0,Q15141321
H4VV2EXA,0,Q15141321
40Q0IOFT,0,Q15141321
HF3KMWY4,0,Q15141321
KG5PUDRI,0,Q15141321
658O8HXY,0,Q15141321
9XSU9OVS,0,Q15141321
JUVUI0HX,0,Q858439
JUVUI0HX,1,Q5
JUVUI0HX,2,Q858439
0O5T557G,0,Q112679286
0O5T557G,1,Q5
M0VCM29T,0,Q4128590
M0VCM29T,1,Q5
M0VCM29T,2,Q4128590
GYBHZ540,0,Q28222055
GYBHZ540,1,Q28222055
31K1AQXB,0,Q28222055
31K1AQXB,1,Q28222055
A1CHUU5N,0,Q858439
TS0R5X5W,0,Q858439
TS0R5X5W,1,Q858439
P2UXXT5U,0,Q858439
SZBC6QBN,0,Q858439
SZBC6QBN,3,Q3624078
JP9CZ8UW,0,Q858439
JP9CZ8UW,3,Q3624078
025ZWFOM,0,Q858439
025ZWFOM,3,Q3624078
D2DQPIQF,0,Q858439
D2DQPIQF,1,Q5
LFS8O5YL,0,Q858439
LFS8O5YL,1,Q5
MAWEMLVZ,0,Q858439
MAWEMLVZ,1,Q5
5QZXPL72,0,Q858439
5QZXPL72,1,Q5
5CK467BE,0,Q28206753
5CK467BE,1,Q47566
GGTG8T5E,0,Q28222060
GGTG8T5E,1,Q47566
8VIAYY54,0,Q28222187
8VIAYY54,1,Q47566
2LXOFM3Z,0,Q28222055
2LXOFM3Z,1,Q47566
YAKSLWZV,0,Q28222171
28Y60V30,0,Q52721923
8VNEETT7,0,Q52721923
IYJWMKD9,0,Q52721923
JQWH1YYG,0,Q52721923
PT11OCHK,0,Q52721923
Q0EF7K2N,0,Q52721923
XTWFHKD7,0,Q52721923
6ZK71WB2,0,Q52721923
NPT1OK0A,0,Q2217301
4A53DVK3,0,Q7725634
S8A9XPQM,0,Q2217301
Z4ZCU1G4,0,Q2217301
R88OWH3M,0,Q2217301
BYZB4R3F,0,Q2217301
D62FGVEO,0,Q2217301
D62FGVEO,1,Q5
JWMT6068,0,Q2217301
JWMT6068,1,Q5
5DK0F9GL,0,Q2217301
5DK0F9GL,1,Q5
8RJDULUY,0,Q18559008
F0M4BNFF,0,Q18559008
V2FFWE6M,0,Q18559008
FGCOJ1JC,0,Q35989030
YP9NA0Y6,0,Q35989030
UWSHUHC2,0,Q35989030
X5FAZ7CZ,0,Q61878
3NRRN3YE,0,Q61878
SU642HTA,0,Q61878
UADUQE2U,0,Q61878
1YJAA6LC,0,Q61878
IZ3RLQ8Y,0,Q61878
SVLFCKNR,0,Q61878
DD8JGVPP,0,Q54050
HF4WQEQC,0,Q54050
193A58QJ,0,Q54050
832YAMUU,0,Q54050
Z40VGY0Y,0,Q6999
3T1MBWUP,0,Q6999
EYE4ORQR,0,Q318
BCE0HS55,0,Q1410668
AVE89VJV,0,Q1009641
VL5GK74Z,0,Q1009641
O7L61DDC,0,Q1009641
I8BML2PE,0,Q49848
F61F1YCC,0,Q49848
Z2JYWM0Q,0,Q49848
F0GOT8KG,0,Q49848
ETBL3GBV,0,Q1131296
NF2NM7J4,0,Q1131296
KJBY7E43,0,Q1131296
RVZV7IQB,0,Q1131296
18NV2N5U,0,Q1131296
I205GPXF,0,Q1131296
1REBOMYJ,0,Q1131296
FTWAGK9I,0,Q1131296
8WQAZFK1,0,Q2919801
ACPV6XEJ,0,Q2919801
DDSYBHNO,0,Q2919801
X9ELBOKR,0,Q2919801
28XI396B,0,Q2919801
PMWOWNZM,0,Q2919801
ZXT9TTB7,0,Q2919801
BQ6YXKSZ,0,Q17143070
BQ6YXKSZ,1,Q8192
9DO4N2DO,0,Q17143070
9DO4N2DO,1,Q8192
SQ3NZZT7,0,Q2143354
E4D3RJTB,0,Q2143354
KSXBLUIO,0,Q2143354
Y14WUNIU,0,Q2143354
WLAD0F31,0,Q891723
MPE3OUBX,0,Q2143354
6I2MCP2K,0,Q2143354
6I2MCP2K,1,Q1269299
EO3W9OLH,0,Q2143354
TDHSM63H,0,Q2143354
1E06NZMD,0,Q2143354
ABKYC05E,0,Q2143354
V3FGBWHN,0,Q2143354
V3FGBWHN,1,Q3624078
7VLJ44NI,0,Q2143354
7VLJ44NI,1,Q3624078
ZCLB5F8S,0,Q2143354
LQEGUXQF,0,Q18219090
DKICQTP2,0,Q18219090
DKICQTP2,1,Q1406161
XHU8KTN4,0,Q11060274
XHU8KTN4,3,Q19960510
QEB9ACZ4,0,Q18219090
QEB9ACZ4,3,Q19960510
W0T7RT4B,0,Q18219090
W0T7RT4B,3,Q19960510
JLYG52WS,0,Q18219090
JLYG52WS,1,Q17431399
B2LUHFW8,0,Q18219090
B2LUHFW8,1,Q17431399
L013MVDG,0,Q18219090
L013MVDG,1,Q207694
KWRT15XT,0,Q18219090
9LM2SU76,0,Q18219090
9LM2SU76,1,Q968159
EO8H11XI,0,Q18219090
EO8H11XI,1,Q968159
T6G06Z5V,0,Q838948
T6G06Z5V,1,Q968159
JGQNVIBC,0,Q18219090
JGQNVIBC,1,Q968159
8ZXC3755,0,Q18219090
8ZXC3755,1,Q1792379
8ZXC3755,2,Q5
LV6EF9OF,0,Q18219090
LV6EF9OF,1,Q1792379
LV6EF9OF,2,Q5
7KCXF3M9,0,Q18219090
7KCXF3M9,1,Q1792379
7KCXF3M9,2,Q5
2MSDNWX5,0,Q18219090
2MSDNWX5,1,Q1792379
2MSDNWX5,2,Q5
IJQ7DOW2,0,Q18219090
NC0ZUD0T,0,Q18219090
96O4QSF3,0,Q18219090
HZABSYW6,0,Q18219090
SVUFSPIE,0,Q18219090
4WJPGP89,0,Q18219090
4WJPGP89,2,Q207694
T87FI63J,0,Q18219090
WAP1BVE9,0,Q27971968
PREMKWX0,0,Q27971968
CS2S50SU,0,Q27971968
IGG122TW,0,Q27971968
Y5246RNK,0,Q3331189
HTMMR9LA,0,Q861911
BA8EUB1Q,0,Q3331189
BA8EUB1Q,1,Q5
LSY3IT7Z,0,Q861911
LSY3IT7Z,1,Q5
M2UEU5QQ,0,Q861911
M2UEU5QQ,1,Q5
CA1LVC40,0,Q861911
CA1LVC40,1,Q5
CA1LVC40,3,Q50424085
LXFOSTCJ,0,Q861911
LXFOSTCJ,1,Q5
LXFOSTCJ,3,Q50424085
HL10XPXW,0,Q861911
HL10XPXW,1,Q3331189
8N4KHS0B,0,Q861911
8N4KHS0B,1,Q3331189
C0NW9110,0,Q57083319
2O8B40LC,0,Q159675
XKLF134C,0,Q159675
484XNI7K,0,Q159675
ONI4ZZIX,0,Q159675
1V9UBZ46,0,Q159675
NQHVELPO,0,Q4022
YLF96KME,0,Q4022
40MUXY7H,0,Q82604
FHMFP2T0,0,Q82604
518OGT4Z,0,Q82604
2FDKLAVR,0,Q82604
FT9C4NWC,0,Q82604
PELLPOY3,0,Q82604
IFHY0VW8,0,Q82604
P91YJ2WB,0,Q82604
75B7FP64,0,Q82604
XZGQYD90,0,Q82604
XZGQYD90,2,Q5
EMRWSF50,0,Q82604
D0NCW6SR,0,Q82604
SW2DP9RF,0,Q82604
C7CFUHQY,0,Q82604
C7CFUHQY,1,Q4022
EQ4RLBK6,0,Q2529274
7BHLL74P,0,Q2529274
P186UXOZ,0,Q2529274
X75L0OQB,0,Q2529274
DEBYUVDA,0,Q2529274
V3BURANX,0,Q2529274
ZURKWL9T,0,Q2529274
TMKHCANI,0,Q2529274
LA22HD0V,0,Q2529274
QM5HO1JB,0,Q2529274
OY8XY765,0,Q2529274
FWY2GHHQ,0,Q2529274
2XITGLT7,0,Q2529274
595YFN4F,0,Q2529274
UPYIPDSB,0,Q27686
R3RHOS40,0,Q27686
OSUKIM0H,0,Q27686
05N78Q73,0,Q27686
BL0FGJQM,0,Q27686
VLAFO7A7,0,Q27686
MZSU8TR0,0,Q3624938
2RSK2XI6,0,Q3624938
TC4DLV1B,0,Q3624938
1YMF6P76,0,Q3624938
1HB68YUP,0,Q1190172
MTA3CV12,0,Q1190172
KGE5MSUI,0,Q1190172
1U7WNJFB,0,Q1190172
X568A0U4,0,Q1190172
38N1QO8G,0,Q1190172
PJT7BZ4P,0,Q1190172
5KY222N7,0,Q1190172
DTUFFPZG,0,Q1190172
GX79VI6G,0,Q1190172
5YRKPFS7,0,Q1190172
4TNK1HMR,0,Q2187969
5M8AQY3E,0,Q2187969
BDIJMTQD,0,Q2187969
VLO5Y1PS,0,Q2187969
W4UJPNGO,0,Q2187969
GQLLVL0L,0,Q2187969
SFRSJ7TI,0,Q2187969
SNNRJ03V,0,Q2187969
ZPRRRISV,0,Q2187969
MWDV9E5X,0,Q2187969
HZEA5Y2S,0,Q2187969
3BGCICBN,0,Q2187969
UKK7CENG,0,Q2187969
N290U50M,0,Q2187969
XLZILMOW,0,Q2187969
298Z1JQ3,0,Q3215913
298Z1JQ3,1,Q2389789
PBAH7SCR,0,Q3215913
PBAH7SCR,1,Q2389789
O6E2PHM0,0,Q3215913
UZHSUOTS,0,Q3215913
UZHSUOTS,1,Q2389789
MWH6BHGU,0,Q3215913
NE1CJA0L,0,Q3215913
G607IHI7,0,Q3215913
YV2V2TFN,0,Q3215913
J1N0CBMZ,0,Q3215913
3TAD682E,0,Q811430
SCG4LUJH,0,Q811430
HQF4XJQD,0,Q811430
9G1B366F,0,Q811430
AK0QD2C8,0,Q6934595
0EOW3NK4,0,Q6934595
X2158R5B,0,Q6934595
07A7RRQE,0,Q6934595
B112VOL9,0,Q2044538
JG3MGP5N,0,Q2044538
STHAPC4F,0,Q2044538
JYED3SR3,0,Q2044538
JYED3SR3,4,Q2522813
AFJKLUEV,0,Q2044538
PGHZS221,0,Q2044538
WTPDD4PQ,0,Q2775969
5U2LWV7I,0,Q2775969
I7BU3O82,0,Q187934
CKU2PYY3,0,Q187934
8VLLTZKE,0,Q187934
OBPKX6P1,0,Q187934
1OYZWFXO,0,Q13415371
GC1A90QE,0,Q13415371
D3BME75E,0,Q13415371
BI4YFG7X,0,Q13415371
JYAGGRX5,0,Q13415371
HCDOM0SL,0,Q13415371
C2GW27YF,0,Q13415371
67NWZ3DB,0,Q15936437
0P3Z4S4H,0,Q15936437
Y15JWTXZ,0,Q15936437
OTHBPPQT,0,Q15936437
F5ANEK3T,0,Q6023295
1ER4DEMF,0,Q6023295
1ER4DEMF,1,Q3624078
PR3JAY8O,0,Q6023295
PR3JAY8O,1,Q3624078
53V780PQ,0,Q6023295
53V780PQ,1,Q39614
P4MA953Y,0,Q6023295
UXTDTR4X,0,Q6023295
UXTDTR4X,1,Q79007
TPQ7EOVD,0,Q6023295
TPQ7EOVD,1,Q79007
O6OQKU1Z,0,Q6023295
RL22ZO04,0,Q6023295
75IZ6UU5,0,Q6023295
YCOY9IBI,0,Q6023295
NEU6MP95,0,Q178743
VY234IC8,0,Q109607
0Z32YIFS,0,Q7187
DC7H3NKC,0,Q1307329
Z3G2AQ3X,0,Q1307329
Z3G2AQ3X,1,Q5398426
AXNTUHYL,0,Q1307329
Z66NSNZ8,0,Q1307329
F8ZQUOZR,0,Q1307329
F8ZQUOZR,2,Q2775969
A39OOO8O,0,Q1307329
A39OOO8O,1,Q1047698
ZIPDBXAC,0,Q1307329
ZIPDBXAC,1,Q1047698
D6I25AM6,0,Q1307329
D6I25AM6,1,Q1047698
HVXXC9N9,0,Q1307329
HVXXC9N9,1,Q1047698
HQAUEWC9,0,Q1307329
HQAUEWC9,1,Q109682310
I3EE3Q38,0,Q1307329
I3EE3Q38,1,Q109682310
E9P2VXFJ,0,Q1307329
52CXHELP,0,Q1307329
FMHWH0AG,0,Q1307329
RRC36KZ3,0,Q170483
PWNGN60E,0,Q170483
OE6DS9SV,0,Q170483
5QD4FH57,0,Q170483
Y5RN6DW8,0,Q51404
M2ACGHPD,0,Q51404
H0KRVB43,0,Q16738832
LR65A4BM,0,Q16738832
CL8D4V9N,0,Q16738832
N7GKX5T1,0,Q16738832
QAJX5U6G,0,Q950431
JX5VCFTY,0,Q950431
NTU7ZRRO,0,Q950431
LLITOS29,0,Q950431
9TVGHPC7,0,Q950431
F09LWAZB,0,Q950431
FSHQNSEY,0,Q950431
HAQ2AXI8,0,Q950431
HAQ2AXI8,3,Q3624078
RZH29092,0,Q950431
RZH29092,3,Q3624078
QZHSA6CO,0,Q950431
QZHSA6CO,3,Q3624078
L1DS4VK1,0,Q13414765
L1DS4VK1,1,Q58425000
XRM6RCDT,0,Q13414765
XRM6RCDT,1,Q58425000
SC963K1Z,0,Q13414765
SC963K1Z,1,Q58425000
5QJBQD94,0,Q13414765
3Z9ZCPIZ,0,Q13414765
RMFMFCL1,0,Q13414765
33W3NGAU,0,Q13414765
C37GZG3O,0,Q13414765
TXS1OGDJ,0,Q13414765
GH1FOH70,0,Q13414765
0NFTRYWD,0,Q13414765
Z85Z0HCI,0,Q13410428
D6J151EG,0,Q13414765
6KIEZ38O,0,Q13414765
6KIEZ38O,2,Q12139612
2BDR8N37,0,Q13414765
2BDR8N37,2,Q12139612
T941G3VW,0,Q618123
2UMF3HMZ,0,Q618123
T5INN0N2,0,Q618123
T5INN0N2,1,Q618123
5WRRPFHY,0,Q618123
5WRRPFHY,1,Q3624078
H6MI16W1,0,Q618123
H6MI16W1,1,Q3624078
U554Y91I,0,Q618123
U554Y91I,1,Q3624078
F64XJGRC,0,Q618123
542LAS4S,0,Q618123
Z3SZ8Z35,0,Q618123
FTDRDK0F,0,Q618123
VK5NTZ5H,0,Q618123
OW94B7XK,0,Q618123
AWNKHZ7H,0,Q618123
30PRAVOG,0,Q618123
S8M2ZXVT,0,Q618123
MQDOM7K6,0,Q618123
0DAXLWWJ,0,Q618123
5RJR54H5,0,Q618123
5RJR54H5,1,Q166620
H4WD2RZQ,0,Q618123
H4WD2RZQ,1,Q166620
F7W4NRK1,0,Q618123
F7W4NRK1,1,Q166620
VLECYIC2,0,Q618123
MOXYNXUD,0,Q618123
0EWS161G,0,Q436240
CRLNYKNT,0,Q436240
JJ06BLFD,0,Q436240
T487A9QX,0,Q436240
SGKBS5L0,0,Q76514543
86HG81QH,0,Q76514543
OH0N7RKP,0,Q76514543
20BMVI7L,0,Q5
SNP9HJNZ,0,Q76514543
96O0X4GR,0,Q76514543
5391C8IK,0,Q76514543
QD9QL86N,0,Q1093829
7J5UL649,0,Q76514543
DHF8GMIJ,0,Q475476
NE9VTF1I,0,Q475476
NE9VTF1I,1,Q50424085
87X1W4RE,0,Q475476
O7G8DWK4,0,Q475476
NP1V8VFJ,0,Q475476
U1CAJ55C,0,Q475476
886ZS9ZP,0,Q475476
1VZTDF2M,0,Q429795
1VZTDF2M,1,Q898786
I7DLCFKE,0,Q429795
I7DLCFKE,1,Q898786
RCRLNXO6,0,Q429795
J2EK8CP1,0,Q54114
Y1ZKFCUU,0,Q54114
BHZ8983S,0,Q54114
HWBVW9VK,0,Q15273785
HVYNHSNQ,0,Q1190176
YUU93OOS,0,Q1190176
B6QCSI0N,0,Q1190176
1U9T4K3S,0,Q1190176
2KCE1MZZ,0,Q1190176
RJ76UAZ7,0,Q1190176
75D9FHL0,0,Q1190176
NMH65J1J,0,Q1190176
EBUBGEF3,0,Q1190176
RQPZK4Q2,0,Q1190176
H0Y8B47N,0,Q1190176
YE2W6RTC,0,Q27055636
YE2W6RTC,2,Q3624078
N778AO2C,0,Q27055636
N778AO2C,2,Q3624078
AFEVL2NE,0,Q27055636
AFEVL2NE,1,Q879146
AFEVL2NE,2,Q3624078
IFZBT9WQ,0,Q27055636
IFZBT9WQ,1,Q30634609
TS7JXS2F,0,Q27055636
L9LXQMAK,0,Q27055636
K54UG9XK,0,Q27055636
SK41RLI7,0,Q27055636
SK41RLI7,1,Q7930989
66S4PXBT,0,Q33506
7W7D9RZU,0,Q33506
8NQ9T1X4,0,Q33506
E9R2H9TE,0,Q33506
OE9PPZLR,0,Q33506
1Z7PCEUU,0,Q33506
PWSFFZVO,0,Q33506
9Q4DZ5EY,0,Q33506
USZ8HOJ3,0,Q33506
8G0R9YN1,0,Q33506
W6LJLBYL,0,Q33506
7847HWU9,0,Q33506
80WEQVKH,0,Q33506
05T7JP5T,0,Q33506
3UEM7N3B,0,Q33506
6YLNSZA6,0,Q2577184
O99IB2TQ,0,Q2577184
9OTDRV7P,0,Q269949
9OTDRV7P,1,Q269949
9OTDRV7P,2,Q269949
H4XRZZRW,0,Q269949
5S6V3B56,0,Q269949
WG2WWXB7,0,Q269949
WG2WWXB7,1,Q269949
K1V4LXL2,0,Q269949
K1V4LXL2,1,Q269949
S2BFH4I0,0,Q269949
S2BFH4I0,1,Q269949
UDTH8ZUM,0,Q269949
UDTH8ZUM,1,Q269949
C2ZO2B4S,0,Q269949
35PZD5M5,0,Q269949
HP5I1V37,0,Q269949
LAVID2PK,0,Q269949
0A1XLP2J,0,Q269949
0A1XLP2J,2,Q5
0A1XLP2J,3,Q11060274
1HVW99D5,0,Q269949
KB9WP36I,0,Q269949
HU12S1YJ,0,Q269949
HU12S1YJ,1,Q327333
DURYTY4V,0,Q269949
3F6UEMUF,0,Q845169
XSTL73TD,0,Q845169
JEB3E0H8,0,Q845169
LE2AHRA3,0,Q845169
4741TH0C,0,Q845169
DEZNUAEZ,0,Q845169
ULNYINNL,0,Q845169
FMND6JHB,0,Q845169
IC50MR1I,0,Q845169
S1TBH6ZK,0,Q845169
1R3WJ5SB,0,Q845169
RP0ODYQT,0,Q845169
W106247N,0,Q845169
V4QSUL3Q,0,Q845169
QRGZ1X7Q,0,Q845169
JB1E3QPS,0,Q845169
AAD2QUQR,0,Q845169
FFNRZAUH,0,Q845169
7I0D3YZ9,0,Q845169
QF927GB1,0,Q845169
2LEACRZE,0,Q845169
WCFPN4IL,0,Q375928
LJZRBFT6,0,Q375928
H2I5AESV,0,Q375928
474K2OSN,0,Q375928
PD8TEC8A,0,Q8362
XY9HC0RC,0,Q11060274
0NKM61MD,0,Q11835431
HJCKM1Q4,0,Q8261
PMVSBOLW,0,Q8261
07T1UNTF,0,Q8261
OZ7V23UT,0,Q8142
OPEX595H,0,Q8142
DDD9AC8U,0,Q8142
X2H71R8J,0,Q8142
WEO9CEMV,0,Q8092
I7QRH36Z,0,Q8092
WQE86FKT,0,Q8072
3GW4PLRE,0,Q8072
MPT2E7PV,0,Q8072
7QM1BK7H,0,Q8072
0S9A54XD,0,Q8072
4U4FVDBT,0,Q8036
CRPJGJ8O,0,Q8036
IJAY5HY9,0,Q8036
C9RZLPLC,0,Q8036
XN3PQWC5,0,Q5
KJTUJEDP,0,Q5
KJTUJEDP,1,Q1371849
KJTUJEDP,2,Q5
LI4670IA,0,Q5
LI4670IA,1,Q1371849
LI4670IA,2,Q5
CTTKIHCS,0,Q5
CTTKIHCS,1,Q1371849
CTTKIHCS,2,Q5
BP8CXAB9,0,Q5
BP8CXAB9,1,Q5
BP8CXAB9,2,Q207694
K4O6CVDC,0,Q5
K4O6CVDC,1,Q5
K4O6CVDC,2,Q207694
0DYAPZ7W,0,Q5
0DYAPZ7W,1,Q5
0DYAPZ7W,2,Q207694
1SZWAC4U,0,Q5
1SZWAC4U,1,Q5
1SZWAC4U,2,Q207694
0SQAOUYX,0,Q5
RQAS6D2D,0,Q5
RQAS6D2D,2,Q1748957
RQAS6D2D,3,Q2438541
MRRNA26T,0,Q5
MRRNA26T,2,Q1748957
MRRNA26T,3,Q2438541
AD72YA60,0,Q5
AD72YA60,2,Q1748957
AD72YA60,3,Q2438541
VSEPG68A,0,Q5
W6FW2XG5,0,Q5
WI6X9WTW,0,Q5
M7V4CVZD,0,Q5
NK9DUKV2,0,Q5
NK9DUKV2,2,Q11060274
NK9DUKV2,3,Q34770
RD0EEY46,0,Q5
RD0EEY46,2,Q11060274
RD0EEY46,3,Q34770
GI0E8XLZ,0,Q5
GI0E8XLZ,2,Q11060274
GI0E8XLZ,3,Q110592261
PHH36RZ1,0,Q5
PHH36RZ1,2,Q5
RZ44CSMN,0,Q5
RZ44CSMN,2,Q5
SZ4G35SS,0,Q5
SZ4G35SS,2,Q5
VKHVNYUT,0,Q5
VKHVNYUT,2,Q5
PQB92UHB,0,Q5
PQB92UHB,1,Q188451
BSI6AK7H,0,Q5
BSI6AK7H,1,Q188451
N07R9QV4,0,Q5
N07R9QV4,1,Q188451
XUGYPDNX,0,Q5
EC2AG4IV,0,Q5
EC2AG4IV,2,Q5
PQD0557F,0,Q5
PQD0557F,2,Q5
YUZEEDWG,0,Q5
YUZEEDWG,2,Q5
8EO7DJ04,0,Q5
8EO7DJ04,2,Q5
07CCKHTS,0,Q5
07CCKHTS,3,Q18127
EOFQHI9R,0,Q5
EOFQHI9R,1,Q13433827
4UP3L93A,0,Q5
6N4JKSPQ,0,Q5
ECPEHCVR,0,Q5
ECPEHCVR,1,Q189533
1CTESPDN,0,Q5
1CTESPDN,1,Q189533
OYKVCTXA,0,Q5
OYKVCTXA,1,Q189533
LMT91MZD,0,Q5
LMT91MZD,3,Q5
DRYV15LA,0,Q5
DRYV15LA,3,Q5
VIF2GCO8,0,Q5
VIF2GCO8,3,Q5
CE03PENY,0,Q5
CE03PENY,3,Q5
M9MPX6TH,0,Q5
M9MPX6TH,2,Q7278
40NIEOED,0,Q5
40NIEOED,2,Q7278
H2XPLJ65,0,Q5
D8CN7IOY,0,Q5
EC6YVE5K,0,Q5
CVUUCHBD,0,Q5
QJ9WB1FV,0,Q5
JH4W3ZX3,0,Q4
2WEDQZGM,0,Q8436
NK3BTOZE,0,Q8436
2ULWPSIQ,0,Q8436
BEM3LPFT,0,Q8436
HMY2H4E1,0,Q8436
HMY2H4E1,1,Q5
ADF13KPG,0,Q8436
ADF13KPG,1,Q5
OHUFFXB5,0,Q8436
2SMZDEE1,0,Q8436
2SMZDEE1,1,Q166118
J8HSNFAC,0,Q8436
J8HSNFAC,1,Q166118
9Y572TY4,0,Q8436
YQ3W9CTL,0,Q8436
YQ3W9CTL,1,Q3624078
HD0MPY45,0,Q8436
HD0MPY45,1,Q3624078
WOL9CBN4,0,Q8436
9AOHG433,0,Q8436
R1R96VQW,0,Q8436
LW9UIOXJ,0,Q8436
8OZSYVGV,0,Q8436
44P2EOQL,0,Q8436
DWI6YGJM,0,Q8436
DWI6YGJM,1,Q6256
07Q9WGZR,0,Q8436
PDRY3375,0,Q8436
PDRY3375,1,Q3624078
8MMT0ILA,0,Q8465
AW6VXTL3,0,Q8465
FL8LB163,0,Q8465
DYNTQGK9,0,Q8465
1SL2A3ZX,0,Q8465
E85HE8Z4,0,Q8465
UI8UXR9S,0,Q8465
6715YJ1I,0,Q8465
K9R9XAGN,0,Q8473
YZBH2SU4,0,Q8473
T7CR0IGB,0,Q8473
0FC5RKY4,0,Q8473
CU7HWST7,0,Q8473
1V0HIMOZ,0,Q8473
P5GEA3C8,0,Q8473
P5GEA3C8,1,Q1549591
N1J2RLJQ,0,Q8473
YYD57RZL,0,Q8473
CKXRCBNM,0,Q8473
RJIMSSM2,0,Q8502
P2RURULC,0,Q8502
67UM2Y73,0,Q8502
X00RO8D2,0,Q8502
HSOMT1B3,0,Q8502
HQ6R1S0B,0,Q8502
HQ6R1S0B,1,Q8502
SUDCAMCC,0,Q8502
SUDCAMCC,1,Q8502
GQHW4F07,0,Q8502
GQHW4F07,1,Q8502
ZJA6SYQ6,0,Q8502
ZJA6SYQ6,1,Q3305213
UN7IJ8TA,0,Q8502
UN7IJ8TA,1,Q99281788
YLOAGGV9,0,Q8502
YLOAGGV9,1,Q3305213
69V0KT95,0,Q8502
69V0KT95,1,Q3305213
9ELRRJV8,0,Q8502
J4RPK9YB,0,Q8502
EAHLCG63,0,Q8502
Y1D7SXMV,0,Q8502
YO9TVB1Z,0,Q8502
COCSEXHH,0,Q8502
6RZNW1MJ,0,Q8502
HORJ0L9P,0,Q8502
BJHXJSYV,0,Q8502
V50CDQNW,0,Q8502
FVJYUW5L,0,Q8502
JQNR2WD0,0,Q8502
S5HLGF27,0,Q8502
ZF6AXN94,0,Q8502
UF5GY41B,0,Q8502
479HEUPX,0,Q8502
VY3L990Y,0,Q8502
6T593SU7,0,Q8502
6T593SU7,1,Q17272482
SN8DC0EZ,0,Q8502
SN8DC0EZ,1,Q17272482
ZG6P0IN5,0,Q8502
AXZLP562,0,Q8502
AXZLP562,1,Q17272482
IHWN4CLL,0,Q8502
IHWN4CLL,1,Q5
T04E6UPM,0,Q8502
94VUAFZ2,0,Q8502
ZXOYCA45,0,Q8502
ZXOYCA45,1,Q46831
0RLPNBD5,0,Q8502
0RLPNBD5,1,Q3624078
0RLPNBD5,2,Q1778118
5GA63JMD,0,Q8502
5GA63JMD,1,Q3624078
5GA63JMD,2,Q1778118
CCHJQKCK,0,Q8502
CCHJQKCK,1,Q3624078
CCHJQKCK,2,Q1778118
ZHJZ1RPL,0,Q8502
RQA4A1C3,0,Q8502
Q1HCTHDE,0,Q8502
UGO0KMWA,0,Q8502
RR2OJK8K,0,Q8502
KQTYFJGS,0,Q8502
KQTYFJGS,1,Q13136
DE6YFNJR,0,Q8502
DE6YFNJR,1,Q13136
HXKHFVV9,0,Q17201685
J8M90IV6,0,Q6270791
NDZ6JPAQ,0,Q17201685
M65F1NUV,0,Q42211429
OFH6E6OP,0,Q17205621
LQWZS8U9,0,Q17201685
N1SYIXK6,0,Q17201685
X157BHGR,0,Q6270791
8VBAFB72,0,Q35749
DFP0QYHU,0,Q35749
I00I18HT,0,Q35749
MGWZH7D1,0,Q35749
K2LW3QT5,0,Q1457747
GYA8LNPR,0,Q1136601
ZSDNUHX5,0,Q1136601
98YTBIIH,0,Q1136601
PIPNC3C6,0,Q1136601
LI421CVK,0,Q21850100
VQ5JE3JR,0,Q21850100
N1TAI75C,0,Q21850100
JICWGYF8,0,Q21850100
WW94ZMCV,0,Q21850100
7WHTPKCV,0,Q21850100
2B0LPDGZ,0,Q21850100
2B0LPDGZ,1,Q2154459
SILQTO1E,0,Q21850100
SILQTO1E,1,Q11060274
M02PP2S0,0,Q21850100
M02PP2S0,1,Q3624078
BHIEX8Y2,0,Q21850100
TQ71EX2G,0,Q21850100
7I6Z65OQ,0,Q21850100
17FVLT5T,0,Q55491
IFTGLLTD,0,Q55491
EIZA72Q4,0,Q55491
84U1KWVS,0,Q55491
UURX1TFH,0,Q55491
W4TAEWNN,0,Q9096832
D0AHN7FI,0,Q9096832
SD00EDFX,0,Q9096832
ZKUJB6KD,0,Q9096832
8NQJD2TI,0,Q846837
BGQURBN4,0,Q846837
Z11BKKUG,0,Q846837
VECW7JTK,0,Q846837
GW09PNZY,0,Q54086790
FY59HLML,0,Q54086790
4IDLZ0CK,0,Q54086790
KZKWN5GE,0,Q54086790
TWC4MOII,0,Q54086790
PGQDN0OU,0,Q54086790
U0EDMNJ3,0,Q54086790
69I6DCD8,0,Q54086790
2QKQ3N6Z,0,Q2338524
4F6YXV33,0,Q2338524
CTJCXFRA,0,Q2338524
NGHZNNE9,0,Q2338524
P1290O9C,0,Q26540
INSDDBO1,0,Q26540
UIP8G48X,0,Q26540
WY2DWJW9,0,Q26540
CFF7MVIE,0,Q47521
L9JJ3PL2,0,Q47521
P75CA80I,0,Q47521
I6TLNXJ4,0,Q47521
YB1OWPH4,0,Q47521
0HVL1V33,0,Q47521
QBI0BNNR,0,Q47521
HCSDIUGN,0,Q47521
53TCGTN5,0,Q47521
ALXKFLRO,0,Q47521
SKM45049,0,Q47521
60MXX3XR,0,Q47521
T0YMGY2T,0,Q47521
HT0N9R1D,0,Q47521
SRLPIM1D,0,Q47521
10M1667W,0,Q47521
R9ZV7HAT,0,Q841983
C61UQEI5,0,Q841983
1I3EPKFC,0,Q841983
HP9BUHH0,0,Q841983
6EOX6FXL,0,Q13414757
5J4RUL36,0,Q13414757
TJ9W91M0,0,Q13414757
5U9X0F9Y,0,Q13414757
LCY1HUGM,0,Q13414757
5E9Z4RYC,0,Q13414759
GJ7F1RCB,0,Q13414757
PYE36USW,0,Q13410428
0YJIXL3F,0,Q13414757
XOEZ49YR,0,Q13410428
XOEZ49YR,2,Q12139612
EQFGFJI3,0,Q13414757
EQFGFJI3,2,Q12139612
100U40UW,0,Q13414757
100U40UW,2,Q12139612
OYJX4VDZ,0,Q13414757
OYJX4VDZ,1,Q15063611
ZXXQKK9U,0,Q13414757
ZXXQKK9U,1,Q15063611
FD81SXRI,0,Q13410422
FD81SXRI,1,Q15063611
W3FVRGR5,0,Q13414757
W3FVRGR5,1,Q15063611
KS6KOJ5S,0,Q13414757
KS6KOJ5S,2,Q13414757
LYS8RKIQ,0,Q182531
X8DZUHOP,0,Q182531
FPTR1R74,0,Q182531
S61S7330,0,Q182531
PPM5A1YW,0,Q182531
IVN4R36Y,0,Q182531
J2POSRT9,0,Q182531
CD041KNS,0,Q20650761
6JZOR8ZH,0,Q20650761
7E868VWM,0,Q20650761
6DT7JFK3,0,Q20650761
YKZH4KYI,0,Q14770218
BU8T6WD8,0,Q14770218
7MTS61CH,0,Q695793
NRINME4F,0,Q695793
P3UI2XVL,0,Q695793
DE1GUBRR,0,Q695793
5WG6SZFM,0,Q56750657
TRFAT5IL,0,Q56750657
J7G78P2V,0,Q56750657
9OUUWZU7,0,Q56750657
53UD4UCM,0,Q11755880
K2X1MMSV,0,Q11755880
OTZJLO5M,0,Q11755880
U75N02CF,0,Q898771
SXFHV1RP,0,Q898771
4WQ4DV4W,0,Q898771
EAD2P654,0,Q898771
TOZOYAFN,0,Q1318295
TOZOYAFN,2,Q5
G4WAYUD1,0,Q1318295
G4WAYUD1,2,Q5
AKF0JFBM,0,Q1318295
AKF0JFBM,1,Q50424085
Q4A376V7,0,Q1318295
1IBRS6J4,0,Q1318295
4UKQZV5C,0,Q1318295
8DLLIKWC,0,Q1318295
XPDPB3GC,0,Q1318295
4JY19U6T,0,Q1318295
ZNBMPU6H,0,Q1318295
T70BGPO5,0,Q477795
27G2M3VG,0,Q477795
AQG8U6H3,0,Q477795
ZJPKEAVI,0,Q477795
A9LDQALB,0,Q477795
MHCA7OVG,0,Q477795
HDL3EP6M,0,Q477795
1IK1BNA4,0,Q477795
B3AE802H,0,Q477795
5AP24HUE,0,Q477795
8V5EY485,0,Q477795
X26IMJYJ,0,Q477795
JSFZ4D5F,0,Q15634554
TNKTQCQF,0,Q15634554
6D1NTCD2,0,Q4632675
41NRBU9L,0,Q4632675
E9IT3HV0,0,Q4632675
UJZUE5Y9,0,Q4632675
SEQ8GMN1,0,Q4632675
EIE8Z96Q,0,Q4632675
4PUQGM52,0,Q210272
CF4ZPZ4V,0,Q210272
RE108HV4,0,Q210272
E207LG59,0,Q210272
9TNJV0K8,0,Q210272
P6PRRAP5,0,Q210272
BBNHU4AD,0,Q210272
TM8QFWEU,0,Q210272
V2FG6ZRI,0,Q210272
7GYSSS76,0,Q210272
XN9PC8VT,0,Q210272
V987DZ49,0,Q210272
WN8YH47P,0,Q18325436
9Y6VENGS,0,Q18325436
JYMJO0ZH,0,Q18325436
I4VPGMVT,0,Q1223230
I4VPGMVT,2,Q4022
5PV2QK5L,0,Q1223230
ND98EPCK,0,Q858485
ES6HDG04,0,Q858485
XLO00PS9,0,Q858485
VGGBXSLM,0,Q858485
W8Y0DBYN,0,Q1003207
SCF2JQ9F,0,Q327333
6GS2II4G,0,Q327333
0TWMZDWT,0,Q327333
L8TUDAF0,0,Q327333
SUBU718R,0,Q1114515
WZWYJUDI,0,Q1114515
WZWYJUDI,1,Q3624078
LCWXZIYB,0,Q1114515
LCWXZIYB,1,Q3624078
KW7BM4OQ,0,Q1114515
KW7BM4OQ,1,Q5
WKY69L7G,0,Q192078
PWLTLQSR,0,Q192078
4WZ39JTT,0,Q192078
RAZ4G70P,0,Q192078
ZKY9AJH8,0,Q192078
3U7UQ6LD,0,Q192078
AWT7Z1GQ,0,Q192078
VYHQSIFN,0,Q192078
FQBJ1SEO,0,Q3327862
AXYE5UDF,0,Q3327862
1FRUY7EQ,0,Q3327862
5X4BOWXB,0,Q3327862
4NXR0AFL,0,Q37988355
DOCLHKFC,0,Q37988355
B2XBSS15,0,Q37988355
16H2U4DU,0,Q37988355
Z87AAMU1,0,Q744296
449MLSUL,0,Q744296
5UBJ9JXX,0,Q744296
77H1IV6L,0,Q744296
77H1IV6L,1,Q3624078
77H1IV6L,3,Q32880
OUMEU7JI,0,Q744296
OUMEU7JI,1,Q3624078
OUMEU7JI,3,Q32880
HMXCKERI,0,Q744296
HMXCKERI,3,Q32880
KWMPVH2C,0,Q744296
KWMPVH2C,1,Q532
K5QUHNBR,0,Q744296
K5QUHNBR,1,Q532
KPXFZ8KJ,0,Q744296
KPXFZ8KJ,1,Q30634609
TZYRANPG,0,Q744296
869SLSXC,0,Q744296
I6CX3WXX,0,Q744296
WOWS2CNG,0,Q744296
WOWS2CNG,1,Q5
06O4NYJM,0,Q744296
F8YFPIC2,0,Q744296
90JMMOIW,0,Q744296
81EQSA04,0,Q732717
O26TNZ3G,0,Q732717
FDX2ZBZC,0,Q732717
UHJCBUBG,0,Q732717
NX6NLDYZ,0,Q17202187
5NCSC9KL,0,Q17202187
7NG54I5V,0,Q17202187
65IHCG9F,0,Q17202187
LNZZHR9S,0,Q5358913
8YXN3XEU,0,Q5358913
GZLZ9ISB,0,Q1966910
7DGVRU3H,0,Q1966910
0S5W5ZXB,0,Q1966910
OU9G1SO8,0,Q1966910
OU9G1SO8,1,Q3624078
UOO0B6TL,0,Q1966910
UOO0B6TL,1,Q3624078
QOX2FOLM,0,Q1966910
QOX2FOLM,1,Q3624078
93DWM9L1,0,Q1966910
93DWM9L1,2,Q5
JMUCE5HY,0,Q1966910
JMUCE5HY,2,Q5
ZQ7JAIBD,0,Q1966910
ZQ7JAIBD,1,Q5
K44SEOG4,0,Q1966910
K44SEOG4,1,Q5
WY1TREOT,0,Q1966910
WY1TREOT,1,Q5
8VUW4L1D,0,Q1966910
8VUW4L1D,1,Q5
4JKBWRO8,0,Q1966910
E0IKN3HX,0,Q1966910
7K55EQ9F,0,Q1966910
7K55EQ9F,1,Q11446
DFYKFHZE,0,Q1966910
9EPXF0UQ,0,Q1966910
FSK3UM2R,0,Q1966910
LJB8ETDG,0,Q1966910
EJ8X736T,0,Q1966910
EJ8X736T,1,Q515
8MAS32TD,0,Q25110269
8MAS32TD,1,Q5
KK7L17UD,0,Q25110269
KK7L17UD,1,Q5
OVSHKWQA,0,Q25110269
OVSHKWQA,1,Q5
AVYER0TW,0,Q25110269
AVYER0TW,1,Q5
M5BE5DLI,0,Q25110269
M5BE5DLI,1,Q5
EI7OM63Q,0,Q25110269
EI7OM63Q,1,Q5
ME0BMBR3,0,Q25110269
ME0BMBR3,1,Q5
TWSBO9XS,0,Q25110269
TWSBO9XS,3,Q5
W01TW1DZ,0,Q25110269
W01TW1DZ,1,Q24856
W01TW1DZ,3,Q5
APO8L6C4,0,Q25110269
APO8L6C4,1,Q24856
APO8L6C4,3,Q5
S6RZ1D71,0,Q25110269
S6RZ1D71,1,Q5
62RRD0YT,0,Q25110269
62RRD0YT,1,Q5
95OPEU3F,0,Q24869
95OPEU3F,1,Q5
FQW6OPIU,0,Q25110269
FQW6OPIU,1,Q5
AK0KRPKO,0,Q25110269
TH02PKN5,0,Q25110269
3NAY6TWQ,0,Q25110269
3NAY6TWQ,1,Q1075
Z1Z99GPM,0,Q25110269
Z1Z99GPM,1,Q1075
KVSP7OYE,0,Q25110269
KVSP7OYE,1,Q1075
9Y3QSFNW,0,Q25110269
9Y3QSFNW,1,Q1075
AA7HL0MV,0,Q25110269
AA7HL0MV,1,Q23649977
AA7HL0MV,2,Q5
AABM7H9U,0,Q25110269
AABM7H9U,1,Q23649977
AABM7H9U,2,Q5
V3QRX6Y3,0,Q25110269
V3QRX6Y3,1,Q23649977
V3QRX6Y3,2,Q5
XGYINCZB,0,Q25110269
XGYINCZB,1,Q23649977
XGYINCZB,2,Q5
S7W5CDKT,0,Q25110269
S7W5CDKT,1,Q5
S7W5CDKT,2,Q5
I7KSNW3H,0,Q25110269
I7KSNW3H,1,Q201658
I7KSNW3H,2,Q56887397
Q67IB3TP,0,Q25110269
Q67IB3TP,1,Q201658
Q67IB3TP,2,Q56887397
SZF1MQ43,0,Q25110269
SZF1MQ43,1,Q201658
SZF1MQ43,2,Q56887397
SMPNA9DO,0,Q25110269
SMPNA9DO,1,Q201658
SMPNA9DO,2,Q56887397
5RXOK7I8,0,Q25110269
5RXOK7I8,1,Q3624078
1OP5S670,0,Q25110269
2JIC4989,0,Q25110269
J2RPCMQ8,0,Q25110269
JSKY6LZ5,0,Q25110269
DSQNWR9Q,0,Q25110269
FCVT7ZY7,0,Q25110269
HRX1DL2D,0,Q25110269
HRX1DL2D,1,Q368290
65TLQVVE,0,Q25110269
DY72NU13,0,Q25110269
NQ1CYDU7,0,Q25110269
WC0F4QEN,0,Q25110269
0TUB5MEI,0,Q209824
XAN8KGPN,0,Q209824
DGQESE71,0,Q209824
LVMG8YII,0,Q209824
DK72W32I,0,Q36496
646QNGS7,0,Q36496
81Z07GGC,0,Q36496
299CZ6WH,0,Q36496
8B6KI472,0,Q101352
RMQZTH0V,0,Q15632617
OYYWDLAT,0,Q22074477
KOZWBCV9,0,Q22074477
CC7TFJ5G,0,Q22074477
SPVOET3S,0,Q22074477
SPVOET3S,1,Q101352
O206KSLH,0,Q22074477
O206KSLH,1,Q101352
HUS3EM58,0,Q22074477
HUS3EM58,1,Q5
GW82CGY7,0,Q22074477
GW82CGY7,1,Q5
PDKKNHO9,0,Q22074477
9LLTMJQO,0,Q22074477
I5YRVQ1E,0,Q1114461
I5YRVQ1E,1,Q39916781
LAXN4684,0,Q22074477
05HB46KD,0,Q22074477
05HB46KD,1,Q1047698
2S0SLXVI,0,Q22074477
2S0SLXVI,1,Q1047698
01K0AHD4,0,Q5
01K0AHD4,1,Q1047698
4GO9K7KN,0,Q22074477
CPH2BZ9O,0,Q22074477
CPH2BZ9O,1,Q3624078
46ZNP4R5,0,Q22074477
H8I4TVUJ,0,Q22074477
OS22HYPC,0,Q22074477
SX7XTNVS,0,Q22074477
SE5M0XRI,0,Q22074477
TBX1W2W1,0,Q63209072
0MS6LG5I,0,Q63209072
VDV98ALI,0,Q27971968
MPA8FKN9,0,Q179872
5SO7IABP,0,Q27971968
48M8PXUH,0,Q179872
L8PUE96Z,0,Q456876
QS38GOUC,0,Q456876
JUCG71SC,0,Q456876
IJLC009E,0,Q456876
L889EF6A,0,Q1207909
L889EF6A,1,Q262166
PR9FIKAY,0,Q1207909
9VK266KM,0,Q1207909
5BGD9PZL,0,Q1207909
BLGEGXW4,0,Q1207909
BLGEGXW4,4,Q79007
F03LARI2,0,Q1207909
F03LARI2,1,Q3624078
K69TKEUV,0,Q1207909
K69TKEUV,1,Q6256
Q9EL9K5C,0,Q1207909
Q9EL9K5C,1,Q3624078
25I5QSOV,0,Q2264478
J7VL2ZCU,0,Q2264478
TA7OF8GS,0,Q2264478
X74ME9DE,0,Q2264478
MH6GYRYJ,0,Q3529419
O2JBZ5XZ,0,Q3529419
NDN8PK78,0,Q3529419
4N4007QV,0,Q3529419
UZ9QFBDB,0,Q19723451
2VS0VDSH,0,Q19723451
QMYNEZWH,0,Q19723451
2F4H5Y6L,0,Q19723451
TQAVEIB7,0,Q19723451
8X0RADVD,0,Q19723451
Y4P69376,0,Q19723451
HTNA12HA,0,Q19723451
G1FM6NZD,0,Q19723451
O7B3HO2O,0,Q19723451
PWJ5Q05W,0,Q19723451
A5JOWRYM,0,Q19723451
J2BIKK7F,0,Q19723451
KRV4GITQ,0,Q19723451
P030MDPG,0,Q19723451
BP600KUL,0,Q19723451
B90WJU3K,0,Q19723451
EJ57B6SZ,0,Q19723451
5VZGAWP3,0,Q101352
BYTEHBGC,0,Q726870
PYWDLG9L,0,Q726870
PVGD4V79,0,Q726870
BLSUXGOA,0,Q2111434
YFDJMKE5,0,Q2111434
4MIJY17J,0,Q787934
P7JCZIKW,0,Q787934
Y67KH3WF,0,Q193893
ISSZH2M4,0,Q193893
IKE5AANB,0,Q193893
KU9WTOB7,0,Q193893
ZL612H7K,0,Q193893
LOLUCEWC,0,Q193893
5WAV1UHB,0,Q193893
SDHAT1HL,0,Q193893
ZKVZDE83,0,Q193893
JU7H4GZ0,0,Q193893
8KY73WO3,0,Q193893
8KY73WO3,1,Q3624078
I5LLR58Z,0,Q193893
X3OH4UV2,0,Q193893
X3OH4UV2,1,Q5
HJMN0KFF,0,Q193893
GXKKRXA8,0,Q193893
34Q1L9RS,0,Q193893
4CSF6530,0,Q193893
31HTFGWZ,0,Q193893
31HTFGWZ,2,Q29023906
WJRYA69B,0,Q193893
WJRYA69B,2,Q29023906
UH7FVT71,0,Q193893
UH7FVT71,2,Q29023906
FXVYCGTU,0,Q193893
FXVYCGTU,2,Q29023906
BVOD0960,0,Q171043
BCV6G98J,0,Q171043
9B1RKKM4,0,Q171043
1SBEU6ZL,0,Q171043
TE3MAQ0R,0,Q23442
FLSX4DRK,0,Q23442
XAXBR3X5,0,Q23442
HEA0B1FS,0,Q23442
T8KNTQ9K,0,Q23442
TNIXG6VY,0,Q23442
ZEWE6F7A,0,Q23442
GQHFEL4Z,0,Q23442
7KEETYJ8,0,Q23442
R82HYPFL,0,Q23442
GNDSENMI,0,Q23442
UZU8JS13,0,Q23442
J4XTYTI9,0,Q23442
2S747W72,0,Q23442
GHDHDXAO,0,Q23442
KWO4O6JP,0,Q23442
4YX4ZJNI,0,Q13221722
LNCRR0GR,0,Q13221722
OIHARFHJ,0,Q13221722
D1Z10JYF,0,Q41298
5GR5N6M3,0,Q41298
ZIN0LFC7,0,Q41298
7CUXM6C1,0,Q41298
RPAYVBRW,0,Q41298
CM0L70B3,0,Q18691599
CEW18PHI,0,Q18691599
XI53WAPG,0,Q203904
XI53WAPG,1,Q203904
XI53WAPG,2,Q203904
MTT9F432,0,Q203904
MTT9F432,1,Q203904
MTT9F432,2,Q203904
R4REQQKL,0,Q203904
R4REQQKL,1,Q203904
R4REQQKL,2,Q203904
1EVLDEMC,0,Q203904
1EVLDEMC,1,Q203904
1EVLDEMC,2,Q203904
6A15654Y,0,Q203904
6A15654Y,1,Q17412916
K3BQSQ4G,0,Q203904
K3BQSQ4G,1,Q17412916
5L63WJX5,0,Q203904
5L63WJX5,1,Q17412916
6XE9AO3H,0,Q203904
6XE9AO3H,1,Q17412916
5BX8RFYT,0,Q203904
5BX8RFYT,2,Q7725634
9931E4RE,0,Q203904
9931E4RE,2,Q7725634
71S5K7FK,0,Q203904
71S5K7FK,1,Q203904
71S5K7FK,2,Q7725634
OJE13AFH,0,Q203904
OJE13AFH,1,Q203904
OJE13AFH,3,Q203904
CAJNMSOY,0,Q203904
CAJNMSOY,1,Q19791817
731T61LE,0,Q203904
731T61LE,1,Q19791817
B3SM4CO8,0,Q203904
B3SM4CO8,1,Q19791817
W7DMWYJJ,0,Q203904
W7DMWYJJ,1,Q19791817
RGILPWFW,0,Q203904
RGILPWFW,1,Q203904
1VGNAOFU,0,Q203904
1VGNAOFU,1,Q203904
2IV9PRHZ,0,Q203904
2IV9PRHZ,1,Q203904
LGSZINV0,0,Q203904
J5J8A4FX,0,Q780605
7M3A9MBG,0,Q780605
KHRLNQ1X,0,Q780605
4P4OFGVG,0,Q780605
9DEOI3TF,0,Q917146
6ZH67QB0,0,Q917146
E0CLK23V,0,Q917146
B2FAV0GK,0,Q917146
D63B7G45,0,Q917146
JDKZEIQ3,0,Q917146
LY3Y8VKP,0,Q917146
T8FBXA37,0,Q917146
ENKMQHVJ,0,Q75520
6Y8X4MDM,0,Q75520
ZR5HEFZF,0,Q75520
61IXUU4S,0,Q75520
WRWKQ54N,0,Q75520
8PHN93SO,0,Q75520
3STGEHTR,0,Q75520
E211SPW9,0,Q75520
TYP5Y131,0,Q75520
2V2AGI73,0,Q75520
A96AS1TY,0,Q75520
M16EPTYV,0,Q75520
IK5TW5XB,0,Q499192
6A339R9H,0,Q499192
6K60F826,0,Q499192
RSM0XEEN,0,Q499192
N7Y04CGD,0,Q466737
IMO9N3FH,0,Q466737
9ANCACKG,0,Q466737
HIUTFRBX,0,Q466737
9LDJY68T,0,Q466737
5RFWKPC3,0,Q466737
NWKVU11F,0,Q466737
0G7FTT6X,0,Q466737
5XNSO9U4,0,Q466737
7OXV63ME,0,Q466737
O7UXC41V,0,Q466737
21B75ZDR,0,Q466737
97RYNZFH,0,Q466737
HX7Z0O3I,0,Q466737
NUJLHGZE,0,Q466737
LE1ZUUUY,0,Q466737
VO71ITUA,0,Q2607934
F6UZNXBZ,0,Q2607934
RAYRI23D,0,Q2607934
0OW9QOD8,0,Q2607934
0OW9QOD8,1,Q559026
B1ZRUUEB,0,Q2607934
B1ZRUUEB,1,Q559026
7KH0ZQYH,0,Q2607934
7KH0ZQYH,1,Q559026
T5ET3QRE,0,Q2607934
T5ET3QRE,1,Q559026
3NDDFCR9,0,Q2607934
UT48KT01,0,Q2607934
DST5QVYS,0,Q2607934
DST5QVYS,1,Q4508
DST5QVYS,2,Q4830453
HMS1DUYG,0,Q2607934
HMS1DUYG,1,Q4508
HMS1DUYG,2,Q190928
8GKAR8V6,0,Q2607934
8GKAR8V6,1,Q4508
J79CU4J2,0,Q2607934
J79CU4J2,1,Q4508
1C9SBHEW,0,Q2607934
1SJVPUXU,0,Q2607934
1SJVPUXU,2,Q5
PQWIQ99F,0,Q2607934
PQWIQ99F,2,Q5
PYNNA8C7,0,Q244264
SGSOGU2A,0,Q244264
AH7LGY5O,0,Q244264
C73AQP5E,0,Q244264
ZUY4K5HF,0,Q244264
3SU39EID,0,Q244264
Z3HF6W2Y,0,Q244264
RGT7YZGF,0,Q244264
KNQHZPKE,0,Q244264
RCMQD7J6,0,Q244264
F797UWWM,0,Q244264
Y8JHAVZG,0,Q244264
CRGKPFNY,0,Q244264
KWNSPEUK,0,Q244264
VYU6GP2J,0,Q244264
ZH3R8CXR,0,Q244264
5PZKGN73,0,Q244264
D0Y16ZHR,0,Q244264
EIT9U2E3,0,Q244264
63UD12K6,0,Q244264
RVSQ4HI6,0,Q6063801
NLXIKNPL,0,Q6063801
L0KODLDV,0,Q6063801
EJTW8LPL,0,Q6063801
5ZNEMH9A,0,Q5116872
5ZNEMH9A,1,Q18917976
5ZNEMH9A,2,Q30634609
1DVLSGYS,0,Q5116872
1DVLSGYS,1,Q18917976
1DVLSGYS,2,Q30634609
ONUG00WP,0,Q16521
SA700KCK,0,Q16521
OFZ88B6T,0,Q16521
BJ9BS8OZ,0,Q16521
WDH6NFKE,0,Q16521
82D7A3NE,0,Q16521
1RBDDKRX,0,Q16521
OEITJ6K9,0,Q16521
U1E58HWB,0,Q16521
PLXJ97OL,0,Q16521
71ZMK6VW,0,Q16521
6UGYJS5V,0,Q16521
9M0GYBB2,0,Q23622
S536TDH3,0,Q23622
G4JSBXGG,0,Q23622
C80DEZDC,0,Q23622
8J6WZMP3,0,Q644507
65KEI9O0,0,Q644507
RPV5UPV4,0,Q644507
9KQJHAZ8,0,Q644507
YW8D0WT0,0,Q644507
MDR8QT9S,0,Q644507
BI7UYQ7Z,0,Q644507
1XAXV6QJ,0,Q644507
FSA6SOYZ,0,Q644507
TYYIR8VD,0,Q644507
CKVOI39D,0,Q2516330
U95CHD0W,0,Q2516330
FGMI46XQ,0,Q2516330
2S8BRTOA,0,Q2516330
RCCY83EH,0,Q34009
ZLQ6BR3J,0,Q34009
TYDKRRU5,0,Q34009
LO6HCU7P,0,Q34009
XZDCGNE6,0,Q519630
6J2GZGGD,0,Q519630
YN8TS81H,0,Q59773381
WHLECL3U,0,Q59773381
SI60BR3S,0,Q59773381
36PO73MQ,0,Q59773381
36PO73MQ,2,Q3231690
B1QPIL7M,0,Q59773381
2G2ZWJOU,0,Q59773381
DAD1FDX7,0,Q59773381
XRCWO7WM,0,Q59773381
XRCWO7WM,2,Q786820
UNPQGVWG,0,Q59773381
MUW2BFAO,0,Q59773381
MUW2BFAO,1,Q3231690
CE3QQRV9,0,Q59773381
CE3QQRV9,1,Q3231690
HDB5YFOB,0,Q59773381
5R6AEK00,0,Q29414133
0672AM0Z,0,Q29414133
D7M1GHHC,0,Q29414133
42LE09HV,0,Q29414133
R8JQOH9F,0,Q29414133
8CN4TT88,0,Q29414133
D4T7O4IR,0,Q29414133
4CDCLACA,0,Q29414133
GWO2LBAG,0,Q29414133
GWO2LBAG,1,Q82794
KYP7PJAJ,0,Q29414133
KYP7PJAJ,1,Q82794
J9WQGXYF,0,Q29414133
QNG9JEK8,0,Q29414133
QNG9JEK8,1,Q82794
V6D6BXUF,0,Q29414133
V6D6BXUF,1,Q131681
V6D6BXUF,2,Q60176300
J9LICOQ0,0,Q29414133
J9LICOQ0,2,Q60176300
VINPC8MS,0,Q29414133
VINPC8MS,2,Q60176300
PVFZQRXL,0,Q29414133
LR9GFYHY,0,Q51049922
5I1HX9KW,0,Q29414133
A98Z4IKS,0,Q29414133
7ZQ36YE6,0,Q29414133
7ZQ36YE6,1,Q4164871
7ZQ36YE6,3,Q29414133
0BDE5DDS,0,Q29414133
0BDE5DDS,1,Q4164871
M17WPBXB,0,Q29414133
M17WPBXB,1,Q17272482
RMB1I4VX,0,Q29414133
RMB1I4VX,1,Q17272482
8Q07DUTO,0,Q29414133
8Q07DUTO,1,Q17272482
XJO2NVJI,0,Q29414133
XJO2NVJI,1,Q17272482
YOTQMZB7,0,Q63100559
8OBTYAHI,0,Q63100611
DQZOYHVA,0,Q63100611
O7W6R78Q,0,Q63100611
KZRCSA4W,0,Q1121471
RLPD7R6N,0,Q1121471
0UHTL3LT,0,Q1121471
ZMG3GGP8,0,Q1121471
TORC7KA6,0,Q1121471
CYLC8YOM,0,Q1121471
2TMXDTZ0,0,Q1121471
CW8WTRS7,0,Q1121471
EHHWW811,0,Q191992
GH45F7C3,0,Q191992
0CSLL63U,0,Q191992
8EOBI9WM,0,Q191992
QYHJWT9D,0,Q178651
64JTMOGV,0,Q15221370
JHMFMQ8R,0,Q15221370
01QVSSKI,0,Q15221370
FJM491M1,0,Q15221370
B72RF1PB,0,Q4886
B72RF1PB,1,Q16521
8FXXCT4U,0,Q4886
8FXXCT4U,1,Q16521
ZDUVJ1X0,0,Q4886
ZDUVJ1X0,1,Q16521
2HBYBVE2,0,Q4886
SKCTX6GO,0,Q4886
UVQ27CEE,0,Q4886
UVQ27CEE,1,Q427626
WRSHLKPA,0,Q4886
5P0Q2XNE,0,Q10913792
BVY863NJ,0,Q10913792
253SKCB8,0,Q10913792
4IILQQ83,0,Q10913792
VYXG4HBL,0,Q10913792
QTHX640C,0,Q28419128
QTHX640C,1,Q7187
QTHX640C,3,Q37748
61LZG8QL,0,Q28419128
61LZG8QL,1,Q7187
61LZG8QL,3,Q37748
3XO0GG04,0,Q28419128
3XO0GG04,1,Q7187
3XO0GG04,3,Q37748
J7V7RGRA,0,Q28419128
J7V7RGRA,1,Q7187
J7V7RGRA,3,Q37748
QE6G92LY,0,Q6936225
VPYYSK77,0,Q6936225
X4Q0Q0LA,0,Q6936225
14CRCCJ9,0,Q6936225
BSTUFS1C,0,Q6936225
6X6DLE20,0,Q6936225
BHVGT1RK,0,Q831869
9N9A5ZKE,0,Q831869
KLTOTZ4W,0,Q171318
VDBBCUR8,0,Q171318
QIJ4A53J,0,Q171318
YN4QM9W5,0,Q171318
GDF4CAMI,0,Q34842263
TWIQ1614,0,Q34842263
MNK6R6YP,0,Q16858213
H1IW19IF,0,Q16858213
VZI438K8,0,Q16858213
S71BT1FR,0,Q16858213
5ZYNBLIQ,0,Q16858213
GG4IQTTR,0,Q101352
7WKE1Q2N,0,Q830831
6H8KOWZP,0,Q830831
C82M79K3,0,Q830831
8EXU6JA6,0,Q830831
YITW9832,0,Q830831
5273M79T,0,Q830831
W5MYXPST,0,Q830831
WUVLDL3X,0,Q830831
VQ9AIGDQ,0,Q830831
UXG8391W,0,Q830831
KAJICDBK,0,Q830831
8PL63UR0,0,Q830831
0PBIK9Q9,0,Q830831
S5VP9FZI,0,Q523
8SFP06DR,0,Q830831
C0Z6QNJY,0,Q830831
WDEMMPHJ,0,Q830831
PFW21SFC,0,Q830831
VK1V1Y8J,0,Q830831
5X9LI111,0,Q830831
Y6FRREHI,0,Q22687
C7U5WM5P,0,Q22687
3W3WU37D,0,Q3677932
HR5Y25L8,0,Q3677932
SU0R3B2X,0,Q3677932
NA8STYRP,0,Q3677932
JGL3UM5Z,0,Q16739079
78UHH7C1,0,Q16739079
7YN6X9T5,0,Q16739079
3BNX51C2,0,Q16739079
M2WV3Z8V,0,Q45776
1X3H1JFG,0,Q45776
4POMR4EY,0,Q45776
KC7R14WP,0,Q45776
1BZWEAVW,0,Q45776
1BZWEAVW,1,Q4022
FC6YWPSV,0,Q45776
FC6YWPSV,1,Q4022
2X4EQYN9,0,Q45776
2X4EQYN9,1,Q4022
FRPTE316,0,Q45776
FRPTE316,1,Q4022
HW40LT4E,0,Q45776
7B77L5OZ,0,Q45776
53L610VX,0,Q45776
53L610VX,1,Q45776
QT1MQNOR,0,Q45776
ZG6D2MIY,0,Q45776
Q0NO4RND,0,Q45776
AGS91EO2,0,Q45776
AGS91EO2,2,Q13433827
HD1JFAQY,0,Q45776
SV993O94,0,Q45776
6E52ZNZ1,0,Q45776
6E52ZNZ1,1,Q99281788
Z3OG7U1P,0,Q45776
Z3OG7U1P,1,Q482994
IYNX31YS,0,Q45776
C7D1NT4R,0,Q45776
W5HTDB0N,0,Q45776
B549QR6I,0,Q45776
B549QR6I,1,Q45776
BDEUN8ON,0,Q558330
V2KCQUHP,0,Q486972
TSH9BWVF,0,Q558330
XZ347Q1L,0,Q558330
QYN6Q1F8,0,Q558330
JNO8UYTL,0,Q558330
RXZCNGJY,0,Q558330
11EJP1N3,0,Q486972
Z03409X9,0,Q31615
Z03409X9,2,Q3305213
4UBFS7C1,0,Q31615
4UBFS7C1,1,Q23442
7E7UAGTF,0,Q31615
GPA5YAYN,0,Q31615
49Y3GLX9,0,Q190157
9Q9P2BXO,0,Q190157
F3IGJKOV,0,Q190157
Y8P5FZ2Q,0,Q190157
59QVPNFW,0,Q190157
PGZCGYFO,0,Q190157
RM62EB9Q,0,Q190157
RM62EB9Q,1,Q270791
RM62EB9Q,2,Q658255
XBEFK3LK,0,Q190157
NAXOFCHI,0,Q190157
X54CYPQZ,0,Q190157
EXMEBNFS,0,Q190157
CAOAFFWL,0,Q27996466
P64YXYFE,0,Q27996466
M3MUP5H2,0,Q27996466
ESR43UDS,0,Q27996466
C85X8J4F,0,Q3343298
BZYTHIT6,0,Q3343298
NXLDJELJ,0,Q13442814
LW1U183T,0,Q12225020
MJ4DZKQA,0,Q12225020
FPV9NTYO,0,Q12225020
CZCYBMQ9,0,Q12225020
28ZHFJMW,0,Q12225020
JR5N63ZW,0,Q12225020
EUQEQ6OT,0,Q12225020
F1DXJNUJ,0,Q12225020
TPN8K82X,0,Q12225020
K3XQR3D6,0,Q12225020
IZM1YXD2,0,Q12225020
HGPTTL3M,0,Q12225020
WYHF79AP,0,Q13442814
H9ZT7Y2V,0,Q13442814
6O1I452Z,0,Q21073024
6O1I452Z,1,Q11344
KK3WZ5SE,0,Q33742
Q07ESR42,0,Q33742
UZ0KIKJY,0,Q33742
N8VTPPHN,0,Q33742
N4K6FN4I,0,Q15145593
N4K6FN4I,1,Q214519
U93PHL60,0,Q15145593
U93PHL60,1,Q214519
NPISJJLP,0,Q15145593
NPISJJLP,1,Q214519
3KKKSMAJ,0,Q15145593
3ZOX9ZFR,0,Q15145593
3ZOX9ZFR,1,Q188509
WR74QU5V,0,Q15145593
XKW7A6ON,0,Q15145593
0WHBYST4,0,Q15145593
I4LD8G9Z,0,Q15145593
JQ8R43FB,0,Q15145593
3Z6SO6MA,0,Q15145593
OBFUR99T,0,Q15145593
9JMXVMZ8,0,Q15145593
6GOWXM3I,0,Q15145593
6GOWXM3I,1,Q15640053
6GOWXM3I,2,Q740752
6GOWXM3I,3,Q15145593
P98TDEMJ,0,Q15145593
B780BRT2,0,Q15145593
S0BC3N74,0,Q15145593
EPGD84DW,0,Q15145593
E5WGL80Q,0,Q15145593
NMTZTJAC,0,Q15145593
ZZ78IVS8,0,Q15145593
K94KJ9NS,0,Q15145593
DCH75IWY,0,Q15145593
75M1QKKV,0,Q15145593
3U353P53,0,Q15145593
94FPC01P,0,Q15145593
LP4QG5TZ,0,Q15145593
GJ8OB9BO,0,Q15145593
GJ8OB9BO,2,Q11581821
UCOGZCMG,0,Q15145593
UCOGZCMG,2,Q388201
3XX566KT,0,Q15145593
1W5145FI,0,Q15145593
VQFQINM2,0,Q15145593
XRCJE7D5,0,Q15145593
KY3DO3YM,0,Q15145593
CUGT12M4,0,Q15145593
3SZF64EL,0,Q15145593
F89WTFZB,0,Q15145593
M4TU3QFJ,0,Q15145593
L87PHKUA,0,Q15145593
SDTZZGQ7,0,Q216057
JTY6TMAT,0,Q216057
JTY6TMAT,1,Q2982955
MF7LLNVL,0,Q216057
MF7LLNVL,1,Q486972
T40EWDZQ,0,Q216057
6WIL9ZQR,0,Q1248784
IF73O88V,0,Q216057
Q96KIQ66,0,Q216057
6AGZYOGM,0,Q216057
NJWWN1U8,0,Q216057
MDKV8H8V,0,Q727715
4O5Z2WL0,0,Q727715
7GRVVOHB,0,Q727715
GIOKBKJC,0,Q727715
DTXLVRLQ,0,Q727715
ZQAR264X,0,Q727715
GJLJV0G6,0,Q727715
ISP5Q45P,0,Q727715
207HFJJU,0,Q618779
CFRV08W2,0,Q618779
VTBCWUVR,0,Q618779
EL8AXIVB,0,Q618779
7G1GQWZB,0,Q618779
GGFRTW2C,0,Q618779
SD4FZEQ9,0,Q618779
AP3WCXKQ,0,Q618779
LV0QD82F,0,Q618779
G2OYW55T,0,Q618779
XGIW516O,0,Q618779
7ADUPUDC,0,Q618779
XVP607GT,0,Q55089312
7ERMYQ6B,0,Q55089312
IAIDXFIW,0,Q55089312
355NZA5F,0,Q55089312
ZFPM7F1J,0,Q758895
ZFPM7F1J,1,Q1193246
HGFMTWKC,0,Q758895
NI0W5O3Z,0,Q758895
NI0W5O3Z,1,Q17155032
X82J0GD6,0,Q758895
X82J0GD6,2,Q9143
LT6D02Q2,0,Q758895
LT6D02Q2,1,Q17155032
LT6D02Q2,4,Q9135
5RB7Y7GM,0,Q756102
5RB7Y7GM,1,Q3624078
W9NXNXHO,0,Q756102
W9NXNXHO,1,Q3624078
FQOMJ60P,0,Q756102
FQOMJ60P,1,Q3624078
L2N7KEVY,0,Q756102
L2N7KEVY,1,Q3624078
NIL5CG3H,0,Q756102
DJDKUDW3,0,Q756102
E14517NJ,0,Q756102
I2TDC261,0,Q756102
JO2O4A6M,0,Q756102
T8RFIZ78,0,Q756102
UC9BRPOR,0,Q756102
GX7G9UU7,0,Q756102
ACTOUACO,0,Q756102
CX980VR0,0,Q756102
9FQZNU57,0,Q756102
E3K68CIH,0,Q756102
N1XMBP38,0,Q756102
DP62SNFU,0,Q756102
IYWIL5XJ,0,Q756102
FML7VBNT,0,Q756102
G2J79NVT,0,Q1153690
XY07L2BO,0,Q1153690
4IC17VN4,0,Q1153690
WLZ2NEDF,0,Q1153690
VHHY6WZV,0,Q726242
X8DO5PRR,0,Q1153690
OD7A61UF,0,Q20893947
0YQCO8D9,0,Q20893947
MN7XOIPQ,0,Q20893947
S3170SQF,0,Q20893947
80AG0B6A,0,Q1229765
R7G7868J,0,Q1229765
KN6EA4LJ,0,Q1229765
U4MZT9ZF,0,Q1229765
SEMQ4USR,0,Q1229765
J5KD4JHX,0,Q1229765
6J2YSUU3,0,Q1229765
0691T6KN,0,Q1229765
4DXWLVN6,0,Q49850
04SS85C8,0,Q49850
DVAFZZY5,0,Q49850
4TPAF5RB,0,Q93184
CZ2SXPUP,0,Q93184
B3C2PFPL,0,Q93184
S0R5H07K,0,Q93184
NKPZR5J6,0,Q811704
UH4T89DK,0,Q811704
BI4Z7TMX,0,Q811704
W5DZR4DS,0,Q811704
XRCCFGQV,0,Q811704
T1HHNI41,0,Q811704
H7V5KH6K,0,Q811704
05C1UAFE,0,Q811704
YRWYFE1Y,0,Q811704
Q5M5SPHQ,0,Q811704
GP2YF5M9,0,Q811704
XLEE3FAD,0,Q811704
216971LO,0,Q811704
VO45TS4F,0,Q811704
694P3W5U,0,Q811704
SUWOLF9X,0,Q811704
BP2XLI3N,0,Q44529188
V08W51CE,0,Q44529188
P6GH5SHZ,0,Q44529188
YJXC23P8,0,Q190107
9978VA8X,0,Q44529188
FX9RJVLC,0,Q44529188
YBCY3LF5,0,Q44529188
XG9Q530U,0,Q44529188
3ZCW7QZ8,0,Q55488
B46V767E,0,Q55488
5DYG5T58,0,Q55488
M15ETY70,0,Q55488
I4QF6NW1,0,Q55488
NBZ1ODH7,0,Q55488
GTQFOKUV,0,Q55488
RZWZGVTM,0,Q55488
5G4M90DD,0,Q55488
NTISN0M8,0,Q55488
U9ZEZBES,0,Q55488
MTVVXOCG,0,Q170013
UDJ4Z91I,0,Q170013
Y3GIDUPB,0,Q170013
4ZLHW9CT,0,Q170013
V9GV27OC,0,Q28225717
PUK344HS,0,Q28225717
WRJ4QBFY,0,Q28225717
GEK33X4W,0,Q28225717
GX73J1SP,0,Q414506
CI6NQQIF,0,Q414506
05XRRC1Q,0,Q414506
SPOIHBBZ,0,Q84491920
WQTHHN4H,0,Q84491920
AH15P0UF,0,Q84491920
AKED3IJW,0,Q84491920
4052E5Z7,0,Q162620
O1QJXSQK,0,Q162620
1OZGU1V7,0,Q162620
U16ARAXF,0,Q162620
Q9XJPTWM,0,Q161387
GR9L8VM8,0,Q161387
FLR7I1X2,0,Q161387
8V2PMTRQ,0,Q161387
R9C8BJGT,0,Q381885
93VB5R8D,0,Q381885
GWD57527,0,Q381885
VWLRIN0B,0,Q381885
0KM7LU0U,0,Q381885
IH8DZBQN,0,Q381885
CBLCC86T,0,Q381885
KPR2R95Y,0,Q381885
RCUL3DPT,0,Q508867
TNMPN4ZH,0,Q508867
BZ0OF7RS,0,Q10862618
PDBD8O3V,0,Q10862618
SEEOD0LC,0,Q10862618
BXOF8WUV,0,Q10862618
UF0W9XO6,0,Q2365159
D6GA3M9R,0,Q658255
MXSI0UN6,0,Q658255
8DZN95H7,0,Q658255
J0APCCT4,0,Q658255
99P8V7AT,0,Q1768043
SE9IQS1N,0,Q1768043
23PVHN0W,0,Q1768043
2MA2IF6J,0,Q1768043
8IKQMNV9,0,Q3257686
572LIH9X,0,Q3257686
PLZ79I81,0,Q17376095
U28P209D,0,Q3257686
ENAH0OVP,0,Q3257686
CJ1K8WAJ,0,Q3257686
5K6B8X6G,0,Q3257686
GLIJNVZC,0,Q3257686
134LRQ9N,0,Q3257686
AOB8AUT6,0,Q3257686
92XNZT0N,0,Q17376095
NTI0W1BE,0,Q3257686
W9551TVG,0,Q15921247
EHYA62QZ,0,Q15921247
QXJSDJQL,0,Q15921247
K0CJ5D8N,0,Q15921247
ZECDWN7K,0,Q740437
ZECDWN7K,1,Q747074
6Y8A63UP,0,Q740437
O6UODRVJ,0,Q44613
Y6EK9V2E,0,Q740437
7ALIY0D8,0,Q11424
3DBFOHN3,0,Q29168811
9UIIXTG3,0,Q29168811
ACDZPYO5,0,Q29168811
UR167DQ9,0,Q15630849
MYYNL1BW,0,Q4224624
TMI57ZA2,0,Q15630849
BQSOET84,0,Q15630849
VL31H5LW,0,Q15630849
P2TEJ641,0,Q15630849
YV9GMG4M,0,Q15630849
XDTBGS0K,0,Q15630849
Z677LOYS,0,Q149621
W6I1U4YU,0,Q149621
RY1FPLCP,0,Q474
ERSBU0ZD,0,Q474
30UNL9UX,0,Q19730508
H5PS1TNH,0,Q19730508
6MJPDUFP,0,Q19730508
9TRD53H5,0,Q19730508
WJ22D416,0,Q19730508
FO90LZOS,0,Q19730508
DSL5K555,0,Q19730508
A5YS5MP2,0,Q19730508
A5YS5MP2,1,Q17272482
IWKU7MWJ,0,Q1985797
KKDBYS29,0,Q19730508
KKDBYS29,1,Q17272482
9YZU3LEH,0,Q19730508
9YZU3LEH,1,Q17272482
OTRIXI88,0,Q386724
GMDBY608,0,Q386724
YV0VPB3K,0,Q386724
XNRDRKW6,0,Q386724
HX5VRDOV,0,Q3333989
36CC9X0X,0,Q3333989
0AERWODM,0,Q3333989
WQ769MTA,0,Q3333989
9LOCZ503,0,Q473932
SS13PX9L,0,Q473932
WWTUQ74X,0,Q473932
Z80NKTN6,0,Q473932
Q3VSP20D,0,Q473932
VP7KKIVY,0,Q473932
C6T4JRGU,0,Q473932
7E10KZ6Z,0,Q473932
O30SZ5KV,0,Q473932
BAG99VZV,0,Q473932
S9TFSTXP,0,Q473932
LBRUVFIJ,0,Q473932
TRSR4PTR,0,Q913337
D05SZOFR,0,Q913337
B9G1FWAH,0,Q913337
PQTL7QR2,0,Q913337
MRTE66XW,0,Q1373439
5GG6KMLZ,0,Q1373439
DA1DZTAY,0,Q1373439
IKURI9RC,0,Q1373439
YJ44M5LM,0,Q1373439
Z2KN8GYT,0,Q846110
9C4V7FG0,0,Q1373439
1SJ1LL6G,0,Q1373439
B6IJCX39,0,Q1373439
QFU316PH,0,Q1373439
CXYIAYQX,0,Q1373439
11YCH7SL,0,Q1373439
7LSITM1V,0,Q1373439
MOEOVFRK,0,Q1373439
8D1TYAQX,0,Q1373439
WH76LFYM,0,Q1373439
SVTP52YP,0,Q6243
S332WBIC,0,Q6243
2BGJVNZS,0,Q6243
38OII71Q,0,Q6243
JSROQAXL,0,Q6243
EXRLEVEC,0,Q6243
U8HTD1SA,0,Q6243
M5T405UI,0,Q6243
ADPHDVHA,0,Q6243
3Z6TEC81,0,Q6243
RI55KQ6F,0,Q6243
AR1HAGI1,0,Q6243
9QVXJR2O,0,Q6243
RBPHTEUR,0,Q6243
I6TW04XS,0,Q6243
IIQDYGS3,0,Q6243
F8FDOYSQ,0,Q6243
A4OK5L3D,0,Q6243
OPQALC1F,0,Q6243
UMJ5SUOF,0,Q6243
SV90IXF4,0,Q6243
C8ZXAULU,0,Q6243
VEHLPP41,0,Q6243
VWYE2BTU,0,Q6243
HW5W9NIU,0,Q3937
6NZ4MHSJ,0,Q6243
XMY5SFLO,0,Q3937
F0KBQXX0,0,Q5
RGXLVLIL,0,Q1302471
BA5WX5EA,0,Q1302471
ISM53AMP,0,Q1021711
9EDONSJ1,0,Q1021711
8HIMZDOI,0,Q1021711
GV72TVQT,0,Q1021711
PKQLQ2TI,0,Q190403
A41TAG1H,0,Q190403
84AO6908,0,Q190403
GRP50COS,0,Q190403
6X5OW0RR,0,Q190403
S5XSQ0NF,0,Q190403
BH9ZACC7,0,Q746369
BH9ZACC7,1,Q3624078
2AM2B6GZ,0,Q746369
CICQKMYD,0,Q746369
CICQKMYD,1,Q3624078
KRIBLYL5,0,Q746369
KRIBLYL5,1,Q3624078
RANFF3UG,0,Q746369
84CYVU7K,0,Q746369
84CYVU7K,2,Q18127
NQDELRGG,0,Q746369
NQDELRGG,2,Q838795
AS4WRQZY,0,Q746369
3F2LCULU,0,Q746369
3F2LCULU,1,Q5
19FPZYIJ,0,Q746369
19FPZYIJ,1,Q5
B1GIUSCE,0,Q746369
B1GIUSCE,1,Q5
O1A5W5QX,0,Q746369
O1A5W5QX,1,Q5
YZ1D3M18,0,Q746369
A9LJWVCX,0,Q746369
A9LJWVCX,1,Q79007
2L7U35VL,0,Q746369
65SIID0F,0,Q877886
GO6UBUA5,0,Q877886
WE7RG9DR,0,Q1852859
RHY9RXBH,0,Q1852859
22EECSJR,0,Q1852859
M7MX3X8Q,0,Q1852859
9E6P0O7X,0,Q1852859
ABQ8UD1Y,0,Q1852859
FV0MWXVK,0,Q1852859
OYI6FZMZ,0,Q1852859
Z6CPXAS2,0,Q1852859
41TGT669,0,Q1852859
PJJLAAXN,0,Q1852859
LJPHK63G,0,Q1852859
VPQ7FGOO,0,Q2785355
QM6YRH9H,0,Q2785355
BLDUTUBG,0,Q2785355
6EHZ7WRZ,0,Q2785355
MSKTR518,0,Q2785355
MSKTR518,1,Q79007
4FZ1SB3N,0,Q2785355
4FZ1SB3N,1,Q79007
6722YK4F,0,Q2785355
6722YK4F,1,Q79007
3FFIAG69,0,Q2785355
3FFIAG69,1,Q79007
E53Z2W4A,0,Q2785355
E53Z2W4A,1,Q2039348
EA9PNAPI,0,Q2785355
EA9PNAPI,1,Q2039348
QCIZ0XGU,0,Q2785355
QCIZ0XGU,1,Q2039348
FCNPII4I,0,Q2785355
IRHK6WBO,0,Q2785355
IRHK6WBO,1,Q1497375
414SFTBS,0,Q2785355
6PR3Y2TO,0,Q2785355
VF13RWZA,0,Q2785355
K2VF5282,0,Q2785355
K2VF5282,1,Q6256
APIPTZFH,0,Q2785355
APIPTZFH,1,Q6256
AO8IM3IC,0,Q2785355
AO8IM3IC,1,Q3624078
J58EQ3R5,0,Q2785355
FA4L2OVV,0,Q2785355
ZGTTS6W5,0,Q2785355
ZSNARZBI,0,Q2785355
CIYKW5ZJ,0,Q48498
0PXDHOUD,0,Q48498
KRSCRD8G,0,Q48498
3N0CJV4T,0,Q48498
ZRE4L6MK,0,Q48498
0M5Z361R,0,Q48498
BK2HD736,0,Q17376095
8EIYG7JF,0,Q17376095
EXR9J57U,0,Q17376095
1MSTBELG,0,Q17376095
EGAIXOW3,0,Q17376095
63HF2WCK,0,Q17376095
6CV10VN4,0,Q17376095
MTYBP1N0,0,Q17376095
X9JOSRSR,0,Q22075301
X9JOSRSR,1,Q5
8J0C36AE,0,Q28823
E5AZ7201,0,Q3305213
E5AZ7201,1,Q207694
22PS83R2,0,Q11060274
22PS83R2,1,Q207694
29MAT4ZH,0,Q29639251
29MAT4ZH,1,Q4830453
E6CKBF50,0,Q101352
E6CKBF50,1,Q4830453
XR1KBMME,0,Q22075301
XR1KBMME,1,Q4830453
5UQZVBS5,0,Q22075301
5UQZVBS5,1,Q4830453
DFLPVGH5,0,Q11183787
KGSUE2BF,0,Q11183787
TLVFULEN,0,Q11183787
FZA00WJV,0,Q11183787
5ALU911M,0,Q17376095
KVUEJYEX,0,Q18965
OM94EYJC,0,Q18965
SD9SR3IN,0,Q18965
2C0SGIKW,0,Q18965
23YT3ONW,0,Q14928
4HKHH2M1,0,Q14928
0T2FU6OU,0,Q14928
0EIVBLFX,0,Q14928
XAW6VPZR,0,Q14928
GDPCA8ZV,0,Q14928
X62VQE5P,0,Q14928
0EF7Y9VO,0,Q14928
13W6XN9W,0,Q14928
SX96VUJV,0,Q14928
3R230XKD,0,Q14928
GNPHDOMX,0,Q14928
AXV6S49Z,0,Q7540126
HWM6Y190,0,Q7540126
EPV1FJIA,0,Q134556
XVONPR4B,0,Q134556
YWB21VD9,0,Q134556
VIGT7JYA,0,Q134556
25DDABSU,0,Q134556
NYTPQU5M,0,Q134556
P1OQSDSS,0,Q134556
5JEDH6XO,0,Q134556
9RR7OTFG,0,Q1261214
25IALZT1,0,Q1261214
S06LHW5F,0,Q11424
TIW97BEX,0,Q1261214
8AIYFLKR,0,Q3397526
KTYVNZWJ,0,Q3397526
DYZKDQTC,0,Q3397526
AF1AQ7CH,0,Q3397526
TRMXP1W5,0,Q3397526
R3KTMEFF,0,Q3397526
UYBWGOTH,0,Q3397526
A8AYDOHZ,0,Q3397526
UGJUTWZL,0,Q468008
LA2RTBLZ,0,Q468008
S1T88I7V,0,Q468008
KUTDBXQA,0,Q468008
Z5C7ETT9,0,Q468008
QB4V4VAH,0,Q468008
QV9ZTTHV,0,Q468008
HEU9OHCS,0,Q468008
D7GA61SD,0,Q468008
33G4RHA5,0,Q468008
IJKE3O2Z,0,Q468008
JUD2X384,0,Q17198545
HZGLDK2R,0,Q28111
HCKMZHOE,0,Q17198545
W4TR2NZB,0,Q17198545
9PL81MBW,0,Q5119
A78M51V4,0,Q5119
6BSEI1BE,0,Q5119
PYPHZ1LT,0,Q5119
AUA3O7AA,0,Q5119
3Q9HR6K4,0,Q13433827
QEWYKFNY,0,Q5119
D6BCY13L,0,Q5119
AB7S82IX,0,Q170477
LXM04IRP,0,Q170477
WQS72ILZ,0,Q170477
8X1APMYM,0,Q170477
JKG5UUWL,0,Q13405588
JQ9QC15O,0,Q13405588
1XB6JD5Q,0,Q13405588
N1F6QRSQ,0,Q13405588
V8F1IJ1J,0,Q1497364
4QIY0BH0,0,Q1497364
QOER5REL,0,Q1497364
VCTBA91M,0,Q1497364
5NOSNU17,0,Q1497364
UMXUKMVP,0,Q1497364
J5GRZO55,0,Q1497364
PPOTTTN1,0,Q1497364
FG0OGX6X,0,Q1497364
WBSSFJ45,0,Q1497364
680UWPYF,0,Q1497364
JW19H2S6,0,Q1497364
IOQXC4NO,0,Q1497364
YP9EX41Z,0,Q1497364
YP9EX41Z,2,Q4830453
8AP3DW3Y,0,Q1497364
T30YH5WS,0,Q1497364
NOPJ7JY7,0,Q1497364
LNADAKBW,0,Q1497364
0OFC9VFX,0,Q1497364
YQ1TXXW4,0,Q1497364
VXS8LHAD,0,Q1497364
VXS8LHAD,1,Q32880
ZTBZTU2S,0,Q1497364
ZTBZTU2S,1,Q32880
XH4KYAOQ,0,Q1497364
XH4KYAOQ,1,Q32880
2HIC4EQ7,0,Q1497364
NHF2WUBB,0,Q1497364
NVMMR8HS,0,Q1497364
PWQVWAOV,0,Q101352
L7A0PO8W,0,Q15303838
PDY0QGDB,0,Q165145
PDY0QGDB,1,Q3624078
OW6A537P,0,Q165145
RWGKDETU,0,Q165145
4ESTXJ2P,0,Q12813115
761KRIOG,0,Q12813115
U1MB922R,0,Q12813115
0TI6TKLU,0,Q12813115
VPXRZJ2O,0,Q12813115
AKMOE8UM,0,Q12813115
GGK8CZRM,0,Q12813115
WJJR4BHP,0,Q12813115
96CB0V85,0,Q12813115
ZK9ZW8KE,0,Q12813115
72MC6G7W,0,Q12813115
72MC6G7W,1,Q12813115
4WWH06RG,0,Q12813115
EM5RCT4Z,0,Q12813115
EM5RCT4Z,1,Q17272482
NWBKIDKR,0,Q12813115
NWBKIDKR,1,Q17272482
ZY0F7M74,0,Q12813115
ZY0F7M74,1,Q17272482
BJUUI96R,0,Q12813115
BJUUI96R,1,Q17272482
3V74M0FG,0,Q12813115
EQJVVSSU,0,Q12813115
Y55J8WSP,0,Q12813115
CFSYOZ2J,0,Q12813115
CFDM0IDN,0,Q12813115
58E77X65,0,Q12813115
LQ9LNVJ4,0,Q12813115
YYESCAOP,0,Q12813115
6N2MDZFY,0,Q12813115
6N2MDZFY,1,Q127448
J3PT3JVN,0,Q12813115
X4YII3M3,0,Q12813115
X4YII3M3,1,Q127448
352SQW9L,0,Q12813115
H9G58E90,0,Q12813115
0HM9NBD5,0,Q12813115
X31YRWWU,0,Q12813115
3MMNB233,0,Q12813115
KK3G3ZO7,0,Q12813115
V0H8VOGN,0,Q12813115
XHL3FZ0W,0,Q12813115
L8EA5MYH,0,Q12813115
QBIT9E2U,0,Q55818
JQW3V8OZ,0,Q101352
OGZJLQIG,0,Q55818
61R7RLJ9,0,Q55818
1OT9XSAR,0,Q101352
C0KGLUZ1,0,Q55818
MYZX1G5Z,0,Q55818
N04BEBKK,0,Q101352
9W9F0ONJ,0,Q13402009
O90REV0B,0,Q13402009
9NDEUUPG,0,Q13402009
3KOU8M9V,0,Q13402009
3TUPLZXP,0,Q1637706
STH23VYN,0,Q1637706
3V634UKW,0,Q1637706
OYP290XV,0,Q1637706
FDW9SGQR,0,Q1637706
OZHLJM9K,0,Q1637706
GRV3RXXQ,0,Q1637706
24EGZXLZ,0,Q1637706
8CF2ATJU,0,Q7316896
8CF2ATJU,1,Q5633421
5368M5O5,0,Q7316896
5368M5O5,1,Q5633421
FMAL0RQ6,0,Q7316896
FMAL0RQ6,1,Q5633421
WYK8BRO1,0,Q1993334
WYK8BRO1,1,Q13442814
RGGVBKRH,0,Q1993334
RGGVBKRH,1,Q66747126
LZXOPJ0T,0,Q1993334
LZXOPJ0T,1,Q66747126
F594TDHN,0,Q1993334
F594TDHN,3,Q5
A11T9Q6A,0,Q1993334
ICM1E5HE,0,Q1993334
BSOIYQ7Z,0,Q1993334
65PE8ZXP,0,Q9388534
P1CZRXXF,0,Q9388534
3HCV9KOQ,0,Q159821
N2SDQ57X,0,Q159821
5T0PLDCL,0,Q159821
1L85U2AT,0,Q159821
E70T79I3,0,Q1288568
T6869Z78,0,Q4085712
6HQWPONY,0,Q5
U7F1RC04,0,Q8502
XYYM5DX1,0,Q8502
U2O4DYFH,0,Q8502
R2V6LIUO,0,Q8502
MDWQOIWV,0,Q95074
GQI2OQ3J,0,Q95074
4E020XSI,0,Q95074
NPN4RFOS,0,Q95074
N427KEC3,0,Q95074
WK4MT7L7,0,Q95074
J7G8CO4W,0,Q95074
SZ6YIXZL,0,Q95074
YI1AI4FR,0,Q15974311
E4CXOCHD,0,Q14947481
U3I7DI1Z,0,Q14947481
UEUZKZS9,0,Q14947481
UEUZKZS9,1,Q2039348
P7MH2U5P,0,Q14947481
P7MH2U5P,1,Q2039348
PIL1G1X3,0,Q14947481
PIL1G1X3,1,Q532
9AD18CXS,0,Q14947481
9AD18CXS,1,Q532
PZB32ATG,0,Q14947481
X5MFZKN1,0,Q682943
029UKV3E,0,Q682943
JHIFI68X,0,Q14750991
ZJ4T0NXA,0,Q14750991
JKLV443J,0,Q14750991
3J4SA9SM,0,Q15911738
9YH8PGOO,0,Q15911738
SHZYKJES,0,Q15911738
LJ6K9THS,0,Q15911738
Z1B9MRL1,0,Q15911738
3UCBRFO0,0,Q15911738
ERDJ36WC,0,Q15911738
YZ0I98AD,0,Q15911738
9EUFDISX,0,Q15911738
7Y49YJ56,0,Q15911738
DD5DNO8E,0,Q15911738
3X0AGJEL,0,Q15911738
822YFBY1,0,Q526877
OQ9SKEX1,0,Q526877
SI8XECNO,0,Q526877
5AW8OH1Y,0,Q526877
NZ9TMCCR,0,Q1907114
MG8IUPQQ,0,Q1907114
NOHNP2TV,0,Q1907114
DRYGVO8M,0,Q1907114
59JFV1X7,0,Q1907114
W99CLE68,0,Q1907114
RMOYTL2Z,0,Q1907114
70MAUAON,0,Q1907114
PWT9PH97,0,Q1907114
IIRC5F32,0,Q1907114
L7B66XQS,0,Q1907114
CYFI9EBU,0,Q1907114
UK145ATE,0,Q55102916
AL7HZHY2,0,Q55102916
L1X6AMVZ,0,Q55102916
ZIDP2R5J,0,Q55102916
CL5APD9L,0,Q55102916
YASSXIQA,0,Q55102916
C6HCSGIW,0,Q1428357
EFV1HTV8,0,Q1428357
H25QLLBU,0,Q1428357
EL5IYQL1,0,Q1428357
56O1NRKG,0,Q1428357
D4O14ZGZ,0,Q1428357
XRJAYTOG,0,Q1428357
UXFLFZR2,0,Q1428357
APAWXKET,0,Q15141321
DH48H8SA,0,Q15141321
F4ZG05L7,0,Q15141321
L0FN9TWL,0,Q15141321
G3F7WYBQ,0,Q15141321
SXU88IQ3,0,Q15141321
BAHJS371,0,Q15141321
9I6AQQ38,0,Q15141321
DPUBXB5Y,0,Q112679272
HKDULRYV,0,Q52721923
WG9YM53V,0,Q52721923
V7KSUT7I,0,Q52721923
WH0BH1U2,0,Q52721923
OC4107YC,0,Q2217301
UW9H9K0U,0,Q7725634
5GZB90CM,0,Q2217301
G1CE661K,0,Q2217301
21OZOGBW,0,Q2217301
VREOITZ9,0,Q2217301
VREOITZ9,1,Q191067
0XAU9RSB,0,Q2217301
0XAU9RSB,1,Q5
2Z3739AK,0,Q2217301
2Z3739AK,1,Q5
LQIM3UXM,0,Q2217301
LQIM3UXM,1,Q5
4TN2F25Z,0,Q2217301
TGC1I7V6,0,Q2217301
TGC1I7V6,1,Q3624078
GE5V7LUV,0,Q2217301
OO2P72II,0,Q2217301
OO2P72II,1,Q3624078
TGCV9UAY,0,Q2217301
TGCV9UAY,1,Q34770
QZV2H892,0,Q2217301
XKGVGDM2,0,Q2217301
VXVEFN2Y,0,Q2217301
OX5OI186,0,Q2217301
G56YYIKS,0,Q2217301
768TITG6,0,Q18559008
R200KQUS,0,Q18559008
6Z20JM95,0,Q18559008
YGG0WP7I,0,Q18559008
1OI39HDJ,0,Q61878
CSSW1U9M,0,Q61878
2E0D10Z7,0,Q61878
WKGEX8IE,0,Q61878
SK5CT1F6,0,Q61878
SW9S9AQM,0,Q54050
WTWVP6QQ,0,Q54050
U8OFLOCD,0,Q54050
AA6R3HX8,0,Q54050
8J80P7XF,0,Q54050
YDYFQ6S9,0,Q54050
VXAQASRY,0,Q54050
MZG7FANP,0,Q54050
VK6RPWQE,0,Q8502
IYZRV8J1,0,Q54050
773EBTQ7,0,Q54050
KCMBXP9J,0,Q6999
VMNRBRG9,0,Q6999
E1OXI933,0,Q6999
9MJ90CGZ,0,Q2247863
H6LBD8MO,0,Q6999
U3G89B3A,0,Q6999
1236ISII,0,Q6999
KUKA2D4I,0,Q6999
W52D82QR,0,Q6999
8QYRV7LF,0,Q6999
5Z95NUIB,0,Q6999
GS3X4LKS,0,Q6999
XXN3YJ2U,0,Q6999
0TIDZF96,0,Q6999
FMQP443C,0,Q6999
C2KRG3H3,0,Q6999
VB5J9THA,0,Q6999
O564RV9Z,0,Q6999
5Y9NWLVY,0,Q6999
GJSI75I4,0,Q6999
F20YQFLH,0,Q1410668
Z80JZHU9,0,Q1009641
1YED40NH,0,Q1009641
CFWOIGWV,0,Q1009641
CAGGNTB3,0,Q49848
6YKMPFC2,0,Q49848
VSSA4CY7,0,Q49848
XWQUIJZC,0,Q49848
1ZRCVW3X,0,Q1131296
6U10EFF0,0,Q1131296
LYL5FWST,0,Q1131296
HUQQSB7K,0,Q1131296
CSEVIG0Y,0,Q2919801
04TL78O9,0,Q2919801
ULMXLJJA,0,Q2919801
7G1QUG0T,0,Q2919801
ZSH9QGHJ,0,Q2919801
0M4CB9JW,0,Q2919801
5LIX75VF,0,Q2919801
PSALBQZN,0,Q2919801
49KP54AS,0,Q2919801
S9T2CW79,0,Q2919801
7S6LR6WR,0,Q2919801
KRDMLOCZ,0,Q2919801
NL104UJT,0,Q101352
NL104UJT,1,Q1288568
NL104UJT,2,Q8192
YLQAA1EJ,0,Q757292
I26LO4MM,0,Q757292
JSCG36A5,0,Q757292
EOVBYJPY,0,Q757292
1C5YT8BN,0,Q2143354
1C5YT8BN,2,Q4830453
DYBFXHUU,0,Q2143354
P9L89WS7,0,Q2143354
P9L89WS7,2,Q6256
46FOYMWB,0,Q2143354
NPUUJZAD,0,Q2143354
JT7DNSSD,0,Q2143354
J4874UV8,0,Q2143354
J4874UV8,1,Q871232
KCKCS57C,0,Q18219090
KCKCS57C,1,Q1792379
FO6DWWXA,0,Q3305213
FO6DWWXA,1,Q1792379
FMHETW44,0,Q18219090
FMHETW44,1,Q1792379
WU4WKRI6,0,Q18219090
1TJMZGRS,0,Q3305213
1TJMZGRS,2,Q968159
TW1EAFJF,0,Q3305213
TW1EAFJF,1,Q20643955
TW1EAFJF,2,Q968159
9J52S1DZ,0,Q3305213
9J52S1DZ,1,Q20643955
9J52S1DZ,2,Q968159
I4Y2BPKB,0,Q3305213
I4Y2BPKB,2,Q968159
UBHO5SAL,0,Q18219090
M92PJOHR,0,Q18219090
J8Y053Z7,0,Q18219090
5X9YW1IE,0,Q18219090
774C4LS2,0,Q18219090
UAXAERSR,0,Q18219090
NLZXBGBJ,0,Q3305213
W77D7VR8,0,Q18219090
W77D7VR8,1,Q5
JG549JEQ,0,Q18219090
JG549JEQ,1,Q5
DO6ZRJIL,0,Q11060274
DO6ZRJIL,1,Q5
P6PSMDXG,0,Q18219090
P6PSMDXG,1,Q5
P1RV1X0W,0,Q18219090
O6VIQUM4,0,Q18219090
8RRMS5SG,0,Q11060274
F0JI8RPU,0,Q18219090
LCBLYQAG,0,Q3305213
LCBLYQAG,1,Q207694
P92SQ62G,0,Q3305213
P92SQ62G,1,Q207694
ZC8AKZAM,0,Q11060274
ZC8AKZAM,1,Q207694
ZC8AKZAM,2,Q1406161
NZE42SY3,0,Q11060274
9P63TEM7,0,Q3305213
CVED3QFT,0,Q3305213
CVED3QFT,2,Q64689000
4ODU8CKX,0,Q11060274
4ODU8CKX,2,Q64689000
FEW6HQY6,0,Q27971968
W3OPLDJU,0,Q27971968
0TM09LSF,0,Q27971968
Z3LDWKYR,0,Q67376938
GVJE2AZR,0,Q861911
LZD42OHN,0,Q861911
GXIXSFZX,0,Q861911
MW1DGCMM,0,Q861911
L948HQXL,0,Q861911
L948HQXL,1,Q5
8NHWHJ5I,0,Q861911
8NHWHJ5I,1,Q5
KPQ21TAZ,0,Q861911
KPQ21TAZ,1,Q5
AAWQ6NXC,0,Q861911
AAWQ6NXC,1,Q5
T6ELE1C7,0,Q861911
T6ELE1C7,2,Q5
8YROS793,0,Q861911
8YROS793,2,Q5
M0HAD730,0,Q861911
M0HAD730,2,Q5
TFZB5LNU,0,Q861911
TFZB5LNU,2,Q5
HUSH2GE3,0,Q861911
0WAGMBN6,0,Q861911
0TCB71SC,0,Q861911
0TCB71SC,1,Q34770
8CUEHHYY,0,Q861911
8CUEHHYY,1,Q1288568
7R31IV5U,0,Q861911
M6E0KZWC,0,Q2100967
DTMSXVHW,0,Q2100967
BCM9H2R9,0,Q2100967
QUSY1SEN,0,Q2100967
9L99YZ21,0,Q57083319
RVGBU8GG,0,Q159675
228GYSN8,0,Q159675
30E7KI2O,0,Q159675
H6TCPGVB,0,Q4022
PV41EE6G,0,Q4022
GPTEYC6O,0,Q82604
HWFL66RN,0,Q82604
I1GGL0OE,0,Q82604
8O4J4XBL,0,Q82604
C12SCT11,0,Q82604
0TZ2FZ43,0,Q82604
0TZ2FZ43,1,Q4022
DHWCXKYH,0,Q82604
DHWCXKYH,1,Q4022
P02DCPRK,0,Q82604
P02DCPRK,1,Q4022
T53DUWD8,0,Q82604
Y1KHK90M,0,Q82604
J6W7QORV,0,Q82604
14JC8OLO,0,Q82604
VY53IJ6L,0,Q27686
ZBHT3G7O,0,Q27686
X6V3MGK0,0,Q27686
47YQ9IEC,0,Q27686
KWAGIZYG,0,Q27686
PE3RZF9J,0,Q27686
BT29WZLP,0,Q27686
B6AYCWGK,0,Q3624938
1LP5B93B,0,Q3624938
LUKFGMYP,0,Q3624938
06R93N65,0,Q1190172
RSBHH59V,0,Q1190172
RNTOAMG3,0,Q1190172
S7VTIKRC,0,Q1190172
H83I4E3L,0,Q1190172
Q9BTQZCG,0,Q1190172
BB93FJ9D,0,Q1190172
LM4V8UXS,0,Q1190172
EPMZAU36,0,Q1190172
HDATTCDE,0,Q1190172
XT4QXWSJ,0,Q1190172
WBV272G8,0,Q1190172
VNT86ANA,0,Q6934595
43RNOB30,0,Q6934595
NGN1A604,0,Q6934595
XR4ODXMN,0,Q6934595
Y8LXWTTI,0,Q2775969
CBUQSFI2,0,Q2775969
SF7IPIWM,0,Q33101426
SF7IPIWM,1,Q12131624
SF7IPIWM,2,Q27686
YL4ACZRY,0,Q33101426
YL4ACZRY,2,Q27686
SWKUYH61,0,Q33101426
SWKUYH61,2,Q27686
XOMOR9SE,0,Q33101426
XOMOR9SE,2,Q27686
8DGN6V9L,0,Q33101426
8DGN6V9L,3,Q17272482
E6N5C3AA,0,Q187934
73CWJIQ6,0,Q187934
XN11C67R,0,Q187934
DOQM4ILM,0,Q728937
YXLREH9Z,0,Q1058914
GELTMWY3,0,Q1058914
WGCOBJ0A,0,Q1058914
F8FNIN6E,0,Q1058914
KR7Q27IF,0,Q13415371
A3UJUJZS,0,Q13415371
E7TXTBSQ,0,Q13415371
UY3OETM1,0,Q13415371
0JM7J1J3,0,Q13415371
BIO2QEKC,0,Q13415371
0U8GAGB9,0,Q13415371
SW9KZ04P,0,Q13415371
AAHZYJKZ,0,Q15936437
VLDXIGSR,0,Q15936437
Q3B2RBW9,0,Q6023295
6H7D4ZVG,0,Q6023295
6H7D4ZVG,1,Q2039348
6H7D4ZVG,3,Q79007
RFTBXRLP,0,Q6023295
NK5NFQW9,0,Q6023295
NK5NFQW9,1,Q3624078
LUFVSA5U,0,Q6023295
LUFVSA5U,1,Q3624078
B044YFM6,0,Q6023295
B044YFM6,1,Q3624078
V4P7DD0B,0,Q6023295
V4P7DD0B,1,Q32880
V4P7DD0B,2,Q5
FJ821K1B,0,Q6023295
YC76VH7T,0,Q6023295
VVK08N6C,0,Q6023295
2HVVOGRT,0,Q6023295
6UH11HWK,0,Q6023295
UOTQQIVS,0,Q6023295
XF970E6K,0,Q6023295
XF970E6K,1,Q5
QVWB2AW5,0,Q6023295
RYTUDNJ0,0,Q6023295
HU7BD4CF,0,Q6023295
LBLUGKFB,0,Q6023295
O8H7CTB9,0,Q6023295
O8H7CTB9,1,Q109239160
DOYGE6O0,0,Q6023295
RQ53F5D0,0,Q6023295
NLAN4YXC,0,Q6023295
8RISFQ3U,0,Q6023295
8RISFQ3U,1,Q4387609
66ISZ71F,0,Q6023295
L3TPISM0,0,Q6023295
Z26Y71PG,0,Q6023295
Z26Y71PG,1,Q5
SPZ1PXBV,0,Q178743
QSEJNPGN,0,Q178743
SFJCP6WV,0,Q109607
4ZRX6MZ5,0,Q109607
62X3A914,0,Q1307329
62X3A914,1,Q1047698
PJ3PU4AN,0,Q1307329
BAU2YNE0,0,Q1307329
BAU2YNE0,1,Q1047698
DGR4OO54,0,Q1307329
DGR4OO54,1,Q1047698
LG3XI81H,0,Q1307329
WKDNSY9D,0,Q1307329
WKDNSY9D,1,Q2775969
HKZ9AOVG,0,Q1307329
YH8MGPXG,0,Q1307329
2PLNSX6S,0,Q1307329
BOVVCOA3,0,Q1307329
BOVVCOA3,1,Q109682310
TH0DQEJ0,0,Q170483
HU3JNDF5,0,Q170483
2N694IBA,0,Q170483
SJFVZ06Y,0,Q170483
8OOX3NVJ,0,Q950431
BNEA9V21,0,Q13414765
BNEA9V21,2,Q58425000
3JQ1200F,0,Q13414765
3JQ1200F,1,Q12139612
3JQ1200F,2,Q58425000
RHMWANNO,0,Q13414765
RHMWANNO,1,Q12139612
RHMWANNO,2,Q58425000
ZJ8T2K7A,0,Q13414765
ZJ8T2K7A,1,Q12139612
ZJ8T2K7A,2,Q58425000
GJR5G7MB,0,Q13414765
RHZ06FHA,0,Q13414765
39AB2VTX,0,Q13414765
7HOCSN9B,0,Q13414765
7HOCSN9B,1,Q5
A8NA0ZE7,0,Q13414765
D8KW6LF8,0,Q13414765
XUU72HR8,0,Q13414765
36VAJ74V,0,Q13414765
9QU97IL6,0,Q618123
DA3WP7XD,0,Q618123
ILZR2M4Z,0,Q618123
N6PMJJ4V,0,Q4022
2XYB6UP3,0,Q618123
RG06JNA6,0,Q618123
ADL24PEK,0,Q618123
46666CJQ,0,Q618123
0GUJGMQE,0,Q618123
NIAC4WXA,0,Q618123
45XLM329,0,Q618123
6SUE02WN,0,Q618123
S218A9NH,0,Q618123
K033K3AR,0,Q618123
1ZF3GNSE,0,Q618123
I44U860B,0,Q618123
O3HFKNNS,0,Q618123
G9Y3C5VE,0,Q618123
CN0JZJ95,0,Q618123
53LFACBP,0,Q618123
53LFACBP,1,Q17272482
AFG82G9D,0,Q618123
AFG82G9D,1,Q17272482
XWQ8H1HZ,0,Q618123
B230F399,0,Q618123
E29AQXTX,0,Q618123
BO925OFN,0,Q618123
LF6W1J07,0,Q618123
SNU21EPO,0,Q618123
SNU21EPO,1,Q23442
A53WBU0U,0,Q618123
8Z99ZSM8,0,Q436240
XF4FCSDL,0,Q436240
ED52EEGH,0,Q436240
D6DZ5VPB,0,Q76514543
D6DZ5VPB,1,Q13410428
B0I7CTEG,0,Q76514543
B0I7CTEG,1,Q13410428
1DNZGYU1,0,Q101352
1DNZGYU1,1,Q13410428
58KG4LER,0,Q498162
58KG4LER,1,Q13410428
W81YCA3S,0,Q76514543
IALQBRL9,0,Q76514543
IALQBRL9,1,Q13410428
PIJ8OPOW,0,Q475476
HGZ2EVZR,0,Q475476
00B3CMSZ,0,Q3305213
P5YOQTHF,0,Q475476
PNKRSGCO,0,Q475476
PNKRSGCO,1,Q1792379
L84HUSYK,0,Q475476
L84HUSYK,1,Q1792379
8LTFS6IF,0,Q429795
8LTFS6IF,1,Q12089225
8LTFS6IF,3,Q13406837
U1I7BK4X,0,Q429795
U1I7BK4X,3,Q13406837
6P5QF5I5,0,Q429795
6P5QF5I5,2,Q898786
36QESAPM,0,Q429795
36QESAPM,2,Q898786
X6D4F95J,0,Q429795
X6D4F95J,1,Q975413
X6D4F95J,2,Q898786
7NWVUSAY,0,Q429795
7NWVUSAY,2,Q898786
H2CUQVY9,0,Q429795
H2CUQVY9,1,Q11344
SJYWZNNT,0,Q429795
F2BKSSWX,0,Q429795
F2BKSSWX,1,Q11344
5LL2O0YR,0,Q54114
VWBOEDFS,0,Q54114
T7DDU9LH,0,Q54114
HT1NHHNO,0,Q15273785
XXOHMDTK,0,Q15273785
RC4OBI3M,0,Q15273785
JBWY71UT,0,Q27055636
ZIO4J9E4,0,Q27055636
Z2NNM53A,0,Q33506
JO4FTD3D,0,Q33506
NC6TBVQ0,0,Q33506
Q05YE0D4,0,Q33506
HVRN143T,0,Q33506
GBAG63OU,0,Q33506
ANJDO7MM,0,Q163740
DD5VGY8U,0,Q33506
O6YDDU41,0,Q33506
9IGJF084,0,Q33506
T1GKID6E,0,Q33506
PF9MRJTZ,0,Q33506
KDJ7W9CU,0,Q33506
HDIHXYEX,0,Q33506
H6X5CW4D,0,Q33506
Z6TIUSB0,0,Q33506
RVV50CJM,0,Q2577184
5ZI1F4S9,0,Q2577184
VWD57EK8,0,Q269949
OHSFETS6,0,Q269949
Y5Q7DI8R,0,Q269949
C5YQRBDQ,0,Q269949
N89D2A9B,0,Q269949
YKNA7F1C,0,Q269949
MNWBR8YB,0,Q269949
UUR7B8SA,0,Q269949
67YAVVB8,0,Q269949
WO63AJX3,0,Q269949
LJ0XYDLL,0,Q269949
GLMMO7V7,0,Q269949
MDWBQDYS,0,Q269949
MDWBQDYS,1,Q34442
IMELKDZJ,0,Q845169
AU2LLOT6,0,Q845169
9L6GO58Y,0,Q845169
EIISWPO6,0,Q845169
2BJBZZM1,0,Q845169
2F6Y9NE1,0,Q845169
9FCZKAZY,0,Q845169
WYG7P9QT,0,Q845169
GY8IV9M9,0,Q845169
AM3XC4MQ,0,Q845169
YNAZ5H85,0,Q845169
X5RQ7M5U,0,Q845169
J0RASENC,0,Q375928
9KQ5BZXH,0,Q375928
F2ZD6FXV,0,Q35749
8FFP7W8V,0,Q375928
14TC6WDF,0,Q8362
U7T6E3V7,0,Q8362
JMXPTAC7,0,Q8362
D9IQ35DM,0,Q8362
YIJLXO15,0,Q8261
AL56W7NJ,0,Q8261
TQKPHD5T,0,Q8261
OWMUNW31,0,Q8261
X36VGA4X,0,Q8142
H3M1458P,0,Q8142
WFFN90UN,0,Q8142
DNV47MP3,0,Q8109
G1IO00RP,0,Q8109
8758ZG0W,0,Q8109
QTADLAVE,0,Q8109
L56ZV76J,0,Q8092
9MQ30Z1L,0,Q8092
F5PDHPI1,0,Q8092
H99NVQ6A,0,Q8092
V390HQA4,0,Q8092
PBNEIP2P,0,Q8092
HHF8GDJ0,0,Q8092
DKPFWQOS,0,Q8092
RVJKZBR8,0,Q8072
MB3XVG1K,0,Q8072
GT8QRC3P,0,Q8072
Q0ELQZBG,0,Q8072
RRBYA5T1,0,Q8072
B1EQ5YRY,0,Q8072
N89HMOHY,0,Q23442
Y4B2QWGL,0,Q8068
7CCURJ2C,0,Q8068
HK8SIZG6,0,Q8068
REVAKYUK,0,Q8068
RJPLD0EV,0,Q8036
VIMCRGSD,0,Q8036
JI934GBK,0,Q8036
V41M9F4Q,0,Q8036
BNW4P971,0,Q5
BNW4P971,1,Q5
NI1VJNWA,0,Q5
NI1VJNWA,1,Q5
77A63FUG,0,Q5
77A63FUG,1,Q5
F2ZQOEEY,0,Q5
F2ZQOEEY,1,Q5
5XR3UCGA,0,Q5
5XR3UCGA,3,Q1048314
ULK4CYH8,0,Q5
ULK4CYH8,3,Q1048314
5PARS3OY,0,Q5
5PARS3OY,3,Q1048314
PYSFG29R,0,Q5
PYSFG29R,3,Q1048314
7C9Q4RKA,0,Q5
BZNVGSAL,0,Q5
BZNVGSAL,2,Q7278
FCK75OPF,0,Q5
FCK75OPF,3,Q5
BTVPVLDR,0,Q5
HYUDZ9N5,0,Q5
HYUDZ9N5,3,Q41710
93024U3U,0,Q5
0DT198YL,0,Q5
0DT198YL,3,Q41710
U1RZQD6N,0,Q5
U1RZQD6N,3,Q41710
T0B0VYYQ,0,Q5
T0B0VYYQ,1,Q31629
T0B0VYYQ,2,Q5
TXUGD0KS,0,Q5
TXUGD0KS,2,Q5
YNEL3VL6,0,Q5
TFOEGOPH,0,Q5
TFOEGOPH,2,Q5
86IDHOVL,0,Q5
86IDHOVL,1,Q56019
86IDHOVL,3,Q5
AMFLNGL6,0,Q5
AMFLNGL6,1,Q56019
AMFLNGL6,3,Q5
2UHRJWF9,0,Q5
2UHRJWF9,1,Q56019
2UHRJWF9,2,Q9639292
2UHRJWF9,3,Q5
EMOPQ83E,0,Q5
EMOPQ83E,1,Q56019
EMOPQ83E,3,Q5
NY3IOH47,0,Q5
NY3IOH47,1,Q5
LVGY6N1M,0,Q5
LVGY6N1M,1,Q5
S56B1MK1,0,Q5
S56B1MK1,1,Q5
Z4YJJU8D,0,Q5
Z4YJJU8D,1,Q5
YDN3X8NM,0,Q5
KQD8EYXF,0,Q5
7ALDZDC5,0,Q5
T6XEIXBT,0,Q5
T6XEIXBT,2,Q27020041
EPCTIO4H,0,Q5
EPCTIO4H,2,Q5
78G66QOJ,0,Q5
78G66QOJ,2,Q5
RVYF3D71,0,Q5
RVYF3D71,2,Q5
DK37N36P,0,Q5
DK37N36P,2,Q5
XRG436OY,0,Q5
XRG436OY,3,Q1288568
JAJ2AXAG,0,Q5
JAJ2AXAG,3,Q101352
8CK5F1YH,0,Q5
8CK5F1YH,3,Q34770
GL68R2ZR,0,Q5
GL68R2ZR,3,Q34770
9PE17XK5,0,Q5
9PE17XK5,1,Q5
VRSBKQ00,0,Q5
VRSBKQ00,1,Q5
DWK5PGTO,0,Q5
DWK5PGTO,1,Q5
J9MICGOD,0,Q5
J9MICGOD,1,Q5
LX9Q4J8U,0,Q5
CCEM7K0T,0,Q5
3RH2WCFN,0,Q5
UILLJGME,0,Q5
UILLJGME,1,Q58863414
WU9AG3JR,0,Q5
WU9AG3JR,1,Q12308941
U5A9ZDXE,0,Q5
U5A9ZDXE,1,Q1240901
FB1FES1P,0,Q5
FB1FES1P,1,Q1240901
SG6LBX09,0,Q5
SG6LBX09,1,Q1240901
NHDV498E,0,Q5
NHDV498E,1,Q5
B1WMS7W1,0,Q5
B1WMS7W1,1,Q5
SBC8QC06,0,Q5
SBC8QC06,1,Q5
UYFWB77F,0,Q5
UYFWB77F,1,Q5
U87ALBLN,0,Q5
U87ALBLN,2,Q48264
IMYCKE8Q,0,Q5
IMYCKE8Q,2,Q4369513
I6A0TQFI,0,Q4
80OE998I,0,Q4
8WJQ2I2D,0,Q4
7EKRNQC7,0,Q8436
X0JN5AJM,0,Q8436
X0JN5AJM,1,Q3624078
6E8M9B98,0,Q8436
6E8M9B98,1,Q3624078
2X6IFIBW,0,Q8436
2X6IFIBW,1,Q3624078
W3FX8IZR,0,Q8436
UNNLC5J5,0,Q8436
ZN7N9R8D,0,Q8436
L849YTKH,0,Q8436
4TNBWBNQ,0,Q8436
YMCEF0P8,0,Q8436
A5T0GVLF,0,Q8436
3EB27T17,0,Q8436
3EB27T17,1,Q12737077
D81E18CT,0,Q8436
6S9TH1T4,0,Q8436
VO4FE8S0,0,Q8436
9B1LPOY2,0,Q8436
BG4ECKNC,0,Q8436
BG4ECKNC,1,Q3624078
G1M2D4DU,0,Q8436
BOZE35SG,0,Q8436
GG2VFA5R,0,Q8436
JF51U2G0,0,Q8436
JF51U2G0,1,Q166118
PIPGK1PH,0,Q8436
SPW2D6PB,0,Q8436
0PFYGJJT,0,Q8436
0PFYGJJT,1,Q493522
NY3LL2L3,0,Q8436
IR3VSKC2,0,Q8436
IR3VSKC2,2,Q101352
5GLTC4HU,0,Q8436
5GLTC4HU,1,Q28640
5GLTC4HU,2,Q101352
K7LE7W82,0,Q8436
K7LE7W82,1,Q101352
K7LE7W82,2,Q101352
J2MEJH08,0,Q8436
C5WZ2A8E,0,Q8436
T4EZ5LJC,0,Q8436
T4EZ5LJC,1,Q73755302
S6HF0370,0,Q8436
S6HF0370,1,Q73755302
39W6MDT7,0,Q8436
39W6MDT7,1,Q73755302
CCXJF3M1,0,Q8436
CCXJF3M1,1,Q5
IDNNANYB,0,Q8436
IDNNANYB,1,Q5
BW6O6C6E,0,Q8436
QR2RMCRL,0,Q8436
QR2RMCRL,1,Q5
U4LHI2AU,0,Q8465
IK8GEXJP,0,Q8465
MT6SKHUI,0,Q8465
Q6MK6A4C,0,Q8465
52XE7LQB,0,Q8465
CUVC407F,0,Q8465
N0UJFKIS,0,Q8465
UFIZU4Y3,0,Q8465
UFIZU4Y3,1,Q3624078
5YJ5CZC1,0,Q8465
7G0I54CZ,0,Q8465
BY41V3BZ,0,Q8465
ZTOQG08T,0,Q8465
59UELB4T,0,Q8465
ST71Y0HM,0,Q8473
ST71Y0HM,1,Q8465
IBSXA0O3,0,Q8473
J2Z7ZAS3,0,Q8473
J2Z7ZAS3,1,Q3624078
40OM7MB9,0,Q8473
W15SB1E1,0,Q8473
PAB6ZWJR,0,Q8473
1824G6Y4,0,Q8473
P3P2QU6O,0,Q8502
3H9VZ0M5,0,Q8502
3H9VZ0M5,1,Q8502
5X2XHJL0,0,Q8502
5X2XHJL0,1,Q8502
CO04SSFX,0,Q8502
CO04SSFX,1,Q8502
GVRATRDQ,0,Q8502
WA1XT8KJ,0,Q8502
7SAMTKXL,0,Q8502
NOUJL24L,0,Q8502
NOUJL24L,1,Q17272482
1L3VDHXH,0,Q8502
1L3VDHXH,1,Q17272482
Y26S8UGN,0,Q8502
DWRYGT3R,0,Q8502
KJ45LFGN,0,Q8502
91N9XF3R,0,Q8502
BJW15XIR,0,Q8502
9FB3X7YX,0,Q8502
G8L3QBWF,0,Q8502
5CE7E6CG,0,Q8502
VT273WIF,0,Q8502
MHCZ11NS,0,Q8502
MHCZ11NS,1,Q5
J5GLLY3C,0,Q8502
J5GLLY3C,1,Q5
UQISU7BI,0,Q8502
KOITVQ34,0,Q8502
KOITVQ34,1,Q5
AD2C021H,0,Q8502
AD2C021H,1,Q22809610
4INFGIHY,0,Q8502
4INFGIHY,1,Q22809610
YLG7R6NL,0,Q8502
YLG7R6NL,1,Q22809610
LFD9HFLV,0,Q8502
LFD9HFLV,1,Q1778118
X098OKJM,0,Q8502
X098OKJM,1,Q1778118
31FAHHN8,0,Q8502
31FAHHN8,1,Q1778118
O9LORLC6,0,Q8502
O9LORLC6,1,Q1778118
TI3TKBI7,0,Q8502
DKYD0FHK,0,Q8502
57PD6KXS,0,Q54050
KOBWBRN4,0,Q8502
