008851b16aa04124b3a9195676604f35,0,http://dbpedia.org/resource/Rosa_virginiana
008851b16aa04124b3a9195676604f35,2,http://dbpedia.org/resource/Watercourse
008851b16aa04124b3a9195676604f35,7,http://dbpedia.org/resource/1816
008851b16aa04124b3a9195676604f35,8,http://dbpedia.org/resource/Month
008851b16aa04124b3a9195676604f35,10,NIL
008851b16aa04124b3a9195676604f35,11,NIL
008851b16aa04124b3a9195676604f35,14,http://dbpedia.org/resource/Iron
008851b16aa04124b3a9195676604f35,15,http://dbpedia.org/resource/Manganese
008851b16aa04124b3a9195676604f35,16,http://dbpedia.org/resource/TP_(Teddy_Pendergrass_album)
008851b16aa04124b3a9195676604f35,17,http://dbpedia.org/resource/Calcium
008851b16aa04124b3a9195676604f35,18,http://dbpedia.org/resource/4
008851b16aa04124b3a9195676604f35,19,http://dbpedia.org/resource/3
008851b16aa04124b3a9195676604f35,20,http://dbpedia.org/resource/Chlorine
008851b16aa04124b3a9195676604f35,23,NIL
008851b16aa04124b3a9195676604f35,25,http://dbpedia.org/resource/Genusa
008851b16aa04124b3a9195676604f35,26,NIL
008851b16aa04124b3a9195676604f35,28,http://dbpedia.org/resource/Municipality
008851b16aa04124b3a9195676604f35,31,http://dbpedia.org/resource/Magnesium
008851b16aa04124b3a9195676604f35,32,http://dbpedia.org/resource/Sodium
008851b16aa04124b3a9195676604f35,33,http://dbpedia.org/resource/Potassium
008851b16aa04124b3a9195676604f35,34,http://dbpedia.org/resource/3
008851b16aa04124b3a9195676604f35,35,http://dbpedia.org/resource/Tunisia
008851b16aa04124b3a9195676604f35,36,http://dbpedia.org/resource/Aluminium
008851b16aa04124b3a9195676604f35,37,http://dbpedia.org/resource/Selenium
008851b16aa04124b3a9195676604f35,38,http://dbpedia.org/resource/Cadmium
008851b16aa04124b3a9195676604f35,39,http://dbpedia.org/resource/Calcium
097c576b688e46eca8583b1de1a84a59,0,http://dbpedia.org/resource/Rosa_virginiana
097c576b688e46eca8583b1de1a84a59,2,http://dbpedia.org/resource/Watercourse
097c576b688e46eca8583b1de1a84a59,7,http://dbpedia.org/resource/1816
097c576b688e46eca8583b1de1a84a59,8,http://dbpedia.org/resource/Month
097c576b688e46eca8583b1de1a84a59,10,NIL
097c576b688e46eca8583b1de1a84a59,11,NIL
097c576b688e46eca8583b1de1a84a59,14,http://dbpedia.org/resource/Iron
097c576b688e46eca8583b1de1a84a59,15,http://dbpedia.org/resource/Manganese
097c576b688e46eca8583b1de1a84a59,16,http://dbpedia.org/resource/TP_(Teddy_Pendergrass_album)
097c576b688e46eca8583b1de1a84a59,17,http://dbpedia.org/resource/Calcium
097c576b688e46eca8583b1de1a84a59,18,http://dbpedia.org/resource/4
097c576b688e46eca8583b1de1a84a59,19,http://dbpedia.org/resource/3
097c576b688e46eca8583b1de1a84a59,20,http://dbpedia.org/resource/Chlorine
097c576b688e46eca8583b1de1a84a59,23,NIL
097c576b688e46eca8583b1de1a84a59,25,http://dbpedia.org/resource/Genusa
097c576b688e46eca8583b1de1a84a59,26,NIL
097c576b688e46eca8583b1de1a84a59,28,http://dbpedia.org/resource/Municipality
097c576b688e46eca8583b1de1a84a59,31,http://dbpedia.org/resource/Magnesium
097c576b688e46eca8583b1de1a84a59,32,http://dbpedia.org/resource/Sodium
097c576b688e46eca8583b1de1a84a59,33,http://dbpedia.org/resource/Potassium
097c576b688e46eca8583b1de1a84a59,34,http://dbpedia.org/resource/3
097c576b688e46eca8583b1de1a84a59,35,http://dbpedia.org/resource/Tunisia
097c576b688e46eca8583b1de1a84a59,36,http://dbpedia.org/resource/Aluminium
097c576b688e46eca8583b1de1a84a59,37,http://dbpedia.org/resource/Selenium
097c576b688e46eca8583b1de1a84a59,38,http://dbpedia.org/resource/Cadmium
097c576b688e46eca8583b1de1a84a59,39,http://dbpedia.org/resource/Calcium
0bc67e05a4d14011a2cf3fca2f869495,1,NIL
0bc67e05a4d14011a2cf3fca2f869495,2,http://dbpedia.org/resource/Kingdom_(American_TV_series)
0bc67e05a4d14011a2cf3fca2f869495,3,NIL
0bc67e05a4d14011a2cf3fca2f869495,4,http://dbpedia.org/resource/Class_(biology)
0bc67e05a4d14011a2cf3fca2f869495,5,http://dbpedia.org/resource/Ericaceae
0bc67e05a4d14011a2cf3fca2f869495,6,http://dbpedia.org/resource/Family
0bc67e05a4d14011a2cf3fca2f869495,7,http://dbpedia.org/resource/Genusa
0bc67e05a4d14011a2cf3fca2f869495,8,http://dbpedia.org/resource/Rosa_virginiana
0bc67e05a4d14011a2cf3fca2f869495,9,http://dbpedia.org/resource/Strain_rate
0bc67e05a4d14011a2cf3fca2f869495,10,http://dbpedia.org/resource/Nef_(protein)
0bc67e05a4d14011a2cf3fca2f869495,11,NIL
0be7652b187b45f5b111d51905c3c25b,1,http://dbpedia.org/resource/Early_modern_human
0be7652b187b45f5b111d51905c3c25b,2,http://dbpedia.org/resource/Rosa_virginiana
0be7652b187b45f5b111d51905c3c25b,3,http://dbpedia.org/resource/Collected_(Massive_Attack_album)
0be7652b187b45f5b111d51905c3c25b,13,http://dbpedia.org/resource/Lanthanum
0be7652b187b45f5b111d51905c3c25b,16,http://dbpedia.org/resource/Nitrogen
0be7652b187b45f5b111d51905c3c25b,17,http://dbpedia.org/resource/Atomic_carbon
0be7652b187b45f5b111d51905c3c25b,19,http://dbpedia.org/resource/Potassium
0be7652b187b45f5b111d51905c3c25b,20,http://dbpedia.org/resource/Magnesium
0be7652b187b45f5b111d51905c3c25b,21,http://dbpedia.org/resource/Calcium
0be7652b187b45f5b111d51905c3c25b,22,http://dbpedia.org/resource/Aluminium
0be7652b187b45f5b111d51905c3c25b,24,http://dbpedia.org/resource/Iron
0be7652b187b45f5b111d51905c3c25b,25,http://dbpedia.org/resource/2
0be7652b187b45f5b111d51905c3c25b,27,http://dbpedia.org/resource/Manganese
0be7652b187b45f5b111d51905c3c25b,28,http://dbpedia.org/resource/Sodium
0be7652b187b45f5b111d51905c3c25b,29,http://dbpedia.org/resource/Phosphorus
0be7652b187b45f5b111d51905c3c25b,31,http://dbpedia.org/resource/Zinc
0be7652b187b45f5b111d51905c3c25b,32,http://dbpedia.org/resource/Cobalt
0be7652b187b45f5b111d51905c3c25b,33,http://dbpedia.org/resource/Copper
0be7652b187b45f5b111d51905c3c25b,34,http://dbpedia.org/resource/Lead
0be7652b187b45f5b111d51905c3c25b,35,http://dbpedia.org/resource/Strontium
0be7652b187b45f5b111d51905c3c25b,36,http://dbpedia.org/resource/Chromium
0be7652b187b45f5b111d51905c3c25b,37,http://dbpedia.org/resource/Nickel
0be7652b187b45f5b111d51905c3c25b,39,NIL
0be7652b187b45f5b111d51905c3c25b,41,http://dbpedia.org/resource/Phenols
0be7652b187b45f5b111d51905c3c25b,42,http://dbpedia.org/resource/Tannin_(monster)
0ffeda696bba402284a382ab877bb9e7,0,http://dbpedia.org/resource/Rosa_virginiana
0ffeda696bba402284a382ab877bb9e7,2,http://dbpedia.org/resource/Watercourse
0ffeda696bba402284a382ab877bb9e7,7,http://dbpedia.org/resource/1816
0ffeda696bba402284a382ab877bb9e7,8,http://dbpedia.org/resource/Month
0ffeda696bba402284a382ab877bb9e7,10,NIL
0ffeda696bba402284a382ab877bb9e7,11,NIL
0ffeda696bba402284a382ab877bb9e7,14,http://dbpedia.org/resource/Iron
0ffeda696bba402284a382ab877bb9e7,15,http://dbpedia.org/resource/Manganese
0ffeda696bba402284a382ab877bb9e7,16,http://dbpedia.org/resource/TP_(Teddy_Pendergrass_album)
0ffeda696bba402284a382ab877bb9e7,17,http://dbpedia.org/resource/Calcium
0ffeda696bba402284a382ab877bb9e7,18,http://dbpedia.org/resource/4
0ffeda696bba402284a382ab877bb9e7,19,http://dbpedia.org/resource/3
0ffeda696bba402284a382ab877bb9e7,20,http://dbpedia.org/resource/Chlorine
0ffeda696bba402284a382ab877bb9e7,23,NIL
0ffeda696bba402284a382ab877bb9e7,25,http://dbpedia.org/resource/Genusa
0ffeda696bba402284a382ab877bb9e7,26,NIL
0ffeda696bba402284a382ab877bb9e7,28,http://dbpedia.org/resource/Municipality
0ffeda696bba402284a382ab877bb9e7,31,http://dbpedia.org/resource/Magnesium
0ffeda696bba402284a382ab877bb9e7,32,http://dbpedia.org/resource/Sodium
0ffeda696bba402284a382ab877bb9e7,33,http://dbpedia.org/resource/Potassium
0ffeda696bba402284a382ab877bb9e7,34,http://dbpedia.org/resource/3
0ffeda696bba402284a382ab877bb9e7,35,http://dbpedia.org/resource/Tunisia
0ffeda696bba402284a382ab877bb9e7,36,http://dbpedia.org/resource/Aluminium
0ffeda696bba402284a382ab877bb9e7,37,http://dbpedia.org/resource/Selenium
0ffeda696bba402284a382ab877bb9e7,38,http://dbpedia.org/resource/Cadmium
0ffeda696bba402284a382ab877bb9e7,39,http://dbpedia.org/resource/Calcium
1104b09c7f1f434a89a30a977b052c53,1,"http://dbpedia.org/resource/University,_Hillsborough_County,_Florida"
1104b09c7f1f434a89a30a977b052c53,2,http://dbpedia.org/resource/Rosa_virginiana
1104b09c7f1f434a89a30a977b052c53,3,http://dbpedia.org/resource/Collected_(Massive_Attack_album)
1104b09c7f1f434a89a30a977b052c53,13,http://dbpedia.org/resource/Lanthanum
1104b09c7f1f434a89a30a977b052c53,16,http://dbpedia.org/resource/Nitrogen
1104b09c7f1f434a89a30a977b052c53,17,http://dbpedia.org/resource/Atomic_carbon
1104b09c7f1f434a89a30a977b052c53,19,http://dbpedia.org/resource/Potassium
1104b09c7f1f434a89a30a977b052c53,20,http://dbpedia.org/resource/Magnesium
1104b09c7f1f434a89a30a977b052c53,21,http://dbpedia.org/resource/Calcium
1104b09c7f1f434a89a30a977b052c53,22,http://dbpedia.org/resource/Aluminium
1104b09c7f1f434a89a30a977b052c53,24,http://dbpedia.org/resource/Iron
1104b09c7f1f434a89a30a977b052c53,25,http://dbpedia.org/resource/2
1104b09c7f1f434a89a30a977b052c53,27,http://dbpedia.org/resource/Manganese
1104b09c7f1f434a89a30a977b052c53,28,http://dbpedia.org/resource/Sodium
1104b09c7f1f434a89a30a977b052c53,29,http://dbpedia.org/resource/Phosphorus
1104b09c7f1f434a89a30a977b052c53,31,http://dbpedia.org/resource/Zinc
1104b09c7f1f434a89a30a977b052c53,32,http://dbpedia.org/resource/Cobalt
1104b09c7f1f434a89a30a977b052c53,33,http://dbpedia.org/resource/Copper
1104b09c7f1f434a89a30a977b052c53,34,http://dbpedia.org/resource/Lead
1104b09c7f1f434a89a30a977b052c53,35,http://dbpedia.org/resource/Strontium
1104b09c7f1f434a89a30a977b052c53,36,http://dbpedia.org/resource/Chromium
1104b09c7f1f434a89a30a977b052c53,37,http://dbpedia.org/resource/Nickel
1104b09c7f1f434a89a30a977b052c53,39,NIL
1104b09c7f1f434a89a30a977b052c53,41,http://dbpedia.org/resource/Phenols
1104b09c7f1f434a89a30a977b052c53,42,http://dbpedia.org/resource/Tannin_(monster)
11a0fb6a86ba4fef9dbb904fa851066b,1,http://dbpedia.org/resource/Taxonus
18389aef970147c4982d160c7a2d42f9,7,http://dbpedia.org/resource/Animal-type_melanoma
18389aef970147c4982d160c7a2d42f9,8,http://dbpedia.org/resource/The_Outcome
18389aef970147c4982d160c7a2d42f9,10,http://dbpedia.org/resource/The_Breed_(2006_film)
18389aef970147c4982d160c7a2d42f9,11,NIL
1d09a099d3964602aca9425adcde89cd,1,NIL
1d09a099d3964602aca9425adcde89cd,2,http://dbpedia.org/resource/Kingdom_(American_TV_series)
1d09a099d3964602aca9425adcde89cd,3,NIL
1d09a099d3964602aca9425adcde89cd,4,http://dbpedia.org/resource/Class_(biology)
1d09a099d3964602aca9425adcde89cd,5,http://dbpedia.org/resource/Ericaceae
1d09a099d3964602aca9425adcde89cd,6,http://dbpedia.org/resource/Family
1d09a099d3964602aca9425adcde89cd,7,http://dbpedia.org/resource/Genusa
1d09a099d3964602aca9425adcde89cd,8,http://dbpedia.org/resource/Rosa_virginiana
1d09a099d3964602aca9425adcde89cd,9,http://dbpedia.org/resource/Strain_rate
1d09a099d3964602aca9425adcde89cd,10,http://dbpedia.org/resource/Nef_(protein)
1d09a099d3964602aca9425adcde89cd,11,NIL
217d8c0c33a74bb28a55efffcb047885,7,http://dbpedia.org/resource/Animal-type_melanoma
217d8c0c33a74bb28a55efffcb047885,8,http://dbpedia.org/resource/The_Outcome
217d8c0c33a74bb28a55efffcb047885,10,http://dbpedia.org/resource/The_Breed_(2006_film)
217d8c0c33a74bb28a55efffcb047885,11,NIL
2504d3d1356b4e0b85f10170bdbaeaf1,2,NIL
2504d3d1356b4e0b85f10170bdbaeaf1,3,http://dbpedia.org/resource/Altitude_(Autumn_album)
2504d3d1356b4e0b85f10170bdbaeaf1,11,NIL
2504d3d1356b4e0b85f10170bdbaeaf1,12,http://dbpedia.org/resource/Virginia
2504d3d1356b4e0b85f10170bdbaeaf1,20,http://dbpedia.org/resource/Wildlife_species
2504d3d1356b4e0b85f10170bdbaeaf1,22,http://dbpedia.org/resource/Total_cost
34169c088ee848e4866f42e87b4ccbc2,4,NIL
34169c088ee848e4866f42e87b4ccbc2,5,http://dbpedia.org/resource/Karuka
34169c088ee848e4866f42e87b4ccbc2,6,NIL
39a2d36769294a0a846cc209c45234e4,4,NIL
39a2d36769294a0a846cc209c45234e4,5,http://dbpedia.org/resource/Karuka
39a2d36769294a0a846cc209c45234e4,6,NIL
41952d192bb044e5bf2172e3e38612f9,0,http://dbpedia.org/resource/Rosa_virginiana
41952d192bb044e5bf2172e3e38612f9,2,http://dbpedia.org/resource/Watercourse
41952d192bb044e5bf2172e3e38612f9,7,http://dbpedia.org/resource/1816
41952d192bb044e5bf2172e3e38612f9,8,http://dbpedia.org/resource/Month
41952d192bb044e5bf2172e3e38612f9,10,http://dbpedia.org/resource/Latitude
41952d192bb044e5bf2172e3e38612f9,11,http://dbpedia.org/resource/Longitude
41952d192bb044e5bf2172e3e38612f9,14,http://dbpedia.org/resource/Iron
41952d192bb044e5bf2172e3e38612f9,15,http://dbpedia.org/resource/Manganese
41952d192bb044e5bf2172e3e38612f9,16,http://dbpedia.org/resource/TP_(Teddy_Pendergrass_album)
41952d192bb044e5bf2172e3e38612f9,17,http://dbpedia.org/resource/Calcium
41952d192bb044e5bf2172e3e38612f9,18,http://dbpedia.org/resource/4
41952d192bb044e5bf2172e3e38612f9,19,http://dbpedia.org/resource/3
41952d192bb044e5bf2172e3e38612f9,20,http://dbpedia.org/resource/Chlorine
41952d192bb044e5bf2172e3e38612f9,23,NIL
41952d192bb044e5bf2172e3e38612f9,25,http://dbpedia.org/resource/Genusa
41952d192bb044e5bf2172e3e38612f9,26,NIL
41952d192bb044e5bf2172e3e38612f9,28,http://dbpedia.org/resource/Municipality
41952d192bb044e5bf2172e3e38612f9,31,http://dbpedia.org/resource/Magnesium
41952d192bb044e5bf2172e3e38612f9,32,http://dbpedia.org/resource/Sodium
41952d192bb044e5bf2172e3e38612f9,33,http://dbpedia.org/resource/Potassium
41952d192bb044e5bf2172e3e38612f9,34,http://dbpedia.org/resource/3
41952d192bb044e5bf2172e3e38612f9,35,http://dbpedia.org/resource/Tunisia
41952d192bb044e5bf2172e3e38612f9,36,http://dbpedia.org/resource/Aluminium
41952d192bb044e5bf2172e3e38612f9,37,http://dbpedia.org/resource/Selenium
41952d192bb044e5bf2172e3e38612f9,38,http://dbpedia.org/resource/Cadmium
41952d192bb044e5bf2172e3e38612f9,39,http://dbpedia.org/resource/Calcium
56adc7a597b74e38905801fd6edc0f5c,2,NIL
56adc7a597b74e38905801fd6edc0f5c,3,http://dbpedia.org/resource/Altitude_(Autumn_album)
56adc7a597b74e38905801fd6edc0f5c,11,NIL
56adc7a597b74e38905801fd6edc0f5c,12,NIL
56adc7a597b74e38905801fd6edc0f5c,20,http://dbpedia.org/resource/Wildlife_species
56adc7a597b74e38905801fd6edc0f5c,22,http://dbpedia.org/resource/Total_cost
56e8b332212349f7b1e5c33a5b8fb0a9,0,NIL
56e8b332212349f7b1e5c33a5b8fb0a9,6,http://dbpedia.org/resource/1816
56e8b332212349f7b1e5c33a5b8fb0a9,4,http://dbpedia.org/resource/Longitude
56e8b332212349f7b1e5c33a5b8fb0a9,5,http://dbpedia.org/resource/Latitude
56e8b332212349f7b1e5c33a5b8fb0a9,8,NIL
56e8b332212349f7b1e5c33a5b8fb0a9,9,http://dbpedia.org/resource/Ancestral_Romance
5a71350927ed44ca979498a5b7719a68,0,http://dbpedia.org/resource/Rosa_virginiana
5a71350927ed44ca979498a5b7719a68,4,NIL
60163f2ce4f14bc3a257ab8ea56c6126,0,http://dbpedia.org/resource/Rosa_virginiana
60163f2ce4f14bc3a257ab8ea56c6126,2,http://dbpedia.org/resource/Watercourse
60163f2ce4f14bc3a257ab8ea56c6126,7,http://dbpedia.org/resource/1816
60163f2ce4f14bc3a257ab8ea56c6126,8,http://dbpedia.org/resource/Month
60163f2ce4f14bc3a257ab8ea56c6126,10,NIL
60163f2ce4f14bc3a257ab8ea56c6126,11,NIL
60163f2ce4f14bc3a257ab8ea56c6126,14,http://dbpedia.org/resource/Iron
60163f2ce4f14bc3a257ab8ea56c6126,15,http://dbpedia.org/resource/Manganese
60163f2ce4f14bc3a257ab8ea56c6126,16,http://dbpedia.org/resource/TP_(Teddy_Pendergrass_album)
60163f2ce4f14bc3a257ab8ea56c6126,17,http://dbpedia.org/resource/Calcium
60163f2ce4f14bc3a257ab8ea56c6126,18,http://dbpedia.org/resource/4
60163f2ce4f14bc3a257ab8ea56c6126,19,http://dbpedia.org/resource/3
60163f2ce4f14bc3a257ab8ea56c6126,20,http://dbpedia.org/resource/Chlorine
60163f2ce4f14bc3a257ab8ea56c6126,23,NIL
60163f2ce4f14bc3a257ab8ea56c6126,25,http://dbpedia.org/resource/Genusa
60163f2ce4f14bc3a257ab8ea56c6126,26,NIL
60163f2ce4f14bc3a257ab8ea56c6126,28,http://dbpedia.org/resource/Municipality
60163f2ce4f14bc3a257ab8ea56c6126,31,http://dbpedia.org/resource/Magnesium
60163f2ce4f14bc3a257ab8ea56c6126,32,http://dbpedia.org/resource/Sodium
60163f2ce4f14bc3a257ab8ea56c6126,33,http://dbpedia.org/resource/Potassium
60163f2ce4f14bc3a257ab8ea56c6126,34,http://dbpedia.org/resource/3
60163f2ce4f14bc3a257ab8ea56c6126,35,http://dbpedia.org/resource/Tunisia
60163f2ce4f14bc3a257ab8ea56c6126,36,http://dbpedia.org/resource/Aluminium
60163f2ce4f14bc3a257ab8ea56c6126,37,http://dbpedia.org/resource/Selenium
60163f2ce4f14bc3a257ab8ea56c6126,38,http://dbpedia.org/resource/Cadmium
60163f2ce4f14bc3a257ab8ea56c6126,39,http://dbpedia.org/resource/Calcium
74fc7b22dac0461a8a522480483bae4a,1,http://dbpedia.org/resource/Early_modern_human
74fc7b22dac0461a8a522480483bae4a,2,NIL
74fc7b22dac0461a8a522480483bae4a,3,http://dbpedia.org/resource/Collected_(Massive_Attack_album)
74fc7b22dac0461a8a522480483bae4a,13,http://dbpedia.org/resource/Lanthanum
74fc7b22dac0461a8a522480483bae4a,16,http://dbpedia.org/resource/Nitrogen
74fc7b22dac0461a8a522480483bae4a,17,http://dbpedia.org/resource/Atomic_carbon
74fc7b22dac0461a8a522480483bae4a,19,http://dbpedia.org/resource/Potassium
74fc7b22dac0461a8a522480483bae4a,20,http://dbpedia.org/resource/Magnesium
74fc7b22dac0461a8a522480483bae4a,21,http://dbpedia.org/resource/Calcium
74fc7b22dac0461a8a522480483bae4a,22,http://dbpedia.org/resource/Aluminium
74fc7b22dac0461a8a522480483bae4a,24,http://dbpedia.org/resource/Iron
74fc7b22dac0461a8a522480483bae4a,25,http://dbpedia.org/resource/2
74fc7b22dac0461a8a522480483bae4a,27,http://dbpedia.org/resource/Manganese
74fc7b22dac0461a8a522480483bae4a,28,http://dbpedia.org/resource/Sodium
74fc7b22dac0461a8a522480483bae4a,29,http://dbpedia.org/resource/Phosphorus
74fc7b22dac0461a8a522480483bae4a,31,http://dbpedia.org/resource/Zinc
74fc7b22dac0461a8a522480483bae4a,32,http://dbpedia.org/resource/Cobalt
74fc7b22dac0461a8a522480483bae4a,33,http://dbpedia.org/resource/Copper
74fc7b22dac0461a8a522480483bae4a,34,http://dbpedia.org/resource/Lead
74fc7b22dac0461a8a522480483bae4a,35,http://dbpedia.org/resource/Strontium
74fc7b22dac0461a8a522480483bae4a,36,http://dbpedia.org/resource/Chromium
74fc7b22dac0461a8a522480483bae4a,37,http://dbpedia.org/resource/Nickel
74fc7b22dac0461a8a522480483bae4a,39,NIL
74fc7b22dac0461a8a522480483bae4a,41,http://dbpedia.org/resource/Phenols
74fc7b22dac0461a8a522480483bae4a,42,http://dbpedia.org/resource/Tannin_(monster)
8249f8533f764f6dbd195a872c18fd6d,0,http://dbpedia.org/resource/Rosa_virginiana
8249f8533f764f6dbd195a872c18fd6d,2,http://dbpedia.org/resource/Watercourse
8249f8533f764f6dbd195a872c18fd6d,7,http://dbpedia.org/resource/1816
8249f8533f764f6dbd195a872c18fd6d,8,http://dbpedia.org/resource/Month
8249f8533f764f6dbd195a872c18fd6d,10,NIL
8249f8533f764f6dbd195a872c18fd6d,11,NIL
8249f8533f764f6dbd195a872c18fd6d,14,http://dbpedia.org/resource/Iron
8249f8533f764f6dbd195a872c18fd6d,15,http://dbpedia.org/resource/Manganese
8249f8533f764f6dbd195a872c18fd6d,16,http://dbpedia.org/resource/TP_(Teddy_Pendergrass_album)
8249f8533f764f6dbd195a872c18fd6d,17,http://dbpedia.org/resource/Calcium
8249f8533f764f6dbd195a872c18fd6d,18,http://dbpedia.org/resource/4
8249f8533f764f6dbd195a872c18fd6d,19,http://dbpedia.org/resource/3
8249f8533f764f6dbd195a872c18fd6d,20,http://dbpedia.org/resource/Chlorine
8249f8533f764f6dbd195a872c18fd6d,23,NIL
8249f8533f764f6dbd195a872c18fd6d,25,http://dbpedia.org/resource/Genusa
8249f8533f764f6dbd195a872c18fd6d,26,NIL
8249f8533f764f6dbd195a872c18fd6d,28,http://dbpedia.org/resource/Municipality
8249f8533f764f6dbd195a872c18fd6d,31,http://dbpedia.org/resource/Magnesium
8249f8533f764f6dbd195a872c18fd6d,32,http://dbpedia.org/resource/Sodium
8249f8533f764f6dbd195a872c18fd6d,33,http://dbpedia.org/resource/Potassium
8249f8533f764f6dbd195a872c18fd6d,34,http://dbpedia.org/resource/3
8249f8533f764f6dbd195a872c18fd6d,35,http://dbpedia.org/resource/Tunisia
8249f8533f764f6dbd195a872c18fd6d,36,http://dbpedia.org/resource/Aluminium
8249f8533f764f6dbd195a872c18fd6d,37,http://dbpedia.org/resource/Selenium
8249f8533f764f6dbd195a872c18fd6d,38,http://dbpedia.org/resource/Cadmium
8249f8533f764f6dbd195a872c18fd6d,39,http://dbpedia.org/resource/Calcium
9136f9e37ec94669a82e28df799553bf,4,http://dbpedia.org/resource/Soil_type
9136f9e37ec94669a82e28df799553bf,2,http://dbpedia.org/resource/Collection_of_articles
9136f9e37ec94669a82e28df799553bf,3,NIL
9136f9e37ec94669a82e28df799553bf,10,http://dbpedia.org/resource/Immortalised_cell_line
9136f9e37ec94669a82e28df799553bf,11,NIL
9136f9e37ec94669a82e28df799553bf,12,NIL
a0d91ffa40534e3b8fd488e6f4a38d1b,7,http://dbpedia.org/resource/Animal-type_melanoma
a0d91ffa40534e3b8fd488e6f4a38d1b,8,http://dbpedia.org/resource/The_Outcome
a0d91ffa40534e3b8fd488e6f4a38d1b,10,http://dbpedia.org/resource/The_Breed_(2006_film)
a0d91ffa40534e3b8fd488e6f4a38d1b,11,NIL
a407fa84d55d4072945ac61346150d03,3,http://dbpedia.org/resource/Exploratory_(museum)
a407fa84d55d4072945ac61346150d03,5,NIL
a407fa84d55d4072945ac61346150d03,6,http://dbpedia.org/resource/Acetic_acid
a9d3d5c71a1648d3ae693997b0971e83,0,http://dbpedia.org/resource/Rosa_virginiana
b02af14b8cf34c43bac84325d6f1e912,1,NIL
b0edc48006d5454dae3ca3e41f33e280,2,NIL
b0edc48006d5454dae3ca3e41f33e280,3,http://dbpedia.org/resource/Altitude_(Autumn_album)
b0edc48006d5454dae3ca3e41f33e280,11,NIL
b0edc48006d5454dae3ca3e41f33e280,12,http://dbpedia.org/resource/Origin_(Evanescence_album)
b0edc48006d5454dae3ca3e41f33e280,20,http://dbpedia.org/resource/Wildlife_species
b0edc48006d5454dae3ca3e41f33e280,22,http://dbpedia.org/resource/Total_cost
b4f794ef33814848af1a75989a554370,0,http://dbpedia.org/resource/Rosa_virginiana
b4f794ef33814848af1a75989a554370,2,http://dbpedia.org/resource/Watercourse
b4f794ef33814848af1a75989a554370,7,http://dbpedia.org/resource/Year
b4f794ef33814848af1a75989a554370,8,http://dbpedia.org/resource/Month
b4f794ef33814848af1a75989a554370,10,NIL
b4f794ef33814848af1a75989a554370,11,NIL
b4f794ef33814848af1a75989a554370,14,http://dbpedia.org/resource/Iron
b4f794ef33814848af1a75989a554370,15,http://dbpedia.org/resource/Manganese
b4f794ef33814848af1a75989a554370,16,http://dbpedia.org/resource/TP_(Teddy_Pendergrass_album)
b4f794ef33814848af1a75989a554370,17,http://dbpedia.org/resource/Calcium
b4f794ef33814848af1a75989a554370,18,http://dbpedia.org/resource/4
b4f794ef33814848af1a75989a554370,19,http://dbpedia.org/resource/3
b4f794ef33814848af1a75989a554370,20,http://dbpedia.org/resource/Chlorine
b4f794ef33814848af1a75989a554370,23,NIL
b4f794ef33814848af1a75989a554370,25,http://dbpedia.org/resource/Genusa
b4f794ef33814848af1a75989a554370,26,NIL
b4f794ef33814848af1a75989a554370,28,http://dbpedia.org/resource/Municipality
b4f794ef33814848af1a75989a554370,31,http://dbpedia.org/resource/Magnesium
b4f794ef33814848af1a75989a554370,32,http://dbpedia.org/resource/Sodium
b4f794ef33814848af1a75989a554370,33,http://dbpedia.org/resource/Potassium
b4f794ef33814848af1a75989a554370,34,http://dbpedia.org/resource/3
b4f794ef33814848af1a75989a554370,35,http://dbpedia.org/resource/Tunisia
b4f794ef33814848af1a75989a554370,36,http://dbpedia.org/resource/Aluminium
b4f794ef33814848af1a75989a554370,37,http://dbpedia.org/resource/Selenium
b4f794ef33814848af1a75989a554370,38,http://dbpedia.org/resource/Cadmium
b4f794ef33814848af1a75989a554370,39,http://dbpedia.org/resource/Calcium
b785d9ed72b347ae9cb0997df17258d8,1,NIL
b785d9ed72b347ae9cb0997df17258d8,5,NIL
b9b284ef0bd745749d71bb983ba9ace9,2,NIL
b9b284ef0bd745749d71bb983ba9ace9,3,http://dbpedia.org/resource/Altitude_(Autumn_album)
b9b284ef0bd745749d71bb983ba9ace9,11,NIL
b9b284ef0bd745749d71bb983ba9ace9,12,http://dbpedia.org/resource/Virginia
b9b284ef0bd745749d71bb983ba9ace9,20,http://dbpedia.org/resource/Wildlife_species
b9b284ef0bd745749d71bb983ba9ace9,22,http://dbpedia.org/resource/Total_cost
bce62d5597764148ae822175f250a215,4,http://dbpedia.org/resource/Data_type
bce62d5597764148ae822175f250a215,2,NIL
bce62d5597764148ae822175f250a215,3,NIL
bce62d5597764148ae822175f250a215,6,"http://dbpedia.org/resource/20α,22R-Dihydroxycholesterol"
bce62d5597764148ae822175f250a215,10,http://dbpedia.org/resource/Phosphorus
bce62d5597764148ae822175f250a215,11,NIL
bce62d5597764148ae822175f250a215,12,http://dbpedia.org/resource/Cellulose_acetate
bd00b752eba94953882023490ade0978,2,NIL
bd00b752eba94953882023490ade0978,3,http://dbpedia.org/resource/Altitude_(Autumn_album)
bd00b752eba94953882023490ade0978,11,NIL
bd00b752eba94953882023490ade0978,12,http://dbpedia.org/resource/Virginia
bd00b752eba94953882023490ade0978,20,http://dbpedia.org/resource/Wildlife_species
bd00b752eba94953882023490ade0978,22,http://dbpedia.org/resource/Total_cost
c09226e97dd0468b8ecb5893332bfc14,4,http://dbpedia.org/resource/Soil_type
c09226e97dd0468b8ecb5893332bfc14,2,http://dbpedia.org/resource/Latitude
c09226e97dd0468b8ecb5893332bfc14,3,NIL
c09226e97dd0468b8ecb5893332bfc14,6,"http://dbpedia.org/resource/20α,22R-Dihydroxycholesterol"
c09226e97dd0468b8ecb5893332bfc14,10,http://dbpedia.org/resource/Phosphorus
c09226e97dd0468b8ecb5893332bfc14,11,NIL
c09226e97dd0468b8ecb5893332bfc14,12,http://dbpedia.org/resource/Cellulose_acetate
c36f7f977dd8442681ace9541e0177c8,4,NIL
c36f7f977dd8442681ace9541e0177c8,5,http://dbpedia.org/resource/Karuka
c36f7f977dd8442681ace9541e0177c8,6,NIL
c59f306bb061463f8b5ce7174d4e450d,1,NIL
cab96661ce0a4ec48bdc0f0a28c39753,1,http://dbpedia.org/resource/Early_modern_human
cab96661ce0a4ec48bdc0f0a28c39753,2,http://dbpedia.org/resource/Rosa_virginiana
cab96661ce0a4ec48bdc0f0a28c39753,3,http://dbpedia.org/resource/Collected_(Massive_Attack_album)
cab96661ce0a4ec48bdc0f0a28c39753,13,http://dbpedia.org/resource/Lanthanum
cab96661ce0a4ec48bdc0f0a28c39753,16,http://dbpedia.org/resource/Nitrogen
cab96661ce0a4ec48bdc0f0a28c39753,17,http://dbpedia.org/resource/Atomic_carbon
cab96661ce0a4ec48bdc0f0a28c39753,19,http://dbpedia.org/resource/Potassium
cab96661ce0a4ec48bdc0f0a28c39753,20,http://dbpedia.org/resource/Magnesium
cab96661ce0a4ec48bdc0f0a28c39753,21,http://dbpedia.org/resource/Calcium
cab96661ce0a4ec48bdc0f0a28c39753,22,http://dbpedia.org/resource/Aluminium
cab96661ce0a4ec48bdc0f0a28c39753,24,http://dbpedia.org/resource/Iron
cab96661ce0a4ec48bdc0f0a28c39753,25,http://dbpedia.org/resource/2
cab96661ce0a4ec48bdc0f0a28c39753,27,http://dbpedia.org/resource/Manganese
cab96661ce0a4ec48bdc0f0a28c39753,28,http://dbpedia.org/resource/Sodium
cab96661ce0a4ec48bdc0f0a28c39753,29,http://dbpedia.org/resource/Phosphorus
cab96661ce0a4ec48bdc0f0a28c39753,31,http://dbpedia.org/resource/Zinc
cab96661ce0a4ec48bdc0f0a28c39753,32,http://dbpedia.org/resource/Cobalt
cab96661ce0a4ec48bdc0f0a28c39753,33,http://dbpedia.org/resource/Copper
cab96661ce0a4ec48bdc0f0a28c39753,34,http://dbpedia.org/resource/Lead
cab96661ce0a4ec48bdc0f0a28c39753,35,http://dbpedia.org/resource/Strontium
cab96661ce0a4ec48bdc0f0a28c39753,36,http://dbpedia.org/resource/Chromium
cab96661ce0a4ec48bdc0f0a28c39753,37,http://dbpedia.org/resource/Nickel
cab96661ce0a4ec48bdc0f0a28c39753,39,NIL
cab96661ce0a4ec48bdc0f0a28c39753,41,http://dbpedia.org/resource/Phenols
cab96661ce0a4ec48bdc0f0a28c39753,42,http://dbpedia.org/resource/Tannin_(monster)
cb1601379dca4472b6df915185124990,0,http://dbpedia.org/resource/Rosa_virginiana
cb1601379dca4472b6df915185124990,4,NIL
cdb29eaf5d6145d6978fd9c9d474a11d,0,http://dbpedia.org/resource/Rosa_virginiana
cdb29eaf5d6145d6978fd9c9d474a11d,2,http://dbpedia.org/resource/Watercourse
cdb29eaf5d6145d6978fd9c9d474a11d,7,http://dbpedia.org/resource/1816
cdb29eaf5d6145d6978fd9c9d474a11d,8,http://dbpedia.org/resource/Month
cdb29eaf5d6145d6978fd9c9d474a11d,10,NIL
cdb29eaf5d6145d6978fd9c9d474a11d,11,NIL
cdb29eaf5d6145d6978fd9c9d474a11d,14,http://dbpedia.org/resource/Iron
cdb29eaf5d6145d6978fd9c9d474a11d,15,http://dbpedia.org/resource/Manganese
cdb29eaf5d6145d6978fd9c9d474a11d,16,http://dbpedia.org/resource/TP_(Teddy_Pendergrass_album)
cdb29eaf5d6145d6978fd9c9d474a11d,17,http://dbpedia.org/resource/Calcium
cdb29eaf5d6145d6978fd9c9d474a11d,18,http://dbpedia.org/resource/4
cdb29eaf5d6145d6978fd9c9d474a11d,19,http://dbpedia.org/resource/3
cdb29eaf5d6145d6978fd9c9d474a11d,20,http://dbpedia.org/resource/Chlorine
cdb29eaf5d6145d6978fd9c9d474a11d,23,NIL
cdb29eaf5d6145d6978fd9c9d474a11d,25,http://dbpedia.org/resource/Genusa
cdb29eaf5d6145d6978fd9c9d474a11d,26,NIL
cdb29eaf5d6145d6978fd9c9d474a11d,28,http://dbpedia.org/resource/Municipality
cdb29eaf5d6145d6978fd9c9d474a11d,31,http://dbpedia.org/resource/Magnesium
cdb29eaf5d6145d6978fd9c9d474a11d,32,http://dbpedia.org/resource/Sodium
cdb29eaf5d6145d6978fd9c9d474a11d,33,http://dbpedia.org/resource/Potassium
cdb29eaf5d6145d6978fd9c9d474a11d,34,http://dbpedia.org/resource/3
cdb29eaf5d6145d6978fd9c9d474a11d,35,http://dbpedia.org/resource/Tunisia
cdb29eaf5d6145d6978fd9c9d474a11d,36,http://dbpedia.org/resource/Aluminium
cdb29eaf5d6145d6978fd9c9d474a11d,37,http://dbpedia.org/resource/Selenium
cdb29eaf5d6145d6978fd9c9d474a11d,38,http://dbpedia.org/resource/Cadmium
cdb29eaf5d6145d6978fd9c9d474a11d,39,http://dbpedia.org/resource/Calcium
d25a9ef3b12244ef9028aaf2df7a753d,0,http://dbpedia.org/resource/Rosa_virginiana
d25a9ef3b12244ef9028aaf2df7a753d,2,http://dbpedia.org/resource/Watercourse
d25a9ef3b12244ef9028aaf2df7a753d,7,http://dbpedia.org/resource/1816
d25a9ef3b12244ef9028aaf2df7a753d,8,http://dbpedia.org/resource/Month
d25a9ef3b12244ef9028aaf2df7a753d,10,NIL
d25a9ef3b12244ef9028aaf2df7a753d,11,NIL
d25a9ef3b12244ef9028aaf2df7a753d,14,http://dbpedia.org/resource/Iron
d25a9ef3b12244ef9028aaf2df7a753d,15,http://dbpedia.org/resource/Manganese
d25a9ef3b12244ef9028aaf2df7a753d,16,http://dbpedia.org/resource/TP_(Teddy_Pendergrass_album)
d25a9ef3b12244ef9028aaf2df7a753d,17,http://dbpedia.org/resource/Calcium
d25a9ef3b12244ef9028aaf2df7a753d,18,http://dbpedia.org/resource/4
d25a9ef3b12244ef9028aaf2df7a753d,19,http://dbpedia.org/resource/3
d25a9ef3b12244ef9028aaf2df7a753d,20,http://dbpedia.org/resource/Chlorine
d25a9ef3b12244ef9028aaf2df7a753d,23,NIL
d25a9ef3b12244ef9028aaf2df7a753d,25,http://dbpedia.org/resource/Genusa
d25a9ef3b12244ef9028aaf2df7a753d,26,NIL
d25a9ef3b12244ef9028aaf2df7a753d,28,http://dbpedia.org/resource/Municipality
d25a9ef3b12244ef9028aaf2df7a753d,31,http://dbpedia.org/resource/Magnesium
d25a9ef3b12244ef9028aaf2df7a753d,32,http://dbpedia.org/resource/Sodium
d25a9ef3b12244ef9028aaf2df7a753d,33,http://dbpedia.org/resource/Potassium
d25a9ef3b12244ef9028aaf2df7a753d,34,http://dbpedia.org/resource/3
d25a9ef3b12244ef9028aaf2df7a753d,35,http://dbpedia.org/resource/Tunisia
d25a9ef3b12244ef9028aaf2df7a753d,36,http://dbpedia.org/resource/Aluminium
d25a9ef3b12244ef9028aaf2df7a753d,37,http://dbpedia.org/resource/Selenium
d25a9ef3b12244ef9028aaf2df7a753d,38,http://dbpedia.org/resource/Cadmium
d25a9ef3b12244ef9028aaf2df7a753d,39,http://dbpedia.org/resource/Calcium
d45abd04bf62409b9531c36a747f3cba,1,http://dbpedia.org/resource/Early_modern_human
d45abd04bf62409b9531c36a747f3cba,2,http://dbpedia.org/resource/Rosa_virginiana
d45abd04bf62409b9531c36a747f3cba,3,http://dbpedia.org/resource/Collected_(Massive_Attack_album)
d45abd04bf62409b9531c36a747f3cba,13,http://dbpedia.org/resource/Lanthanum
d45abd04bf62409b9531c36a747f3cba,16,http://dbpedia.org/resource/Nitrogen
d45abd04bf62409b9531c36a747f3cba,17,http://dbpedia.org/resource/Atomic_carbon
d45abd04bf62409b9531c36a747f3cba,19,http://dbpedia.org/resource/Potassium
d45abd04bf62409b9531c36a747f3cba,20,http://dbpedia.org/resource/Magnesium
d45abd04bf62409b9531c36a747f3cba,21,http://dbpedia.org/resource/Calcium
d45abd04bf62409b9531c36a747f3cba,22,http://dbpedia.org/resource/Aluminium
d45abd04bf62409b9531c36a747f3cba,24,http://dbpedia.org/resource/Iron
d45abd04bf62409b9531c36a747f3cba,25,http://dbpedia.org/resource/2
d45abd04bf62409b9531c36a747f3cba,27,http://dbpedia.org/resource/Manganese
d45abd04bf62409b9531c36a747f3cba,28,http://dbpedia.org/resource/Sodium
d45abd04bf62409b9531c36a747f3cba,29,http://dbpedia.org/resource/Phosphorus
d45abd04bf62409b9531c36a747f3cba,31,http://dbpedia.org/resource/Zinc
d45abd04bf62409b9531c36a747f3cba,32,http://dbpedia.org/resource/Cobalt
d45abd04bf62409b9531c36a747f3cba,33,http://dbpedia.org/resource/Copper
d45abd04bf62409b9531c36a747f3cba,34,http://dbpedia.org/resource/Lead
d45abd04bf62409b9531c36a747f3cba,35,http://dbpedia.org/resource/Strontium
d45abd04bf62409b9531c36a747f3cba,36,http://dbpedia.org/resource/Chromium
d45abd04bf62409b9531c36a747f3cba,37,http://dbpedia.org/resource/Nickel
d45abd04bf62409b9531c36a747f3cba,39,NIL
d45abd04bf62409b9531c36a747f3cba,41,http://dbpedia.org/resource/Phenols
d45abd04bf62409b9531c36a747f3cba,42,http://dbpedia.org/resource/Tannin_(monster)
d5542ea1fddf44c39d2bb70dc436ddf8,0,http://dbpedia.org/resource/Family_(1976_TV_series)
d5542ea1fddf44c39d2bb70dc436ddf8,1,http://dbpedia.org/resource/Rosa_virginiana
d55f605fbcfe42eaa90dba52e3763f07,0,http://dbpedia.org/resource/Rosa_virginiana
d55f605fbcfe42eaa90dba52e3763f07,2,http://dbpedia.org/resource/Watercourse
d55f605fbcfe42eaa90dba52e3763f07,7,http://dbpedia.org/resource/1816
d55f605fbcfe42eaa90dba52e3763f07,8,http://dbpedia.org/resource/Month
d55f605fbcfe42eaa90dba52e3763f07,10,NIL
d55f605fbcfe42eaa90dba52e3763f07,11,NIL
d55f605fbcfe42eaa90dba52e3763f07,14,http://dbpedia.org/resource/Iron
d55f605fbcfe42eaa90dba52e3763f07,15,http://dbpedia.org/resource/Manganese
d55f605fbcfe42eaa90dba52e3763f07,16,http://dbpedia.org/resource/TP_(Teddy_Pendergrass_album)
d55f605fbcfe42eaa90dba52e3763f07,17,http://dbpedia.org/resource/Calcium
d55f605fbcfe42eaa90dba52e3763f07,18,http://dbpedia.org/resource/4
d55f605fbcfe42eaa90dba52e3763f07,19,http://dbpedia.org/resource/3
d55f605fbcfe42eaa90dba52e3763f07,20,http://dbpedia.org/resource/Chlorine
d55f605fbcfe42eaa90dba52e3763f07,23,NIL
d55f605fbcfe42eaa90dba52e3763f07,25,http://dbpedia.org/resource/Genusa
d55f605fbcfe42eaa90dba52e3763f07,26,NIL
d55f605fbcfe42eaa90dba52e3763f07,28,http://dbpedia.org/resource/Municipality
d55f605fbcfe42eaa90dba52e3763f07,31,http://dbpedia.org/resource/Magnesium
d55f605fbcfe42eaa90dba52e3763f07,32,http://dbpedia.org/resource/Sodium
d55f605fbcfe42eaa90dba52e3763f07,33,http://dbpedia.org/resource/Potassium
d55f605fbcfe42eaa90dba52e3763f07,34,http://dbpedia.org/resource/3
d55f605fbcfe42eaa90dba52e3763f07,35,http://dbpedia.org/resource/Tunisia
d55f605fbcfe42eaa90dba52e3763f07,36,http://dbpedia.org/resource/Aluminium
d55f605fbcfe42eaa90dba52e3763f07,37,http://dbpedia.org/resource/Selenium
d55f605fbcfe42eaa90dba52e3763f07,38,http://dbpedia.org/resource/Cadmium
d55f605fbcfe42eaa90dba52e3763f07,39,http://dbpedia.org/resource/Calcium
dffeec8c3593402bafa69b50f5920fa5,2,NIL
dffeec8c3593402bafa69b50f5920fa5,3,http://dbpedia.org/resource/Altitude_(Autumn_album)
dffeec8c3593402bafa69b50f5920fa5,11,NIL
dffeec8c3593402bafa69b50f5920fa5,12,http://dbpedia.org/resource/Virginia
dffeec8c3593402bafa69b50f5920fa5,20,http://dbpedia.org/resource/Wildlife_species
dffeec8c3593402bafa69b50f5920fa5,22,http://dbpedia.org/resource/Total_cost
e749786aff714981a5a7da3da0789128,1,http://dbpedia.org/resource/Rosa_virginiana
f99ab21885664e20bd25d1cf848f4c5e,1,NIL
f99ab21885664e20bd25d1cf848f4c5e,5,NIL
