X3QM4E4N,0,1,P1082
D57LSWY2,0,1,P2046
9XIWHWO4,0,1,P2046
KGKU5BIK,0,1,P2046
T20QAA67,0,1,P2046
PLELE23Q,0,1,P2046
PE41RDSF,0,1,P2046
EP61J3CK,0,1,P2046
3ZXBWWOU,0,1,P2044
R6F0ATDO,0,1,P2044
ZAMT9C6Q,0,1,P2044
RP5VJ3XI,0,1,P2044
8CF6FHQ7,0,1,P2044
5LHE02DZ,0,1,P2044
T8JKJNIE,0,1,P2044
HPJLQWVD,0,1,P2044
N79DI9A6,0,1,P2044
Y46BOSU4,0,1,P1752
Y46BOSU4,0,2,P2043
Y46BOSU4,0,3,P2049
ZNBTOU45,0,1,P2048
ARQPK1HD,0,1,P2048
AP6SL1G7,0,1,P2046
AP6SL1G7,0,2,P1082
XU1DFJP8,0,1,P2046
XU1DFJP8,0,2,P1082
HPA9AMVG,0,1,P2046
HPA9AMVG,0,2,P1082
62J9XHO2,0,1,P2046
62J9XHO2,0,2,P1082
RZI4Q2B3,0,1,P2046
RZI4Q2B3,0,2,P1082
417RTRB0,0,1,P2046
417RTRB0,0,2,P1082
GIZIJM3A,0,1,P1001
COW6UEXW,0,1,P17
COW6UEXW,0,2,P180
Z2TGFTJK,0,1,P1103
2R7UXVKS,0,1,P1103
B8GHX3X4,0,1,P1103
W26U9AK3,0,1,P625
GN4HAI0M,0,1,P1103
QE62GAFF,0,1,P1103
3UO1FRCK,0,1,P2046
Y7YAO22I,0,1,P2046
5593H37B,0,1,P2044
LUW7N9BZ,0,1,P2044
GI05LPPU,0,1,P2044
N9IEU15F,0,1,P2044
L5YCZSCB,0,1,P2044
W1JPGIOP,0,1,P2044
35S7374E,0,1,P2044
V5YKVXFY,0,1,P2044
IGYMF5ZB,0,1,P2044
VKS3SDZ0,0,1,P2043
LV8A32Q5,0,1,P2053
B6SYZWW7,0,1,P2053
G6HFOEIE,0,1,P2053
UVPL0H6B,0,1,P625
KUTX80VH,0,1,P2053
MRSFK1YR,0,1,P2053
53KAKUQT,0,1,P2053
X3OYNBXB,0,1,P2635
AEKPRWPG,0,1,P2635
V0919YQC,0,1,P2635
XLT8K6OQ,0,1,P2635
RHM2K34T,0,1,P2635
GQKXAQU1,0,1,P2635
JZ63ASLB,0,1,P2635
M53T55X6,0,1,P150
M53T55X6,0,2,P1082
WKIQI2LP,0,1,P131
P1YM5JIY,0,1,P131
OV1E85OX,0,1,P131
DZZJ6L9Y,0,1,P131
TEVZY9H7,0,1,P131
S4AEGPGT,0,1,P131
IXEB8CXZ,0,1,P131
HW6RN41H,0,1,P131
MA9YI5AR,0,1,P2046
SLODU16O,0,1,P2046
FNIHLWZF,0,1,P2046
05V2EDMX,0,1,P2046
UO111BSK,0,1,P2046
OOJU2HPZ,0,1,P138
OOJU2HPZ,0,3,P47
17172XCW,0,1,P138
17172XCW,0,3,P47
W1QWOKLM,0,1,P138
W1QWOKLM,0,3,P47
OI8VRHPV,0,1,P138
OI8VRHPV,0,3,P47
DII22127,0,1,P138
DII22127,0,2,P1456
DII22127,0,3,P47
CIJXJMCQ,0,1,P138
CIJXJMCQ,0,3,P47
U8SROQ4T,0,1,P138
U8SROQ4T,0,3,P47
MYLBAKDX,0,1,P138
MYLBAKDX,0,3,P47
XJLSJOZT,0,2,P36
XJLSJOZT,0,1,P571
XJLSJOZT,0,3,P2927
3XU12ZIA,0,2,P36
3XU12ZIA,0,1,P571
3XU12ZIA,0,3,P2927
VLL93CE2,0,2,P36
VLL93CE2,0,1,P571
VLL93CE2,0,3,P2927
3V0AK6N5,0,2,P36
3V0AK6N5,0,1,P571
3V0AK6N5,0,3,P2927
TC3LQD2D,0,2,P36
TC3LQD2D,0,1,P571
TC3LQD2D,0,3,P2927
2U84HC53,0,2,P36
2U84HC53,0,1,P571
2U84HC53,0,3,P2927
PDVNW5EO,0,2,P36
PDVNW5EO,0,1,P571
PDVNW5EO,0,3,P2927
IAG46HD9,0,2,P36
IAG46HD9,0,1,P571
IAG46HD9,0,3,P2927
ZMHQ6QWY,0,2,P36
ZMHQ6QWY,0,1,P571
ZMHQ6QWY,0,3,P2927
Z078MJI2,0,1,P2262
XJ8291X2,0,1,P2261
XJ8291X2,0,2,P2043
VMQX7VR9,0,1,P2261
VMQX7VR9,0,2,P2043
5XE3PQG3,0,1,P2261
5XE3PQG3,0,2,P2043
JCMGMRU5,0,1,P2261
JCMGMRU5,0,2,P2043
TS0LEFBZ,0,1,P2261
TS0LEFBZ,0,2,P2043
HPHS133R,0,1,P2261
HPHS133R,0,2,P2043
T0PIKHIE,0,1,P2261
T0PIKHIE,0,2,P2043
2AWFE9OC,0,1,P1100
8JZEQDDI,0,1,P1100
VNLN8ZXR,0,1,P1100
46Q2GL0M,0,1,P2044
46Q2GL0M,0,2,P2046
46Q2GL0M,0,3,P1082
7820ECJS,0,1,P2043
7820ECJS,0,2,P2262
7820ECJS,0,3,P2261
OO3BMAT9,0,1,P2043
OO3BMAT9,0,2,P2262
OO3BMAT9,0,3,P2261
0PE70ABO,0,1,P2043
0PE70ABO,0,2,P2262
0PE70ABO,0,3,P2261
U4TG54BJ,0,1,P2043
U4TG54BJ,0,2,P2262
U4TG54BJ,0,3,P2261
8B6948ET,0,1,P2043
8B6948ET,0,2,P2262
8B6948ET,0,3,P2261
QHIOT6YY,0,1,P123
74ZRZNKA,0,1,P291
74ZRZNKA,0,2,P6216
74ZRZNKA,0,3,P136
JURB0LCZ,0,2,P495
JURB0LCZ,0,1,P1476
UV2O57YM,0,1,P361
9FV9DSKV,0,1,P361
J15LYYNK,0,1,P361
GXOMA66V,0,1,P361
CGQ1RICW,0,1,P361
MEGMM1U6,0,1,P361
915Z6ZHR,0,1,P361
LUINN3KU,0,1,P1082
LUINN3KU,0,2,P2046
EOZBNBAD,0,1,P1082
EOZBNBAD,0,2,P474
QFKEMM5W,0,1,P1082
QFKEMM5W,0,2,P2046
1MHZKMYF,0,1,P1082
1MHZKMYF,0,2,P2046
GBWOE7MN,0,1,P177
GBWOE7MN,0,2,P131
6TAIZIZS,0,1,P177
6TAIZIZS,0,2,P131
BCMNBJ1K,0,1,P177
BCMNBJ1K,0,2,P131
WZT70DIL,0,1,P177
WZT70DIL,0,2,P131
TN9XS2CL,0,1,P2043
TN9XS2CL,0,2,P3086
4PN533UQ,0,1,P2043
4PN533UQ,0,2,P2043
MM8XQI6Z,0,1,P1128
0QEMLBTN,0,1,P452
GN1IJ7W6,0,1,P452
W3CI63O2,0,1,P159
1925WY8L,0,1,P159
VMYU2Y3O,0,1,P159
4B9D4N3R,0,1,P159
W3JYROI6,0,2,P112
W3JYROI6,0,1,P571
4B97947K,0,2,P112
4B97947K,0,1,P571
9GN53SYU,0,2,P112
9GN53SYU,0,1,P571
KFCMOQGG,0,2,P112
KFCMOQGG,0,1,P571
DP8721XI,0,2,P112
DP8721XI,0,1,P571
NDQDWMS5,0,1,P6258
NDQDWMS5,0,2,P2216
NDQDWMS5,0,3,P223
CM4RBNL6,0,1,P6258
CM4RBNL6,0,2,P2216
CM4RBNL6,0,3,P2583
DHHAWXYE,0,1,P1090
8W047I6J,0,1,P6257
SIKO06PE,0,1,P2044
SIKO06PE,0,2,P1082
3YIG3PMM,0,1,P2044
3YIG3PMM,0,2,P1082
I892QKD4,0,1,P2044
I892QKD4,0,2,P1082
G6W8ZKBP,0,1,P2044
G6W8ZKBP,0,2,P1082
Y32I18I0,0,1,P2044
Y32I18I0,0,2,P1082
7CA5X13L,0,1,P2044
7CA5X13L,0,2,P1082
KA89P2BE,0,1,P2044
KA89P2BE,0,2,P1082
YFS4DVDX,0,1,P1538
6OWTU4LO,0,1,P1538
63I8MGHQ,0,1,P1538
SVXUH1RM,0,1,P1538
O8ZUHDDD,0,1,P1538
NIW83G29,0,1,P1538
5V0PXGLM,0,1,P1538
G4DVDVI4,0,1,P1538
57YS9WTP,0,1,P1538
SNEXREVN,0,1,P2046
ARZUHFIG,0,1,P2046
52Q8WFX7,0,1,P2046
82AJF22W,0,1,P2046
XDBGXBWB,0,1,P2046
A93W5301,0,1,P708
A93W5301,0,2,P17
HWM2CCGF,0,1,P186
RYFRH1S3,0,1,P186
2KDRP3M1,0,1,P186
KKMF25YS,0,1,P149
KKMF25YS,0,2,P131
M9RKYQKI,0,1,P571
224UUID5,0,1,P1082
CSEZB05X,0,1,P1082
VB14NMDD,0,2,P17
VB14NMDD,0,1,P571
6PYW8DJO,0,2,P17
6PYW8DJO,0,1,P571
Y6EEUSYS,0,2,P17
Y6EEUSYS,0,1,P571
ZYWYZ0R6,0,2,P17
ZYWYZ0R6,0,1,P571
5EIZHH23,0,2,P17
5EIZHH23,0,1,P571
K4QZKMQD,0,2,P17
K4QZKMQD,0,1,P571
Y8JEPIPT,0,2,P17
Y8JEPIPT,0,1,P571
CQ6A18ZU,0,2,P17
CQ6A18ZU,0,1,P571
AOF0CVN6,0,2,P17
AOF0CVN6,0,1,P571
13UO0KQS,0,1,P131
QWH1W4YN,0,1,P131
YSXUX25D,0,1,P131
N4IN9ZHT,0,1,P131
MYSV7QQQ,0,1,P131
TRNL8CTO,0,1,P131
4BRALUV3,0,1,P131
ONUEK8VS,0,1,P131
H2AA6MWB,0,1,P112
H2AA6MWB,0,2,P159
H2AA6MWB,0,3,P355
W81EOD5L,0,2,P488
N0ONN97D,0,2,P488
SSHFDU1X,0,2,P488
N7DQBPRD,0,2,P488
XL18OFX6,0,1,P6365
XL18OFX6,0,2,P488
FRQUYBZC,0,1,P6365
FRQUYBZC,0,2,P488
L9YEVJZ4,0,1,P6365
L9YEVJZ4,0,2,P488
MNCUOB63,0,1,P527
KAH6QQQR,0,1,P527
5L18HB2O,0,1,P57
RY5LP6LX,0,1,P57
BC1PI99P,0,1,P57
SQJ7FH5G,0,1,P57
S16GUO1K,0,1,P57
G2YHD1VT,0,1,P57
CVS1GU2N,0,1,P57
LFJZVLQJ,0,1,P57
CFMTBBWH,0,1,P57
2NU6HCB9,0,1,P57
36FVMISR,0,1,P58
A0SCFVRN,0,1,P58
273E753K,0,1,P58
UBEGLRBG,0,1,P58
5BQDYD04,0,1,P58
FZ1DVK3K,0,1,P58
I5AQ7I0M,0,1,P58
I6H610JG,0,1,P58
Q754436O,0,1,P162
ZDUGVL7G,0,1,P162
LD58ED9D,0,1,P162
3AUHWPFH,0,1,P162
PX8FZCR4,0,1,P162
Q2IJJE2J,0,1,P162
FW4AFYAU,0,1,P162
7JZP7S70,0,1,P162
59MI9NW2,0,1,P162
HHKJHG1I,0,1,P527
HHKJHG1I,0,2,P2554
VOK3MRZZ,0,1,P527
VOK3MRZZ,0,2,P2554
V92SBYOH,0,1,P6216
GGX8KB7V,0,1,P6216
JR5AY0ZO,0,1,P6216
QFA3W0T8,0,1,P6216
F94NICZB,0,1,P6216
I246NFOF,0,1,P6216
TS6JRMXM,0,1,P6216
49E8YO2J,0,1,P6216
1T98RDNJ,0,1,P6216
RS0Y21PF,0,1,P6216
NQ0TT034,0,1,P6942
NQ0TT034,0,2,P344
FRIAPNNZ,0,1,P6942
FRIAPNNZ,0,2,P344
2AU9RKBE,0,1,P6942
2AU9RKBE,0,2,P344
XJB5X26K,0,1,P6942
XJB5X26K,0,2,P344
PMDWMZ2G,0,1,P6942
PMDWMZ2G,0,2,P344
XXWU53AQ,0,1,P6942
XXWU53AQ,0,2,P344
6RUD0FMI,0,1,P86
6RUD0FMI,0,2,P495
GYWO23WJ,0,1,P86
GYWO23WJ,0,2,P495
K9ETEQZ5,0,1,P86
K9ETEQZ5,0,2,P495
JHGK4KRD,0,1,P915
QU8VIVGJ,0,1,P1040
QU8VIVGJ,0,2,P272
QU8VIVGJ,0,3,P1877
Y6V91NF6,0,1,P1040
Y6V91NF6,0,2,P272
Y6V91NF6,0,3,P1877
1ZUOIQBS,0,1,P1040
1ZUOIQBS,0,2,P272
1ZUOIQBS,0,3,P1877
6IZVV9CY,0,1,P1040
6IZVV9CY,0,2,P272
6IZVV9CY,0,3,P1877
VQOH8H4E,0,1,P462
VQOH8H4E,0,2,P166
WMC9CW7Q,0,1,P750
WMC9CW7Q,0,2,P3092
WMC9CW7Q,0,3,P3174
F8MQ105I,0,1,P750
F8MQ105I,0,2,P3092
F8MQ105I,0,3,P3174
2PKP0LFJ,0,1,P750
2PKP0LFJ,0,2,P3092
2PKP0LFJ,0,3,P3174
G4GNYXFY,0,2,P161
G4GNYXFY,0,1,P577
7649AQ35,0,2,P161
7649AQ35,0,1,P577
F48VLIBR,0,2,P161
F48VLIBR,0,1,P577
4S06UGAP,0,2,P161
4S06UGAP,0,1,P577
5IRDGB10,0,2,P161
5IRDGB10,0,1,P577
N36B75WW,0,2,P161
N36B75WW,0,1,P577
1YW8NANV,0,2,P161
1YW8NANV,0,1,P577
FU5INUG9,0,2,P161
FU5INUG9,0,1,P577
NBPQ8AZE,0,2,P161
NBPQ8AZE,0,1,P577
JUGW6J9W,0,2,P161
JUGW6J9W,0,1,P577
BIBLCESC,0,1,P725
BIBLCESC,0,2,P136
BIBLCESC,0,3,P179
ASCQ6276,0,1,P725
ASCQ6276,0,2,P136
ASCQ6276,0,3,P179
JI9D40TH,0,1,P1476
YQTQ1Y49,0,1,P1476
STEZQ7Y5,0,1,P2079
CGE38PAN,0,1,P2079
JNAI5NSS,0,1,P2067
G89GC8RO,0,1,P1441
G89GC8RO,0,2,P2563
P3101Y1V,0,1,P1441
P3101Y1V,0,2,P2563
9IT5RYRX,0,1,P1441
9IT5RYRX,0,2,P2563
ZUDX0N5J,0,1,P1441
ZUDX0N5J,0,2,P2563
NMJUQQ03,0,1,P106
NMJUQQ03,0,2,P734
NFFUFLFM,0,1,P106
NFFUFLFM,0,2,P734
QH2KWXTZ,0,1,P106
QH2KWXTZ,0,2,P734
23PD0UL0,0,1,P106
23PD0UL0,0,2,P734
RQK9MFD7,0,1,P106
RQK9MFD7,0,2,P734
VAAPY0R6,0,1,P106
VAAPY0R6,0,2,P734
98HDB1VG,0,1,P106
98HDB1VG,0,2,P734
VP78JYGY,0,1,P7047
VP78JYGY,0,2,P175
VP78JYGY,0,3,P170
QASZD5Q8,0,1,P7047
QASZD5Q8,0,2,P175
QASZD5Q8,0,3,P170
QKRQITFM,0,1,P7047
QKRQITFM,0,2,P175
QKRQITFM,0,3,P170
ZQ93EVLH,0,1,P7047
ZQ93EVLH,0,2,P175
ZQ93EVLH,0,3,P170
FES38EJY,0,1,P27
W7GD7V7Y,0,1,P27
AR2XIR80,0,1,P735
AR2XIR80,0,2,P376
FGUGC6HI,0,1,P735
FGUGC6HI,0,2,P1080
OWRNODIJ,0,1,P735
OWRNODIJ,0,2,P1080
5QWSU01D,0,1,P735
5QWSU01D,0,2,P1080
7PBCNEUO,0,1,P735
7PBCNEUO,0,2,P1080
VDXO2PQZ,0,1,P735
VDXO2PQZ,0,2,P1080
5GGHMOEL,0,1,P735
5GGHMOEL,0,2,P1080
ZN9NU7TK,0,1,P735
ZN9NU7TK,0,2,P1080
1PD687CX,0,1,P463
0P6QG7OD,0,1,P463
KMQA88GN,0,1,P463
WGM50E9Y,0,1,P463
S6MUG4ER,0,1,P463
0BB9LDWW,0,1,P463
UBCMK2L6,0,1,P463
1KYOLN8M,0,1,P463
TXFDF1RN,0,1,P463
5KLRX9OR,0,1,P463
6AYM7FOJ,0,1,P1538
WW6H57G3,0,1,P2046
UHF3DDNW,0,1,P2044
U88WEIA8,0,1,P2046
U88WEIA8,0,2,P1082
W79OLDLX,0,1,P2046
W79OLDLX,0,2,P1082
EYN4VJHQ,0,1,P2067
Q59ORNBM,0,1,P2067
VI1NHRFX,0,1,P1082
H3BMA33Z,0,1,P1082
5LN9VH33,0,1,P1082
YLPTDAB9,0,1,P1082
NPB7XSVY,0,1,P1082
KX3LX1SX,0,1,P1082
I9UBZLH8,0,1,P1082
4GQ49E6O,0,1,P1082
SUOFRHM6,0,1,P1082
A8QUP1RG,0,1,P361
IM7G7NU9,0,1,P361
LF0L1RFW,0,1,P361
WCNY09CW,0,1,P361
Z2C0SJ2P,0,1,P361
E5SH96UI,0,1,P361
G1VRIJCS,0,1,P1435
DIRGFYG1,0,1,P1435
KH5JNTDS,0,1,P1435
UR3U4E94,0,1,P1435
YZHM9PK8,0,1,P1435
ZSAYTWB1,0,1,P1435
HW1F6DZS,0,1,P1435
A4PV6G2Y,0,1,P1435
T35KO1JY,0,1,P1435
2I1HR6ZL,0,1,P1435
5QOWPOQ6,0,1,P17
5QOWPOQ6,0,2,P131
FG9BJKFU,0,1,P2043
FG9BJKFU,0,2,P2053
LHMHPEZO,0,1,P2043
LHMHPEZO,0,2,P2053
WDGBCIIX,0,1,P1181
WDGBCIIX,0,2,P7316
HHHMUO24,0,1,P1181
HHHMUO24,0,2,P7316
LKU4MZWM,0,1,P2067
LKU4MZWM,0,2,P2049
LKU4MZWM,0,3,P7080
92LGW2L0,0,1,P4140
92LGW2L0,0,2,P2048
92LGW2L0,0,3,P2928
25WSQ7H0,0,1,P4140
25WSQ7H0,0,2,P2048
25WSQ7H0,0,3,P2928
4A7C59U6,0,1,P4140
4A7C59U6,0,2,P2048
4A7C59U6,0,3,P2928
G7TKL0QV,0,1,P1638
G7TKL0QV,0,2,P2048
G7TKL0QV,0,3,P2928
LJ6PSM60,0,1,P4140
LJ6PSM60,0,2,P2048
LJ6PSM60,0,3,P2928
X0ZBYGPD,0,1,P4140
X0ZBYGPD,0,2,P2048
X0ZBYGPD,0,3,P2928
W4COJ6CA,0,1,P4140
W4COJ6CA,0,2,P2048
W4COJ6CA,0,3,P2928
XOQ0GXAJ,0,1,P4140
XOQ0GXAJ,0,2,P2048
XOQ0GXAJ,0,3,P2928
ECPJHBFB,0,1,P4140
ECPJHBFB,0,2,P2048
ECPJHBFB,0,3,P2928
3MVEFWD4,0,1,P2049
3MVEFWD4,0,2,P2048
3MVEFWD4,0,3,P2928
Z1DPNTZL,0,1,P3559
84VP87FD,0,1,P3559
KD31KN7O,0,1,P3559
IWCMBNFX,0,1,P3559
L9Z6CMTN,0,1,P3559
G3AUNE61,0,1,P3559
W4GE238D,0,1,P3559
S4ETCW3D,0,1,P3559
QCFMB4FY,0,1,P3559
GSWXM2FB,0,1,P3559
4URVPYWY,0,1,P2610
676M5NCH,0,1,P2610
3KNDQ154,0,1,P2610
YE142TG5,0,1,P2610
ZH175HKS,0,1,P2610
NNHV7E2N,0,1,P2610
K2PNIR84,0,1,P2610
6RH54VNS,0,1,P2610
ZEC5V7OB,0,1,P2610
VTWIVOBC,0,1,P2610
HIQIMH2W,0,1,P1128
MDKYTXGY,0,1,P1128
TH0KK41Y,0,1,P17
TH0KK41Y,0,2,P921
C85OM859,0,1,P373
9OFDUVSJ,0,1,P304
E3GLK3XR,0,1,P1813
H4LFDGV4,0,1,P1813
XQWVRI43,0,1,P2049
XQWVRI43,0,2,P2048
5HB7YG3U,0,1,P2049
5HB7YG3U,0,2,P2048
M0Z18QL9,0,1,P131
M0Z18QL9,0,2,P276
K33SSOS4,0,1,P1539
K33SSOS4,0,2,P1540
K33SSOS4,0,3,P2044
FDHILDVT,0,1,P1539
FDHILDVT,0,2,P1540
FDHILDVT,0,3,P2044
LTOPMKYG,0,3,P6592
FBY6HH5E,0,1,P1539
FBY6HH5E,0,2,P1539
FBY6HH5E,0,3,P2044
XO0PR1SC,0,1,P2049
MC16UMN7,0,1,P2049
IFTOEBYJ,0,1,P2049
229FBZOB,0,1,P2049
0MAC3ZWJ,0,1,P2049
PWQY57MA,0,1,P2049
MWW2JIMA,0,1,P2049
GM5GX3UI,0,1,P2049
V34OVRY9,0,1,P2049
J9ZSCFLR,0,1,P2049
WOY39GG5,0,1,P625
AQ4N2YP1,0,1,P2046
Z91KZAC1,0,1,P2046
FBGMEYZA,0,1,P2046
KAM3B7TF,0,1,P2046
4YMG9J76,0,1,P2046
61FSIUXT,0,1,P2046
WG7J05KM,0,1,P373
0P1US6UY,0,1,P2046
R787H6PT,0,1,P6375
JJWPGN9O,0,1,P1082
NG58JXL0,0,1,P1082
YJ1XSI2V,0,1,P1082
GF174J22,0,1,P1082
H25RRE3E,0,1,P1082
GBZD8FXL,0,1,P1082
ZCNVI7Q9,0,1,P1082
T7KQRGMU,0,1,P373
IFAFE7VW,0,1,P625
G46UANJ3,0,1,P2046
G46UANJ3,0,2,P1082
ABEC8SJK,0,1,P2046
ABEC8SJK,0,2,P1082
1B0BX7XG,0,1,P2046
1B0BX7XG,0,2,P1082
22RY5D0A,0,1,P2046
22RY5D0A,0,2,P1082
F0QY1T5T,0,1,P2046
F0QY1T5T,0,2,P1082
IYNOV595,0,1,P2046
IYNOV595,0,2,P1082
2JKMYVV6,0,1,P2046
2JKMYVV6,0,2,P1082
GS7EJKLC,0,1,P2046
GS7EJKLC,0,2,P1082
105F34OY,0,1,P2046
105F34OY,0,2,P1082
6U9G7N7Z,0,1,P53
6U9G7N7Z,0,2,P25
ZL547VGM,0,1,P53
ZL547VGM,0,2,P25
F79B00AM,0,1,P26
F79B00AM,0,2,P172
NWC3HJCA,0,1,P26
NWC3HJCA,0,2,P172
Z2U9ZNE0,0,1,P40
Z2U9ZNE0,0,2,P1441
NIEAHGKQ,0,1,P40
NIEAHGKQ,0,2,P1441
AMXOIL4R,0,1,P1082
AMXOIL4R,0,2,P2044
OIJ2HFA5,0,1,P1082
OIJ2HFA5,0,2,P2044
7AYSV822,0,1,P1082
7AYSV822,0,2,P2044
T9LGOHAN,0,1,P1082
T9LGOHAN,0,2,P1539
0ORLQCTS,0,1,P4080
OVKDL1DZ,0,1,P1082
OVKDL1DZ,0,2,P2044
838QUK3H,0,1,P1082
838QUK3H,0,2,P2044
XJMAVW8L,0,1,P1082
XJMAVW8L,0,2,P2044
927X81E2,0,1,P1082
927X81E2,0,2,P2044
25JG1OW5,0,1,P2043
25JG1OW5,0,2,P2046
25JG1OW5,0,3,P2049
E76IZ40S,0,2,P1082
E76IZ40S,0,3,P2046
83IAEBKG,0,1,P625
0THS6KKP,0,1,P625
2LDOHMO0,0,1,P2044
IH194CXP,0,1,P2044
0L3HPKXS,0,1,P2044
9INQHASH,0,1,P528
9INQHASH,0,2,P10752
9INQHASH,0,3,P2583
9QK5Z0LA,0,1,P1090
9QK5Z0LA,0,2,P10752
9QK5Z0LA,0,3,P2583
897IVPJT,0,1,P2214
897IVPJT,0,2,P2216
OK0HJRIV,0,2,P478
9TP4JOXB,0,1,P6258
9TP4JOXB,0,2,P6257
9TP4JOXB,0,3,P1215
DN5GECAV,0,1,P6258
DN5GECAV,0,2,P6257
DN5GECAV,0,3,P1215
OV98TZTY,0,1,P1435
OV98TZTY,0,2,P131
JP7GL6A8,0,1,P1435
JP7GL6A8,0,2,P131
2P0R49K2,0,1,P571
34N53H6L,0,1,P571
IUGZPCFR,0,1,P2050
IUGZPCFR,0,2,P3063
VDPZ209S,0,1,P2050
VDPZ209S,0,2,P3063
VTNFE40D,0,1,P7725
VTNFE40D,0,2,P7770
B6VETPFK,0,2,P225
3OQF4H8D,0,1,P7725
3OQF4H8D,0,2,P7770
QJQWR21G,0,1,P217
QJQWR21G,0,2,P217
U842SHTV,0,1,P7725
U842SHTV,0,2,P225
TH68BL3M,0,1,P7725
TH68BL3M,0,2,P7770
9BIO3SRM,0,1,P7725
9BIO3SRM,0,2,P225
I3KBU0VS,0,1,P7725
I3KBU0VS,0,2,P7770
JB24IVDT,0,1,P7725
JB24IVDT,0,2,P225
3KS9I3SO,0,1,P4214
HK67DKQW,0,1,P4214
A2YMQEC9,0,1,P4214
9HOL3Z6F,0,1,P4214
3HX17NGR,0,1,P4214
F5U88SH1,0,1,P4214
N3TRA1DV,0,1,P4214
F3DKJFI8,0,1,P4214
66FTLM2N,0,1,P4214
TA1685PU,0,1,P4214
6IF2S4G6,0,1,P225
WO7KUTIV,0,1,P2067
Y4QDBITF,0,1,P2067
29XI2SMQ,0,1,P225
X12LHLEA,0,1,P225
GX7Y6EU5,0,1,P2067
TG8OVV6L,0,1,P2067
ZC9D67HV,0,1,P225
GGQOBF2Q,0,1,P225
HJCZC4U6,0,1,P225
KMBJIF42,0,1,P373
CILF4GOV,0,1,P6258
2PRDF5Y6,0,1,P6258
1ML8KWAF,0,1,P6258
QVUMKOVZ,0,1,P6258
WYUHKQKX,0,1,P6258
LB4QTJ4K,0,1,P6258
OWG92HXV,0,1,P6258
HYF3CLOJ,0,1,P528
GXQNQYTX,0,1,P1215
GXQNQYTX,0,2,P1090
X02N3STL,0,1,P1215
X02N3STL,0,2,P1090
ZCF5QK9P,0,1,P1215
ZCF5QK9P,0,2,P1090
YM4AGX4K,0,1,P1215
YM4AGX4K,0,2,P1090
GC56O7YD,0,1,P1215
GC56O7YD,0,2,P223
N09A0UV6,0,1,P1215
N09A0UV6,0,2,P1090
IM05K1O9,0,1,P1215
IM05K1O9,0,2,P1090
TDRC6DFS,0,1,P1215
TDRC6DFS,0,2,P1090
UV1JK8S4,0,1,P1215
UV1JK8S4,0,2,P1090
CLZR5AY6,0,1,P1215
CLZR5AY6,0,2,P223
RE4CJZ28,0,1,P2216
WEDCKRKU,0,1,P2044
DSVVIN1V,0,1,P2044
65J8Y556,0,1,P2044
ETMNTRU9,0,1,P2044
S9IM092B,0,1,P2044
E6MW9TMQ,0,1,P2044
QC8LKYZH,0,1,P2044
Y13XYJUI,0,1,P2044
RPXBMEXR,0,1,P2044
EIFIFPG5,0,1,P585
EIFIFPG5,0,2,P3157
BOQCBCGZ,0,2,P3157
24VX042M,0,2,P3157
DG8WV6JL,0,1,P1132
DG8WV6JL,0,2,P3157
EGZ3Q3VR,0,1,P3157
EGZ3Q3VR,0,2,P3157
FY1XCK3Y,0,1,P393
FY1XCK3Y,0,2,P3157
P5K33Z2J,0,2,P3157
YFUAL1V2,0,1,P3157
YFUAL1V2,0,2,P3157
ELAB91KI,0,1,P2052
3AOTBU4I,0,1,P2052
C5H7Y8RF,0,1,P2052
FH3AEQ0G,0,1,P2052
9RSPTTPG,0,1,P1716
RTVF6V3I,0,1,P1716
GB84NG7S,0,1,P1716
TTBDXPWA,0,1,P1716
W9KXY040,0,1,P1716
5F3FG803,0,1,P1716
7JASNXIC,0,1,P1716
40UP06Z6,0,1,P1716
ZCIPK5KB,0,1,P1716
O8MF5OHJ,0,1,P1716
MMXRT2G8,0,1,P176
MMXRT2G8,0,2,P279
FL1MGXRD,0,1,P1716
FL1MGXRD,0,2,P279
1TS3WR4W,0,1,P176
1TS3WR4W,0,2,P279
OGI8T8FS,0,1,P176
OGI8T8FS,0,2,P279
OC0947KI,0,1,P176
OC0947KI,0,2,P279
T031T78B,0,1,P527
T031T78B,0,2,P155
R988L2S6,0,1,P3157
JZJ9DHYX,0,1,P3157
VP9V85MB,0,1,P3157
5YYUTU5P,0,1,P3157
HFTYBV2N,0,1,P47
KJ4E0MKB,0,1,P47
65IJRQLO,0,1,P47
VQ2RT9LU,0,1,P47
YJZCEVZG,0,1,P47
R425QLPT,0,1,P47
7V9RK1FF,0,1,P47
5EITELXK,0,1,P47
RH5RWHLX,0,1,P47
V28OCKGX,0,1,P47
6MNEJA0Z,0,1,P1082
Q9FJ5GU3,0,1,P1082
D83KFFI7,0,1,P1082
ATJHXA8U,0,1,P1082
XZVTMAAM,0,1,P1082
K0PYBVDR,0,1,P1082
MAT802EQ,0,1,P1082
BB3F912J,0,1,P1082
1QUKJJWO,0,1,P1082
EDI3V4OA,0,1,P1082
S9ROICYK,0,1,P6
UID116Y4,0,1,P6
HIPYPM37,0,1,P6
Y6VKST5M,0,1,P6
YS9AR23L,0,1,P6
N6DUORG5,0,1,P190
N6DUORG5,0,2,P208
Z4302BGP,0,1,P2044
WEMBUTIN,0,1,P2044
HNLR625S,0,1,P2044
FHC6A3VM,0,1,P2044
L4U4DDLV,0,1,P2044
WY0KRD3G,0,1,P2044
W8Q5BAIQ,0,1,P131
W8Q5BAIQ,0,2,P206
W8Q5BAIQ,0,3,P1313
RXLSB9N3,0,1,P131
RXLSB9N3,0,2,P206
RXLSB9N3,0,3,P1313
L5UMX00R,0,1,P463
IGHRXBFD,0,1,P463
QZ72XUQX,0,1,P463
AEVHVBUB,0,1,P463
XERZRPTQ,0,1,P463
AV7OXR1D,0,1,P463
R4KA55G7,0,1,P463
SQRD9IWI,0,1,P463
O6CTPVAC,0,1,P463
QF8XOX0Z,0,1,P2895
54DOZ0VY,0,1,P2895
QTXONAQ2,0,1,P2895
8FNQRRLL,0,1,P2895
6L5HYS9N,0,1,P2895
N8YEOH0X,0,1,P2895
51XQ5URI,0,1,P2532
1B5G7FQD,0,1,P2532
MHU6Z3TF,0,1,P2532
DCUB6L8J,0,1,P2532
SZWGL2HG,0,1,P2532
9ZYYUTWM,0,1,P2043
9ZYYUTWM,0,2,P2261
9ZYYUTWM,0,3,P373
7N5SDOP9,0,1,P2043
7N5SDOP9,0,2,P2261
7N5SDOP9,0,3,P1083
LCFD1ONV,0,1,P2048
LCFD1ONV,0,2,P373
LCFD1ONV,0,3,P2067
MGXLY5VZ,0,1,P2047
WUAKYMMA,0,1,P2046
WUAKYMMA,0,2,P1082
44KFDMTZ,0,1,P2046
44KFDMTZ,0,2,P1082
P4BJ56D2,0,1,P2046
P4BJ56D2,0,2,P1082
H5MKQF52,0,1,P2046
H5MKQF52,0,2,P1082
CWMCSVGT,0,1,P2046
CWMCSVGT,0,2,P1082
DRFRP0VC,0,1,P2044
OG3LMXMH,0,1,P2044
8KH4XV5Q,0,1,P2044
JY7Y9V9V,0,1,P2044
AVDQYV1F,0,1,P2044
8G674EN5,0,1,P279
KOGBNJMG,0,1,P279
G7QECJ1R,0,1,P105
X6GNE4FQ,0,1,P105
5DQFGA7G,0,1,P495
KFFCU6GE,0,1,P2658
K8L60LDE,0,1,P3356
KV0U8KNO,0,1,P3356
X3ET1OR8,0,1,P3356
PUNYGEW2,0,1,P3356
LE9YCS7E,0,1,P3356
EMUX2KFY,0,1,P1057
9O5QTHNA,0,1,P1057
XRYRFYO9,0,1,P1057
QD96C8BA,0,1,P1057
VS4KX4Y4,0,1,P1057
1QYI532B,0,1,P1057
AM7GT9OU,0,1,P1057
WALJWYLE,0,1,P1057
0HNFC1J3,0,1,P1057
74W84FQA,0,1,P3355
74W84FQA,0,2,P3433
74W84FQA,0,3,P3354
3OQKQE46,0,1,P3355
3OQKQE46,0,2,P3433
3OQKQE46,0,3,P3354
D0CC83W3,0,1,P3355
D0CC83W3,0,2,P3433
D0CC83W3,0,3,P3354
01L8YMFT,0,1,P3355
01L8YMFT,0,2,P3433
01L8YMFT,0,3,P3354
DYYTEO4X,0,1,P3355
DYYTEO4X,0,2,P3433
DYYTEO4X,0,3,P3354
SJ7J8ELJ,0,1,P281
5L21XL2K,0,1,P2046
5L21XL2K,0,2,P2044
FIBINP9F,0,1,P4500
IYMT6I8F,0,1,P2044
QXOPMNOV,0,1,P373
4I4AEIIO,0,1,P6375
M79EWCHC,0,1,P2044
JMS8B94N,0,1,P373
WRIP7OBS,0,1,P1082
TCHKBXIJ,0,1,P281
MHYDUQ5G,0,1,P1082
MHYDUQ5G,0,2,P2046
6LZP9FQ5,0,1,P1082
6LZP9FQ5,0,2,P2046
UXQD2KIG,0,1,P1082
UXQD2KIG,0,2,P2046
I2MUDL42,0,1,P1082
I2MUDL42,0,2,P2046
LN0Q6J1D,0,1,P1082
LN0Q6J1D,0,2,P2046
QIR968EX,0,1,P1082
QIR968EX,0,2,P2046
C6Z978FH,0,1,P1082
C6Z978FH,0,2,P2046
OKAX81NF,0,1,P1082
OKAX81NF,0,2,P2046
ZC7DQ5IO,0,1,P1082
ZC7DQ5IO,0,2,P2046
8234I9CC,0,1,P1082
8234I9CC,0,2,P2046
VNH1DXXK,0,1,P582
E52W90MI,0,1,P582
D0NXZYQT,0,1,P582
FMJB7IOY,0,1,P582
I1QES8SD,0,1,P582
AQ1OHCWA,0,1,P582
5KVUPY2O,0,1,P582
YC6N1PUT,0,1,P582
OMCMFLSR,0,1,P582
I21PO66D,0,1,P582
ZE5VA805,0,1,P710
IX1V88JN,0,1,P527
IX1V88JN,0,3,P361
IX1V88JN,0,2,P580
F4LAT17U,0,1,P527
F4LAT17U,0,3,P361
F4LAT17U,0,2,P580
ND7BIF5I,0,1,P527
ND7BIF5I,0,3,P361
ND7BIF5I,0,2,P580
YMBBEH8H,0,1,P527
YMBBEH8H,0,3,P361
YMBBEH8H,0,2,P580
MKK4W0AA,0,1,P527
MKK4W0AA,0,3,P361
MKK4W0AA,0,2,P580
VGXVCHNE,0,1,P527
VGXVCHNE,0,3,P361
VGXVCHNE,0,2,P580
87663LGV,0,1,P2321
87663LGV,0,2,P156
5595KQPC,0,1,P2321
5595KQPC,0,2,P156
J2BZJ0PQ,0,1,P155
J2BZJ0PQ,0,2,P641
J2BZJ0PQ,0,3,P1346
7MGNRDP7,0,1,P155
7MGNRDP7,0,2,P641
7MGNRDP7,0,3,P1346
ILOBLYD4,0,1,P155
ILOBLYD4,0,2,P641
ILOBLYD4,0,3,P1346
OE99VAVE,0,1,P155
OE99VAVE,0,2,P641
OE99VAVE,0,3,P1346
YH0LOFE8,0,1,P155
YH0LOFE8,0,2,P641
YH0LOFE8,0,3,P1346
LHMM9V58,0,1,P155
LHMM9V58,0,2,P641
LHMM9V58,0,3,P1346
BFELICQS,0,1,P155
BFELICQS,0,2,P641
BFELICQS,0,3,P1346
G9JFUIMV,0,1,P155
G9JFUIMV,0,2,P641
G9JFUIMV,0,3,P1346
3O7ICTBV,0,1,P155
3O7ICTBV,0,2,P641
3O7ICTBV,0,3,P1346
Q9Y7K5TD,0,1,P155
Q9Y7K5TD,0,2,P641
Q9Y7K5TD,0,3,P1346
ESB3E8Y0,0,1,P1923
ESB3E8Y0,0,2,P4320
BZOAK5KO,0,1,P1923
BZOAK5KO,0,2,P4320
63LUDM50,0,1,P2139
U6I112JQ,0,1,P2139
I5TJ0E2P,0,1,P2139
M6RX9EXO,0,1,P2139
LK1AYJ4L,0,1,P2139
SCY2232A,0,1,P2139
8H6BELH7,0,1,P2403
8H6BELH7,0,2,P2137
8H6BELH7,0,3,P1128
UK3GQNFV,0,1,P2046
G36NKXXN,0,1,P2046
MNX0H74V,0,1,P2046
UKN1HF89,0,1,P2046
43V0RG7H,0,1,P2046
RHVJFBZ3,0,1,P2046
IP0F7JE2,0,1,P1082
IP0F7JE2,0,2,P2046
P4OG354Y,0,1,P1082
P4OG354Y,0,2,P2046
DFX9MOQZ,0,1,P1082
DFX9MOQZ,0,2,P2046
1JYKJZJ9,0,1,P1082
1JYKJZJ9,0,2,P2046
XZM0JI7X,0,1,P1082
XZM0JI7X,0,2,P2046
W57UZ2UX,0,1,P1082
W57UZ2UX,0,2,P2046
0UYKX5G8,0,1,P1082
0UYKX5G8,0,2,P2046
GA75ML5F,0,1,P1082
GA75ML5F,0,2,P2046
IRCFUO8L,0,1,P1082
IRCFUO8L,0,2,P2046
FDKKCHOI,0,1,P1082
FDKKCHOI,0,2,P2046
AV33P7SS,0,1,P403
AV33P7SS,0,2,P974
AV33P7SS,0,3,P706
H3S4BWKY,0,1,P17
UHRKK7CC,0,1,P17
9JZ7Y0VR,0,1,P17
GS0QYQ7M,0,1,P17
XPMKLLKH,0,1,P17
B7LU2IAI,0,1,P17
Y1JL61BC,0,1,P17
UWRWRJW4,0,1,P17
UEWIU7ZK,0,1,P17
NTEM5PBN,0,1,P200
NTEM5PBN,0,2,P3018
8FKQRPZ1,0,1,P361
8FKQRPZ1,0,2,P206
GK8VT44L,0,1,P2044
GK8VT44L,0,2,P1082
FWK2F8NY,0,1,P2044
G0QIS0QB,0,1,P2044
26292XBY,0,1,P2044
09GF1ZCQ,0,1,P2044
TVXFU6CJ,0,1,P2044
F8VNF35P,0,1,P2044
F8VNF35P,0,2,P1082
QV4WKRWM,0,1,P2046
5S9D8CDZ,0,1,P2046
8V1CF6DV,0,1,P2046
BC1XWL3Y,0,1,P2046
1VWTXASL,0,1,P2046
INN3O4ZZ,0,1,P2046
GYYCY6K9,0,1,P2046
BC41IRMO,0,1,P2046
967RIOKJ,0,1,P2046
B04UKK0S,0,1,P131
B04UKK0S,0,2,P706
B04UKK0S,0,3,P30
ZAN4T385,0,1,P17
41RRO1IJ,0,1,P17
63W9OOM6,0,1,P17
V8B1MH6J,0,1,P17
EVY32XCT,0,1,P17
QLGLOB4W,0,1,P17
OKWDNHXM,0,1,P17
8XGRA4PY,0,1,P17
AIVJ9AAL,0,1,P17
22H9BLVH,0,1,P17
8LFTT1SO,0,1,P361
EX08T590,0,1,P361
EX08T590,0,2,P137
VST41LU9,0,1,P361
VST41LU9,0,2,P137
GQAHSKF0,0,1,P361
GQAHSKF0,0,2,P137
LTGJLIWP,0,1,P361
LTGJLIWP,0,2,P137
ME7YAQ71,0,1,P361
ME7YAQ71,0,2,P137
V8RD9O3J,0,1,P361
V8RD9O3J,0,2,P137
4UILL8V3,0,1,P361
4UILL8V3,0,2,P137
0S7UBJRA,0,1,P361
0S7UBJRA,0,2,P137
GUYIVSZ7,0,1,P131
L578YAVX,0,1,P17
Q9YZTPG4,0,1,P1538
92EWI9YN,0,1,P1538
BSEHMJEW,0,1,P1538
CUAU8CJC,0,1,P1538
UBCA3S6F,0,1,P1538
6G99L8O3,0,1,P1538
U92IJE8G,0,1,P1538
MTWRPSK7,0,1,P1538
RXGDDMVW,0,1,P1538
WNA93BOJ,0,1,P2044
WNA93BOJ,0,2,P1540
WNA93BOJ,0,3,P1539
8Y6YPMDR,0,1,P2044
8Y6YPMDR,0,2,P1540
8Y6YPMDR,0,3,P1539
N224517P,0,1,P2044
N224517P,0,2,P1539
N224517P,0,3,P1539
5P47EXDI,0,1,P2044
5P47EXDI,0,2,P1540
5P47EXDI,0,3,P1539
7EC52KRQ,0,1,P2044
7EC52KRQ,0,2,P1540
7EC52KRQ,0,3,P1539
2KAS0TC1,0,1,P2044
2KAS0TC1,0,2,P1540
2KAS0TC1,0,3,P1539
XM6BHH6D,0,1,P2044
XM6BHH6D,0,2,P1539
XM6BHH6D,0,3,P1539
D5YZIYRZ,0,1,P2044
D5YZIYRZ,0,2,P1539
D5YZIYRZ,0,3,P1539
SKQWBP0S,0,1,P2044
B4T4LI5V,0,1,P1082
MZE73VBK,0,1,P1082
FLMUCE80,0,1,P1082
P6TR9Z4G,0,1,P1082
CNRKOXXR,0,1,P1931
UKGQ1SIL,0,1,P1542
7QDU59FG,0,1,P1542
YZ6TMOLZ,0,1,P1542
MKX06O3J,0,1,P2404
YMSZICLK,0,1,P4952
YMSZICLK,0,2,P2129
A9RIKGFB,0,1,P4952
A9RIKGFB,0,2,P2129
201FQ9PI,0,1,P2067
O2R8R2L5,0,1,P2067
99VBMTJ9,0,1,P1098
ZXG1F4ZQ,0,1,P1098
D78RF7ET,0,1,P1098
N03MUM7C,0,1,P930
N03MUM7C,0,2,P131
MA213132,0,1,P576
GAEJ3JBG,0,1,P1619
T81OMUQL,0,1,P1619
IGKYZBZ4,0,1,P1619
QELWRWG4,0,1,P559
QELWRWG4,0,2,P137
LJUCLBYU,0,1,P559
LJUCLBYU,0,2,P137
2EGJKPYM,0,1,P16
O63YVJPR,0,1,P16
SPS9280A,0,1,P16
X9580HCL,0,1,P361
UAQXFYYZ,0,1,P16
BG7I9IBZ,0,1,P16
M3NVCQ62,0,1,P16
MSO7ZWUQ,0,1,P16
TBN9VAX4,0,1,P16
LHRTSOCC,0,1,P127
4910IXCL,0,1,P127
7DIU6SW4,0,1,P2848
6BF2RC52,0,1,P2848
2U80RXKO,0,1,P2848
2U80RXKO,0,2,P373
KQ5FVFUU,0,1,P1064
EA4ZCRUT,0,1,P1064
1JKWZVWA,0,1,P1064
ZL49WM3N,0,1,P1343
ZL49WM3N,0,2,P1071
TY77HK68,0,1,P1343
TY77HK68,0,2,P1071
1ZSMCZ9V,0,1,P1343
1ZSMCZ9V,0,2,P1071
QHM06ULR,0,1,P1343
QHM06ULR,0,2,P1071
TO4EIYZE,0,1,P127
BHLJDX39,0,1,P127
OGSAW77D,0,1,P127
OE9B7CVH,0,1,P127
ZZA9DTVL,0,2,P504
ZZA9DTVL,0,3,P137
ZZA9DTVL,0,1,P571
AK3RAP1O,0,2,P504
AK3RAP1O,0,3,P137
AK3RAP1O,0,1,P571
8FQIV5U0,0,1,P3878
EXZX2QGR,0,1,P2121
6Y4OIAPU,0,1,P2257
L3MHAIT1,0,1,P1104
SUCLQC7B,0,1,P1104
G86TTUPP,0,1,P1104
8S9S2SNQ,0,1,P1104
RA9LC3EB,0,1,P1476
T360FI9V,0,1,P1104
L3ZTRUJT,0,1,P1104
H29A4VYO,0,1,P1104
Q729DBLX,0,1,P1104
1GE6K5BV,0,1,P275
1GE6K5BV,0,2,P1414
NXRDY61G,0,1,P306
NXRDY61G,0,2,P277
TPYODC4T,0,1,P306
TPYODC4T,0,2,P277
P1H5HFFE,0,1,P366
HGEMB3QT,0,1,P366
WZOKOPNH,0,1,P366
X6OFD5SS,0,1,P366
G2W3GBEL,0,1,P1435
G2W3GBEL,0,2,P17
N67S6C0A,0,1,P1435
N67S6C0A,0,2,P17
EZ20LLDS,0,1,P131
MHA4J7DM,0,1,P131
T8TZDXFG,0,1,P131
BJEJZHHU,0,1,P131
12I8TCVM,0,1,P131
UINQK9B1,0,1,P6258
K5X2PW2A,0,1,P2216
9MZDL2O7,0,1,P2214
C7398VHQ,0,1,P6879
W82UTAGQ,0,1,P215
W82UTAGQ,0,2,P6257
KRPNLIYK,0,1,P2583
KRPNLIYK,0,2,P2216
WXUYR7H0,0,1,P1215
9EYTMTXW,0,1,P1093
9EYTMTXW,0,2,P2317
OLF6PJ57,0,1,P1093
8QWVNZAC,0,1,P373
7ON11CVB,0,1,P2262
7ON11CVB,0,2,P373
7ON11CVB,0,3,P2043
0YYAY652,0,1,P2262
0YYAY652,0,2,P2262
0YYAY652,0,3,P2043
C83ZFFZW,0,1,P2049
C83ZFFZW,0,2,P571
DPBMAXRH,0,1,P2049
DPBMAXRH,0,2,P2048
KTLYZX5C,0,1,P2049
KTLYZX5C,0,2,P2048
TU90CLOS,0,1,P2049
TU90CLOS,0,2,P2048
ROJ364ZC,0,1,P217
ROJ364ZC,0,2,P528
RL5KC2WD,0,1,P217
RL5KC2WD,0,2,P2048
9SK50IML,0,1,P2049
9SK50IML,0,2,P217
FV9QIB1A,0,1,P1114
FV9QIB1A,0,2,P2048
KFIFTL02,0,1,P2052
HJYI46W2,0,1,P373
7CW5V1H7,0,1,P215
VMQDKF77,0,1,P645
PCDW2GFM,0,1,P6897
CTR9JK1N,0,1,P373
JLA6MKGR,0,1,P373
SSR428YS,0,1,P373
LUDLEGEC,0,1,P2043
9ZQ5VOQY,0,1,P1092
FXVVAI1R,0,1,P1092
KWSJH31Z,0,1,P1092
66ELVZDX,0,1,P1092
G2A0KGWB,0,1,P1092
QR77OJUJ,0,1,P373
AQ826BIU,0,1,P1083
5PEQ2JN4,0,1,P1083
B3ANWLSV,0,1,P2043
I0MOHPXW,0,1,P2043
573RB0FG,0,1,P2043
JL30QRHS,0,1,P2043
I918LIM6,0,1,P2043
PA8CE3QO,0,1,P2043
AJ4UYLCA,0,1,P2043
T03OLNO7,0,1,P2046
T03OLNO7,0,2,P2046
QR18QFA6,0,1,P1103
QR18QFA6,0,2,P5595
QR18QFA6,0,3,P373
66Z3JB67,0,1,P373
0HE9CAV9,0,1,P6375
JNT8GQ1T,0,1,P625
EAJBG8T9,0,1,P1113
V2GGGTN6,0,1,P1113
1FXP170N,0,1,P1113
T1U9YOQS,0,1,P1113
LZAFV005,0,1,P304
TMDRA5G6,0,1,P1113
84EVIMQY,0,1,P1113
ZAR949NK,0,1,P1113
YRYU1A4I,0,1,P2046
YRYU1A4I,0,2,P1082
0ERTPGE0,0,1,P2046
0ERTPGE0,0,2,P1082
F0PLXURJ,0,1,P2046
F0PLXURJ,0,2,P1082
6OCA7ZOV,0,1,P2046
6OCA7ZOV,0,2,P1082
4202MSCC,0,1,P2046
4202MSCC,0,2,P1082
8XCNJ5ZE,0,1,P2046
8XCNJ5ZE,0,2,P1082
FEPMI459,0,1,P2046
FEPMI459,0,2,P1082
UQW22OQH,0,1,P2046
UQW22OQH,0,2,P1082
BDGZG3FM,0,1,P2044
BA1SZ3QI,0,1,P2044
Q67GFJ8W,0,1,P2044
CW6I4LI1,0,1,P2044
YKY4EJDQ,0,1,P2044
W2QJKNN6,0,1,P2044
NUGUYJRI,0,1,P2044
AB3BKP5L,0,1,P2044
ESJJI6K9,0,1,P2044
HH5YWF8G,0,1,P1082
9SS34P6D,0,1,P1082
ZI65DJAN,0,1,P1082
QQ1503QX,0,1,P1082
3CBWRIUD,0,1,P1082
FH7LUYWV,0,1,P1082
XGB0VY9W,0,1,P1082
NBWU6UNU,0,1,P1082
DX50C8OW,0,1,P1082
Q3904LB1,0,1,P1082
YK93CG0B,0,1,P2043
YK93CG0B,0,2,P2046
6V9NNMVP,0,1,P2044
66W1O2LD,0,1,P2044
FVRSITLX,0,1,P2044
9Y0JFTJA,0,1,P2044
0W5FH13A,0,1,P2044
E6C9F6HZ,0,1,P3872
6IY9M6DG,0,1,P2044
ETXTG8QM,0,1,P131
VEW0YIC2,0,1,P1128
G2W0VC82,0,1,P1128
908GDDY6,0,1,P1128
VX07G3PT,0,1,P1128
OL6LEVV9,0,1,P2254
0Z9SXGC3,0,1,P1128
NNMOA7PL,0,1,P1128
DRX968Y2,0,1,P1128
W4ZP7NAW,0,1,P2044
RJ1REHDR,0,1,P1082
02LM083D,0,1,P1082
8ZH0SK24,0,1,P1082
ATXDFLLB,0,1,P1082
3ZG3T2F5,0,1,P1082
HEKT08JQ,0,1,P1082
37EL7GDA,0,1,P1082
TUFVQQIJ,0,1,P1082
8JEVIS49,0,1,P1540
8JEVIS49,0,2,P1082
8JEVIS49,0,3,P1540
7OMMETVR,0,1,P1539
7OMMETVR,0,2,P1082
7OMMETVR,0,3,P1540
7H2RYII4,0,1,P1539
7H2RYII4,0,2,P1082
7H2RYII4,0,3,P1540
2S6K4VHP,0,1,P1539
2S6K4VHP,0,2,P1082
2S6K4VHP,0,3,P1540
A5PA9Y8N,0,1,P1539
A5PA9Y8N,0,2,P1082
A5PA9Y8N,0,3,P1539
6DGON0OC,0,1,P1539
6DGON0OC,0,2,P1082
6DGON0OC,0,3,P1540
5PSJIGVH,0,1,P1539
5PSJIGVH,0,2,P1082
5PSJIGVH,0,3,P1540
D0L0WOOS,0,1,P1539
D0L0WOOS,0,2,P1082
D0L0WOOS,0,3,P1540
B2YMDQNY,0,1,P1539
B2YMDQNY,0,2,P1082
B2YMDQNY,0,3,P1540
C4C5ZBXM,0,1,P1539
C4C5ZBXM,0,2,P1082
C4C5ZBXM,0,3,P1540
BP5VI9Z0,0,1,P2044
BP5VI9Z0,0,2,P2046
BP5VI9Z0,0,3,P4080
W9PEVYEV,0,1,P2044
W9PEVYEV,0,2,P2046
W9PEVYEV,0,3,P373
0ANLN8DZ,0,1,P2044
0ANLN8DZ,0,2,P2046
Z16IF1A8,0,1,P2044
Z16IF1A8,0,2,P2046
2C4HVREI,0,1,P2044
YVTS9L5B,0,1,P1082
YSQA9N18,0,1,P2044
R7H9CHV0,0,1,P1082
JIYQUQC2,0,1,P1082
62EZS4PL,0,1,P1082
5FUC5KUX,0,1,P1082
7FB0CL8Z,0,1,P17
MIOFBONS,0,1,P17
ACMP8K3Y,0,1,P17
74VKQAMG,0,1,P17
BJUCNHPY,0,1,P2047
4NHE0ZQT,0,1,P2047
7W8BTMFJ,0,1,P2047
1YAAWM0Q,0,1,P2047
71B01HID,0,1,P2047
P734V9Z9,0,1,P2047
53IG21IJ,0,1,P2047
NXRL3ART,0,1,P2047
R69ONMTW,0,1,P2047
TUH6COA2,0,1,P1476
EADQ8OFN,0,1,P2142
1E99DD04,0,1,P1476
2F71C0L8,0,1,P2046
2F71C0L8,0,2,P1082
2F71C0L8,0,3,P2044
JV1OKAFT,0,1,P2046
JV1OKAFT,0,2,P1082
JV1OKAFT,0,3,P2044
96O8O26A,0,2,P1082
96O8O26A,0,3,P2044
70M0B3KA,0,2,P1082
70M0B3KA,0,3,P2044
Q4RBKSMH,0,1,P2046
Q4RBKSMH,0,2,P1082
Q4RBKSMH,0,3,P2044
33U2IX0C,0,1,P2046
33U2IX0C,0,2,P1082
33U2IX0C,0,3,P2044
J33H6J61,0,1,P2046
J33H6J61,0,2,P1082
6MSEQHTW,0,1,P2046
6MSEQHTW,0,2,P1082
XN7PM46Q,0,1,P2046
XN7PM46Q,0,2,P1082
OFAJW4GJ,0,1,P2046
OFAJW4GJ,0,2,P1082
OWREQ9L9,0,1,P2046
OWREQ9L9,0,2,P1082
AXJCUOHX,0,1,P571
AXJCUOHX,0,2,P2043
5NKILQPD,0,3,P150
5NKILQPD,0,1,P1082
5NKILQPD,0,2,P571
HS06HP6M,0,1,P361
YZEHKZMJ,0,1,P47
YZEHKZMJ,0,2,P576
ZDG96XW9,0,1,P47
ZDG96XW9,0,2,P373
5Z630T1X,0,1,P17
2HGE8RQS,0,1,P17
EV32W7AF,0,1,P17
B6XOOZBY,0,1,P17
9BG5KP7R,0,1,P17
1ERHHG4P,0,1,P17
7ZHTFUHX,0,1,P17
5L94VD67,0,1,P17
F2D2G665,0,1,P17
9T4MJ5Q0,0,1,P17
TZFBKPH3,0,1,P421
82U9JTT3,0,1,P421
VR2BGBTL,0,1,P421
WG49HWRC,0,1,P421
TQ8NVFS1,0,1,P421
6OGAHKMY,0,1,P421
N8N6UXGI,0,1,P421
LYNTERES,0,1,P421
UIOD9NMG,0,1,P421
Z9JJLRKO,0,1,P2049
Z9JJLRKO,0,2,P2048
215LVEZN,0,1,P2049
215LVEZN,0,2,P2048
DLHFFJEU,0,1,P2049
DLHFFJEU,0,2,P2048
X3PJ6ANL,0,1,P2049
X3PJ6ANL,0,2,P2048
8T6QMEAE,0,1,P2049
8T6QMEAE,0,2,P2048
BVDR3MEG,0,1,P2049
BVDR3MEG,0,2,P2048
5NP19UIL,0,1,P2049
5NP19UIL,0,2,P2048
71Z21OWZ,0,1,P2049
71Z21OWZ,0,2,P2048
GBB9WAB8,0,1,P2049
GBB9WAB8,0,2,P2048
LQAGW50R,0,1,P2044
505CCLSI,0,1,P2044
OBXEJ9UG,0,1,P1083
GE0YVDG9,0,1,P2261
KG00NKWR,0,1,P729
CBDVS642,0,1,P373
7FR1IDXT,0,1,P2317
BLRJWCMP,0,1,P2261
P4K63F34,0,1,P2043
P4K63F34,0,2,P2262
P4K63F34,0,3,P1093
FKDCEW7J,0,2,P1448
73L2FI4X,0,1,P2043
73L2FI4X,0,2,P373
73L2FI4X,0,3,P1093
FHIE1582,0,1,P2043
FHIE1582,0,2,P2262
FHIE1582,0,3,P1093
7UAYGZKU,0,1,P2043
7UAYGZKU,0,2,P2262
7UAYGZKU,0,3,P1093
QTC2G020,0,1,P2043
QTC2G020,0,3,P1093
0UCZUKT3,0,1,P2044
CSE2ZHFS,0,1,P6257
CSE2ZHFS,0,2,P528
CSE2ZHFS,0,3,P1215
8UEDNAZJ,0,1,P6257
8UEDNAZJ,0,3,P6258
E43KKM0U,0,1,P6257
E43KKM0U,0,2,P528
E43KKM0U,0,3,P6258
37L7VTZQ,0,1,P6257
37L7VTZQ,0,2,P528
37L7VTZQ,0,3,P6258
X1BZXWG7,0,1,P6257
X1BZXWG7,0,3,P6258
1L3S65DP,0,1,P1215
1L3S65DP,0,2,P1457
YAYD7ZZV,0,1,P1215
YAYD7ZZV,0,2,P1457
DSK96OWQ,0,1,P1215
DSK96OWQ,0,2,P4296
25898OY7,0,1,P2067
LK1TH88G,0,1,P215
APBCO9BF,0,1,P1448
9VWRJSFD,0,1,P3878
S07SPMU1,0,1,P233
PDGVWKMC,0,1,P1476
JTU8CDMG,0,1,P2060
JTU8CDMG,0,2,P2120
JTU8CDMG,0,3,P2216
NQZF5Z40,0,1,P10752
33WU3MLC,0,1,P10751
LTRK59F5,0,1,P10752
TMB0KVJ5,0,1,P2583
K8FNXZQP,0,1,P10751
X51HS5NK,0,1,P7015
UQDOO5YS,0,1,P215
VIA41FX3,0,1,P215
I9XL2VAH,0,1,P7015
U6141TLT,0,1,P6879
MM3CZLME,0,1,P6879
RHAWFD5O,0,1,P6257
J44ZR01V,0,1,P6879
VSFS76OW,0,1,P6879
H4LBOSU8,0,1,P6879
Q6WUWC69,0,1,P6879
73YP3C0Y,0,1,P6879
8YYBXNLZ,0,2,P2442
XBTW6PXO,0,2,P2442
ZEUTB57A,0,2,P2442
E6FW4HKQ,0,1,P2044
E6FW4HKQ,0,2,P1082
6SJGPD2O,0,1,P2044
6SJGPD2O,0,2,P1082
QPFZD754,0,1,P2044
QPFZD754,0,2,P1082
TYZSKQ3D,0,1,P2044
TYZSKQ3D,0,2,P1082
09UYI3NC,0,2,P1082
UN7GQW88,0,1,P2044
UN7GQW88,0,2,P1082
F3SPXIA9,0,1,P2044
F3SPXIA9,0,2,P1082
GV4JLGL8,0,1,P2044
GV4JLGL8,0,2,P1082
E1M33XYI,0,1,P2044
E1M33XYI,0,2,P1082
0T0LSDMA,0,1,P1559
0T0LSDMA,0,2,P2048
0T0LSDMA,0,3,P2067
4CF313OZ,0,1,P6249
4CF313OZ,0,2,P2048
4CF313OZ,0,3,P2067
DW0LP66J,0,1,P6249
DW0LP66J,0,2,P2048
DW0LP66J,0,3,P2067
18I2ARR9,0,1,P2067
18I2ARR9,0,2,P2048
18I2ARR9,0,3,P2067
FOU3T7TE,0,2,P2048
FOU3T7TE,0,3,P2067
BW0WN6SF,0,2,P176
BW0WN6SF,0,1,P2317
BW0WN6SF,0,3,P2043
7V0EVO8I,0,2,P176
7V0EVO8I,0,1,P729
7V0EVO8I,0,3,P2043
1VAB2B6V,0,1,P1705
LG9C41BR,0,2,P112
EOYLWC1H,0,2,P112
EOYLWC1H,0,3,P452
4FTC6AD0,0,1,P1889
4FTC6AD0,0,2,P112
4FTC6AD0,0,3,P452
8I3ELOJO,0,2,P112
8I3ELOJO,0,3,P452
SI7L82OH,0,1,P17
SI7L82OH,0,2,P127
ZE144YJB,0,1,P17
ZE144YJB,0,2,P127
EUWPG4NS,0,1,P1448
EUWPG4NS,0,2,P571
9I5SE08Q,0,1,P1448
9I5SE08Q,0,2,P571
FED3G8WN,0,1,P136
0L0SVJGN,0,1,P136
K6M7BHKO,0,1,P1073
QI1AIDX0,0,1,P1073
CXRI4M3Q,0,1,P1072
CXRI4M3Q,0,2,P306
Z5580EWX,0,1,P275
Z5580EWX,0,2,P277
40P1CB8T,0,1,P275
40P1CB8T,0,2,P277
BEIODRMQ,0,1,P275
BEIODRMQ,0,2,P277
VAT8NATS,0,1,P275
VAT8NATS,0,2,P277
203NIMNU,0,1,P2046
203NIMNU,0,2,P2046
C4UZV66N,0,1,P2044
C4UZV66N,0,2,P2046
Q2EVA3A4,0,1,P1435
8QIRFQQZ,0,1,P1435
MFQB4X9H,0,1,P1435
JVCOZN2X,0,1,P669
71PCESU3,0,1,P669
LX0E2ODA,0,1,P669
GYZI31TH,0,1,P17
GYZI31TH,0,2,P131
DCGZA8XN,0,1,P17
DCGZA8XN,0,2,P131
SAMJFHYI,0,1,P17
SAMJFHYI,0,2,P131
QPSLJRJ9,0,1,P2048
UKZLS9DT,0,1,P2048
EP3100OP,0,1,P2048
XO2EB4AT,0,1,P2048
4H1XVLSQ,0,1,P2048
FR0SXHSO,0,1,P1104
IGVR1JYB,0,1,P1104
QUM9MD85,0,1,P1104
9N8VA3O3,0,1,P1082
9N8VA3O3,0,3,P2046
QD3P38V5,0,1,P1082
QD3P38V5,0,2,P4080
QD3P38V5,0,3,P2046
A4W3IJ8U,0,1,P1082
A4W3IJ8U,0,2,P2044
A4W3IJ8U,0,3,P2046
4U17GDBF,0,1,P1082
4U17GDBF,0,2,P4080
4U17GDBF,0,3,P2046
KVJTSQ42,0,1,P195
KVJTSQ42,0,2,P495
KVJTSQ42,0,3,P186
W893AJT9,0,1,P195
W893AJT9,0,2,P495
W893AJT9,0,3,P186
84SNPDAZ,0,1,P2079
84SNPDAZ,0,2,P571
8KXEIANB,0,1,P2079
8KXEIANB,0,2,P571
JKHC82DO,0,1,P2079
JKHC82DO,0,2,P571
4Z1FCKO0,0,1,P2079
4Z1FCKO0,0,2,P571
TSYRZ7MK,0,1,P2079
TSYRZ7MK,0,2,P571
WBTANHLR,0,1,P2079
WBTANHLR,0,2,P571
A85TM7NI,0,1,P2079
A85TM7NI,0,2,P571
VLC10VMM,0,1,P2079
VLC10VMM,0,2,P571
VZ5HTKUF,0,1,P2079
VZ5HTKUF,0,2,P571
R8RWMOFB,0,1,P176
R8RWMOFB,0,2,P2348
4VNQMKCD,0,1,P180
F87WIFVQ,0,1,P180
WAZ00MNV,0,1,P1082
0UVLEEW5,0,1,P1082
GT0TQX39,0,1,P1082
0GFA3FBJ,0,1,P1082
GN8YQV9S,0,1,P1082
TNXMOLXG,0,1,P1082
MAA4A38U,0,1,P1082
F6DYG3RP,0,1,P1082
88TN21H8,0,1,P1082
FM9LD5YM,0,1,P2044
1PM4SH2B,0,1,P2044
27UPZAYH,0,1,P2044
ZBM24EH2,0,1,P2044
7SXFQS20,0,1,P2044
4O2QK7Q9,0,1,P2044
GEW5HBGO,0,1,P2044
5AR63EZ5,0,1,P2044
9319RWLU,0,1,P2044
A3EWE7P0,0,1,P2044
BE9MYAHI,0,1,P373
2KMDUR9B,0,1,P2049
PKHSIO04,0,1,P2049
8Q3XC612,0,1,P2049
PU4F0OLP,0,1,P217
A3YQ16EC,0,1,P217
U4Z7YOU6,0,1,P217
NQYIIECD,0,1,P217
1RWJ25TY,0,1,P2049
YN2XIJU2,0,1,P2049
QW8QG2B0,0,1,P2048
E2G6LPBJ,0,1,P2048
8LICVUK9,0,1,P2048
SPH93L69,0,1,P217
1TP2EF9R,0,1,P217
PT7ZDDMG,0,1,P2048
OOE7CG36,0,1,P2048
35ONZAMC,0,1,P2048
BU9SZAJF,0,1,P2262
BU9SZAJF,0,2,P2043
BU9SZAJF,0,3,P2261
H2KENF2V,0,1,P2262
H2KENF2V,0,2,P2043
H2KENF2V,0,3,P2261
PBNEOM5W,0,1,P617
PBNEOM5W,0,2,P2043
PBNEOM5W,0,3,P2261
IHWZIZH6,0,1,P2262
IHWZIZH6,0,2,P2043
IHWZIZH6,0,3,P2261
PXMDO6DS,0,1,P1093
BSMTRO2L,0,1,P1093
QRSOHCCA,0,1,P571
6YTXDC6D,0,1,P2044
ZIMJ8Z8S,0,1,P577
ZIMJ8Z8S,0,2,P2047
GXVBDRXI,0,1,P2017
Y2DCL7OV,0,1,P577
E56NSQU8,0,1,P577
E56NSQU8,0,2,P2047
O1QN1UKN,0,1,P1113
C9VK1H39,0,1,P1113
C9VK1H39,0,2,P2047
7EARFYU9,0,1,P1476
7EARFYU9,0,2,P2047
TCYLWN8U,0,1,P1113
CX5VVIGE,0,1,P2043
CX5VVIGE,0,2,P1314
CX5VVIGE,0,3,P1314
L0M70WSZ,0,1,P2043
L0M70WSZ,0,2,P2048
L0M70WSZ,0,3,P2048
RRASDP4N,0,1,P2046
RRASDP4N,0,2,P2044
KPRZN870,0,1,P2046
KPRZN870,0,2,P2044
4KQW936B,0,1,P2046
4KQW936B,0,2,P2044
35XS7TLU,0,1,P2046
6FPVFAYU,0,1,P2046
JNNS1PP3,0,1,P2046
JNNS1PP3,0,2,P2044
JOPHAU9G,0,1,P2046
PUWOBT44,0,1,P2046
PUWOBT44,0,2,P2044
0DB4XKO2,0,1,P2046
0DB4XKO2,0,2,P1538
H9UO9W56,0,1,P2046
H9UO9W56,0,2,P2044
51F220WH,0,1,P2046
51F220WH,0,2,P2044
81T6E2VV,0,1,P2046
81T6E2VV,0,2,P2044
F0KWZJMF,0,1,P2046
F0KWZJMF,0,2,P2044
3O88RK4L,0,1,P2046
3O88RK4L,0,2,P2044
77TYIZ7O,0,1,P2046
77TYIZ7O,0,2,P2044
OPNR4RJ6,0,1,P2046
OPNR4RJ6,0,2,P2044
U8Z9BVMY,0,1,P2046
U8Z9BVMY,0,2,P2044
IA2GWHBB,0,1,P2046
IA2GWHBB,0,2,P2044
4P9NAGUB,0,1,P2046
4P9NAGUB,0,2,P2044
FT4S6J61,0,1,P1082
JSQUND8S,0,1,P1082
YM4IN7WC,0,1,P1082
A5SDSFQ6,0,1,P1082
8KTOT4W2,0,1,P1082
QFOGU2GM,0,1,P1082
9C1YFKIU,0,1,P1082
YBHDL3P7,0,1,P1082
UM8H9YJV,0,1,P1082
M2V9R63B,0,1,P2043
OW1MFRTV,0,1,P2043
51BN94SL,0,1,P2043
50CBBFQ5,0,1,P2043
WS4ULORL,0,1,P2043
EP3OPTEW,0,1,P2043
RQPLL2TD,0,1,P2043
P8XC8OGY,0,1,P2043
XVSP2K68,0,1,P466
XVSP2K68,0,2,P669
XVSP2K68,0,3,P1101
FVS3YPYN,0,1,P466
FVS3YPYN,0,2,P669
TX8K6R9M,0,1,P466
TX8K6R9M,0,2,P669
DP1FZ0HK,0,1,P466
DP1FZ0HK,0,2,P669
235NRFH8,0,1,P361
EGRTE9HH,0,1,P2670
IKXSOJ8Q,0,1,P276
1C2S50Z0,0,1,P276
FT570RHH,0,1,P276
SRE0NUS4,0,1,P276
O726YUFJ,0,1,P276
O4OUUBZM,0,1,P276
L82MSIS6,0,1,P276
2PTUFDRK,0,1,P276
QJSPVKF1,0,1,P276
59P8G7VY,0,1,P276
Q6BAUPL9,0,2,P5817
Q6BAUPL9,0,1,P2048
7HZGM2S9,0,1,P1435
7HZGM2S9,0,2,P571
0CWK94DB,0,1,P1435
0CWK94DB,0,2,P571
Y6B8UPI0,0,1,P1435
Y6B8UPI0,0,2,P571
O6CKUODQ,0,1,P1435
O6CKUODQ,0,2,P571
99ZVZKVC,0,1,P1435
99ZVZKVC,0,2,P571
TAMD54HP,0,1,P1435
TAMD54HP,0,2,P571
BUIZF3AT,0,1,P138
BUIZF3AT,0,2,P527
DEQ8R776,0,1,P138
DEQ8R776,0,2,P527
7OMEE72O,0,1,P138
7OMEE72O,0,2,P527
PT4LVPP2,0,1,P138
PT4LVPP2,0,2,P527
BEIGQ0QA,0,1,P186
PF6OJZNO,0,1,P6375
PF6OJZNO,0,2,P625
J322OEZ5,0,1,P6375
J322OEZ5,0,2,P625
CDTEAX5Z,0,1,P17
VPZT4LFG,0,1,P17
QELLZOWO,0,1,P17
K860BPFZ,0,1,P17
46R3WAF7,0,1,P17
ENMQ6EI1,0,1,P17
G96YN739,0,1,P17
T3V16F8P,0,1,P17
9UKYH8SO,0,1,P17
C6YNUCX9,0,1,P17
36VES5ZI,0,1,P2049
36VES5ZI,0,2,P2043
PJM5TJP7,0,1,P1889
EOLXUEEW,0,1,P1889
LUV3AD5R,0,1,P1889
SQ2NZKUD,0,1,P1365
SUOQKJUB,0,1,P361
IW2AI3LP,0,1,P361
VTWHVVSE,0,1,P2386
5GXEF5IZ,0,1,P2386
D0C43ZFH,0,1,P2386
5HPBSBXD,0,1,P2386
CMISFVF0,0,1,P2386
F7AAB9I3,0,1,P2386
CFF5I5J4,0,1,P2386
FNTJWFZJ,0,1,P4511
UHABDWT4,0,1,P4511
9QT1TDA1,0,1,P4511
6A4AL1F9,0,1,P1082
59HB91K3,0,1,P4511
B2M68VIP,0,1,P4511
NPLPVPKF,0,1,P1101
FG7PA7CO,0,1,P1101
XERI6R32,0,1,P1101
0S3X5OEB,0,1,P1101
0S3X5OEB,0,2,P2048
JM9FPRMZ,0,1,P1101
2P5YA4LA,0,1,P1101
VHLPUK8P,0,1,P1101
GT1CN1JR,0,1,P1101
GT1CN1JR,0,2,P2048
QN0E2UDG,0,1,P1101
BO7SJALG,0,1,P1101
BO7SJALG,0,2,P2048
0GHHI5KZ,0,1,P2044
0GHHI5KZ,0,2,P1082
0GHHI5KZ,0,3,P2046
KBN2VDN7,0,1,P2044
KBN2VDN7,0,2,P1082
KBN2VDN7,0,3,P2046
KFCNQVP7,0,1,P2044
KFCNQVP7,0,2,P1082
KFCNQVP7,0,3,P2046
WOYEBQX5,0,1,P2044
WOYEBQX5,0,2,P1082
WOYEBQX5,0,3,P2046
1J554Z4C,0,1,P2044
1J554Z4C,0,2,P1082
1J554Z4C,0,3,P2046
CV2S8H0T,0,1,P2044
CV2S8H0T,0,2,P1082
CV2S8H0T,0,3,P2046
IRJMF059,0,1,P2044
IRJMF059,0,2,P1082
IRJMF059,0,3,P2046
1XSPF94M,0,1,P2044
1XSPF94M,0,2,P1082
1XSPF94M,0,3,P2046
RAKZOQEX,0,1,P2044
RAKZOQEX,0,2,P1082
RAKZOQEX,0,3,P2046
I71EUGNY,0,1,P1433
U2OSDIKP,0,1,P1073
U2OSDIKP,0,2,P178
MPKROK8K,0,1,P7078
HL34TQ0J,0,1,P7078
J8BWIFMZ,0,1,P7078
36VHYULW,0,2,P3966
36VHYULW,0,3,P737
36VHYULW,0,1,P571
7S3T522K,0,2,P3966
7S3T522K,0,3,P737
7S3T522K,0,1,P571
213YOWPF,0,1,P287
9QCGZMEN,0,1,P178
MLKZGXC4,0,1,P306
5UKKITHU,0,1,P306
0X4QHVRR,0,1,P306
58HGXF14,0,1,P1132
9V2B92G2,0,1,P1132
QSJRJAMV,0,1,P1132
5ZF08MZJ,0,1,P1132
CKFGPEAE,0,1,P1132
QVGOMSAP,0,1,P1132
7LME34SE,0,1,P373
X1UXGN7Q,0,1,P2044
Q6ODUQG9,0,1,P373
4C37YWF1,0,1,P2044
NZNXOPXR,0,1,P2044
76F9JQDQ,0,1,P2044
S3U4ZNUT,0,1,P2044
25BBSKXF,0,1,P2119
25BBSKXF,0,2,P2102
25BBSKXF,0,3,P2101
0U6P1IF7,0,1,P2119
0U6P1IF7,0,2,P2102
0U6P1IF7,0,3,P2101
VME4YBE8,0,1,P2177
VME4YBE8,0,2,P2054
BB2E5HUO,0,1,P2404
N04N6R5K,0,1,P2404
B9QF3SG4,0,1,P2404
DD9O492V,0,1,P2067
DD9O492V,0,2,P2128
IFHD43E4,0,1,P2067
IFHD43E4,0,2,P2128
8RHJMOW3,0,2,P2046
8RHJMOW3,0,3,P2044
TGV91IU6,0,2,P2046
TGV91IU6,0,3,P2044
G2KHWFXS,0,1,P1082
G2KHWFXS,0,2,P2046
G2KHWFXS,0,3,P2044
5H2IWYPI,0,2,P2046
5H2IWYPI,0,3,P2044
A4TX3ESD,0,1,P1435
NI0SFJU7,0,2,P2324
W4UEUXWN,0,2,P2324
IKL1RD05,0,2,P2324
10LYOOOZ,0,2,P2324
37KYKXHP,0,1,P2109
37KYKXHP,0,2,P2957
NOKFLLSW,0,1,P2109
NOKFLLSW,0,2,P2957
C55JAGUM,0,1,P2109
C55JAGUM,0,2,P2957
X2M9R55A,0,1,P2109
X2M9R55A,0,2,P2957
Q8B6KDRC,0,1,P2109
Q8B6KDRC,0,2,P2957
7II6FZI3,0,1,P2043
7II6FZI3,0,2,P2044
MIIVTKHW,0,1,P4131
QM07KT4A,0,1,P4441
U8JKTTIU,0,1,P4441
7J2DXR3L,0,1,P4441
93IVQENJ,0,1,P1113
93IVQENJ,0,2,P2437
8V77G987,0,1,P1113
8V77G987,0,2,P2437
TPKDIB12,0,1,P1113
TPKDIB12,0,2,P2437
FWZXHXEP,0,1,P1113
FWZXHXEP,0,2,P2437
LUAAOB39,0,1,P1113
LUAAOB39,0,2,P2437
POT7DKQD,0,1,P1113
POT7DKQD,0,2,P2437
CL0ZMCE5,0,1,P1113
CL0ZMCE5,0,2,P2437
1XNM9UC0,0,1,P1113
1XNM9UC0,0,2,P2437
1I3BPSWA,0,1,P1113
1I3BPSWA,0,2,P2437
XVGJLR7P,0,1,P2046
DUR0OTLW,0,1,P2046
MUSOT714,0,1,P281
JTE3O0GW,0,1,P1082
3ZJYNLRN,0,1,P1082
E8CVGHFS,0,1,P1082
KE13PIMJ,0,1,P2044
DVGJR2D3,0,1,P2044
WQVXACEI,0,1,P2044
S0YKWL60,0,1,P2044
GK19SCFZ,0,1,P1538
IJXD0L2K,0,1,P1538
J12RQVJU,0,1,P1092
9S0GHS49,0,1,P2043
9S0GHS49,0,2,P2261
X37PQJD9,0,1,P2043
X37PQJD9,0,2,P2261
KR3WQYYU,0,1,P2043
KR3WQYYU,0,2,P2261
QWSG38KA,0,1,P2043
QWSG38KA,0,2,P1373
TQFETMN0,0,1,P726
TQFETMN0,0,2,P155
TQFETMN0,0,3,P991
TQTKQOA8,0,1,P726
TQTKQOA8,0,2,P155
TQTKQOA8,0,3,P991
ATMYUD7Y,0,1,P726
ATMYUD7Y,0,2,P155
ATMYUD7Y,0,3,P991
F9KB9JTU,0,1,P726
F9KB9JTU,0,2,P155
F9KB9JTU,0,3,P991
D65WZBMI,0,1,P726
D65WZBMI,0,2,P155
D65WZBMI,0,3,P991
Q17CGG6S,0,1,P726
Q17CGG6S,0,2,P155
Q17CGG6S,0,3,P991
07KONHMJ,0,1,P726
07KONHMJ,0,2,P155
07KONHMJ,0,3,P991
XI1JVHWJ,0,1,P726
XI1JVHWJ,0,2,P155
XI1JVHWJ,0,3,P991
ZL3ZNP09,0,1,P726
ZL3ZNP09,0,2,P155
ZL3ZNP09,0,3,P991
YVWQ238M,0,1,P156
RU4KT6ZQ,0,1,P156
85CPJWMK,0,1,P156
G318ZL3M,0,1,P156
8AK76TWJ,0,1,P156
2ESPM1X0,0,1,P156
L405DAV4,0,1,P156
6EX8G3LC,0,1,P156
NP999YEJ,0,1,P156
WFDI9AXS,0,1,P1001
IXUEDV7A,0,1,P1001
LYF5M3LM,0,1,P1001
32GEWF3S,0,1,P1001
YI2LWTXS,0,1,P1001
Y2B9TFKM,0,1,P1001
A1E5FKW5,0,1,P1001
VLL3WV6R,0,1,P1001
AAJJ29D9,0,1,P1001
VWL3FBIO,0,1,P1001
2XF1XXS4,0,1,P2144
4X60WTJE,0,1,P2043
9AUB6QGW,0,1,P361
9AUB6QGW,0,2,P1104
EYAP30J4,0,1,P361
EYAP30J4,0,2,P1104
LK73G66V,0,1,P361
LK73G66V,0,2,P1104
QM3M6NBF,0,1,P361
QM3M6NBF,0,2,P1104
8B744OCU,0,1,P361
8B744OCU,0,2,P1104
WRFYIFYL,0,1,P361
WRFYIFYL,0,2,P1104
LDRYHM6M,0,1,P1680
S6MCJN58,0,1,P1680
WBB86JTI,0,1,P407
M4NH3HZA,0,1,P407
Y19YE0U4,0,1,P407
8X8QMCLU,0,1,P407
XUUS0OUR,0,1,P407
QCAZZNFU,0,1,P407
9FTV27LC,0,1,P407
7BSRVU68,0,1,P50
7BSRVU68,0,2,P291
JGQ0WQ7Z,0,1,P50
JGQ0WQ7Z,0,2,P291
1RDPCYZP,0,1,P495
4R9AH48J,0,1,P495
CHISHANJ,0,1,P495
904LECF2,0,1,P495
HJ1LLPSW,0,1,P495
4T5KXKBP,0,1,P495
2W0TLFP9,0,1,P495
9ZKWGDQ9,0,1,P495
N6M9QKRW,0,1,P495
P1ZGLN19,0,1,P495
66H27K8C,0,1,P123
98W74F6Q,0,1,P1476
TXC52I8Q,0,1,P1476
KFM3569I,0,1,P1476
BAVLOCWM,0,1,P1476
2JURNO9L,0,1,P1476
MX4S49V4,0,1,P1476
LEZFP5RU,0,1,P1476
1XL7OQ9M,0,1,P1476
BX8XQ4CD,0,1,P1476
PUDXX61A,0,1,P2659
UCAFVKTG,0,1,P2659
J7W9A0NE,0,1,P2659
99SPGZMT,0,1,P2659
TNKMBEDD,0,1,P2659
ZVUPLTVP,0,1,P2659
E2X5CUSH,0,1,P2659
T2MH1VW6,0,1,P2216
SOL1PGFI,0,1,P2216
SOL1PGFI,0,2,P2227
0BLCGY4N,0,1,P2216
0BLCGY4N,0,2,P2227
DUZHXXMY,0,1,P2216
DUZHXXMY,0,2,P2227
P1PL7CUI,0,1,P2216
P1PL7CUI,0,2,P2227
TQ8HSQA7,0,1,P2216
TQ8HSQA7,0,2,P528
E0TNZZ15,0,1,P6258
E0TNZZ15,0,2,P1215
NFGX37E4,0,1,P373
NFGX37E4,0,2,P6257
NFGX37E4,0,3,P2215
CUGJ6PMD,0,1,P7015
CUGJ6PMD,0,2,P4296
CUGJ6PMD,0,3,P528
11ZC1FSS,0,1,P7015
11ZC1FSS,0,2,P6258
11ZC1FSS,0,3,P6879
7UUDTYXF,0,1,P7015
7UUDTYXF,0,2,P6258
NR7V83RS,0,1,P373
W61ZZYFP,0,2,P6257
W61ZZYFP,0,3,P2214
144J0N11,0,1,P4196
G8DMZAM3,0,1,P1090
A21UF71C,0,1,P1090
78OT25ZK,0,1,P1090
8GRHPN12,0,1,P1090
M7UU7S3U,0,1,P1090
WQAY2WGV,0,1,P1090
1E6XK6BF,0,1,P1090
XF8ODEZB,0,1,P1090
CJXPSK4L,0,1,P1090
PNBBXRLB,0,1,P6257
9IE61YEI,0,1,P528
CD8ZR6FC,0,1,P528
CD8ZR6FC,0,2,P528
89Y4GN26,0,1,P10751
89Y4GN26,0,2,P6879
5TQLUE10,0,1,P6258
5TQLUE10,0,2,P6879
TCS5D3KJ,0,1,P528
TCS5D3KJ,0,2,P528
WF4X0Y5W,0,2,P373
0HALK61G,0,1,P528
0HALK61G,0,2,P6879
9GEYASAY,0,1,P10751
9GEYASAY,0,2,P2583
1EPSG6Z5,0,1,P10751
1EPSG6Z5,0,2,P215
IUOCWBBR,0,1,P2583
IUOCWBBR,0,2,P1215
99HKUIVU,0,1,P2583
99HKUIVU,0,2,P1215
2K0N9LYZ,0,1,P2583
2K0N9LYZ,0,2,P1215
769S65YU,0,1,P2583
769S65YU,0,2,P1215
6D4G00M5,0,1,P2583
6D4G00M5,0,2,P1215
M7191TZY,0,1,P2583
M7191TZY,0,2,P1215
4VCI6L9F,0,1,P2583
4VCI6L9F,0,2,P1215
UUGE43R4,0,1,P2583
UUGE43R4,0,2,P1215
FUL936TS,0,1,P2046
FUL936TS,0,2,P2044
N9212D6E,0,1,P2046
OG41F28U,0,1,P1104
0F5PCGAZ,0,1,P1705
QSAE9FJL,0,1,P2044
ZWIY3ROF,0,1,P373
C0D9PWJK,0,1,P2044
MTYDPOHZ,0,1,P2044
3L3N4NZF,0,1,P373
0NXFL9GK,0,1,P625
S92J3V84,0,1,P2046
35H8NDNG,0,1,P2044
35H8NDNG,0,2,P2046
F5SO50BI,0,1,P373
F5SO50BI,0,2,P2046
I9VATONN,0,1,P2044
I9VATONN,0,2,P2046
SYCX5MHQ,0,1,P2044
SYCX5MHQ,0,2,P2046
HBONAOMT,0,1,P2044
HBONAOMT,0,2,P2046
BJXWCVZ3,0,1,P2044
BJXWCVZ3,0,2,P2046
FSRILAW1,0,1,P2044
FSRILAW1,0,2,P2046
9OIMDC6J,0,1,P2044
9OIMDC6J,0,2,P2046
7RCNGMJL,0,1,P281
YSVM7OS2,0,1,P1082
LKUTYQN8,0,1,P1082
Z2TOG18Y,0,1,P1082
CPBPLP5L,0,1,P1082
HLUE6YGG,0,1,P1082
5JY4G3LY,0,1,P1082
DM9VOPCE,0,1,P1082
YMI9EVP0,0,1,P1082
XIWHA32G,0,1,P1082
J5ABH0E1,0,1,P1889
WQ46LFU7,0,1,P460
FXIOQ8BO,0,1,P282
FUANZGAP,0,1,P282
KPLQP7MV,0,1,P1454
DCF2B8D6,0,1,P1454
HHJ31KU9,0,1,P1454
HRUFO8IE,0,1,P1454
TPLCXJPK,0,1,P1454
8EHU8JK1,0,1,P159
8EHU8JK1,0,2,P571
NBWICJOW,0,1,P159
NBWICJOW,0,2,P571
Y8NJ1QLI,0,1,P159
Y8NJ1QLI,0,2,P571
Q9PP8C4S,0,1,P159
Q9PP8C4S,0,2,P571
6H16JCGI,0,1,P159
6H16JCGI,0,2,P571
HM019SA8,0,1,P749
OIVWAVQC,0,1,P135
OIVWAVQC,0,2,P571
OMWQG3J8,0,1,P135
OMWQG3J8,0,2,P571
FO82BYXN,0,1,P135
FO82BYXN,0,2,P571
RRV9F563,0,1,P921
M72BF6BF,0,1,P921
NQODJWTL,0,1,P921
EN4RSOEH,0,1,P921
7XLXUHV5,0,1,P921
6NG5RCNN,0,1,P921
8T2N2VI4,0,1,P921
YMWS1LRY,0,1,P921
URH0032P,0,1,P195
URH0032P,0,2,P2049
YQSAKLSV,0,1,P195
YQSAKLSV,0,2,P217
4XDO46BH,0,1,P195
4XDO46BH,0,2,P2049
U8YAABBL,0,1,P195
FCJXKW14,0,1,P2079
6B8AD7FQ,0,1,P136
6B8AD7FQ,0,2,P2049
3Z6AU1SU,0,1,P136
3Z6AU1SU,0,2,P2048
NTOSELST,0,1,P136
NTOSELST,0,2,P2048
EF3LJPW8,0,1,P136
EF3LJPW8,0,2,P2048
9VVUEZ9T,0,1,P136
9VVUEZ9T,0,2,P2048
QEXUDNS3,0,1,P186
GAGAM27B,0,1,P1476
SU9G6MR2,0,1,P1476
9J2RUP00,0,1,P1476
NTLJFKIC,0,1,P1082
K4375GQ4,0,1,P1082
N1TQP8GU,0,1,P1082
KHD1IF7X,0,1,P1082
CP93TGZP,0,1,P1082
JLPKL6H4,0,1,P1082
GZWVXAHW,0,1,P276
GZWVXAHW,0,2,P6216
TCS39971,0,1,P276
TCS39971,0,2,P6216
AG4IQXPB,0,1,P276
AG4IQXPB,0,2,P6216
CKZY2B7F,0,1,P2860
CKZY2B7F,0,2,P921
CKZY2B7F,0,3,P710
6VF57TE7,0,1,P2860
6VF57TE7,0,2,P921
6VF57TE7,0,3,P710
RY7OJHT9,0,1,P747
1JXDH7ET,0,1,P747
KG7QQT9S,0,1,P747
M1WPD0F7,0,1,P747
NH2NLXIL,0,1,P747
1JGFVGFD,0,1,P2047
59UVRPAP,0,1,P2047
NC4UO38J,0,1,P2047
ARW31UFU,0,1,P1082
1HKJAC11,0,1,P2044
1HKJAC11,0,2,P2043
AFA2KSNN,0,1,P2053
AFA2KSNN,0,2,P2043
M3T3CL0A,0,1,P2043
M3T3CL0A,0,2,P2043
CS07NGUH,0,1,P2053
CS07NGUH,0,2,P2043
E4OFYANY,0,1,P2053
E4OFYANY,0,2,P2043
5505ZZ45,0,1,P127
5505ZZ45,0,2,P170
PXUS2X9U,0,1,P127
PXUS2X9U,0,2,P170
RXAV4UKR,0,1,P127
RXAV4UKR,0,2,P170
2YO07ZNU,0,1,P127
2YO07ZNU,0,2,P170
EHNNS1S4,0,1,P195
EHNNS1S4,0,2,P571
ELTHAB9R,0,1,P2048
F45Y5GTB,0,1,P276
OCW2DJEX,0,1,P276
Q2362IAB,0,1,P186
Q2362IAB,0,2,P972
924S7GA3,0,1,P186
924S7GA3,0,2,P31
JPW8YHAE,0,1,P186
JPW8YHAE,0,2,P972
INXDZVAI,0,1,P186
INXDZVAI,0,2,P972
IEJ0HR46,0,1,P186
IEJ0HR46,0,2,P972
EVIS58P0,0,1,P186
EVIS58P0,0,2,P972
LOXC48IE,0,1,P1101
68OKIIT5,0,1,P1101
O4WS6TO7,0,1,P1101
DWN8N7AX,0,1,P613
80GV4VAD,0,1,P373
6VKH2N6H,0,1,P1101
OCEX8J4D,0,1,P1101
L5KVHNH0,0,1,P373
KH9VN6YF,0,1,P1101
5V8D7I1W,0,2,P2044
OBVZH6Y9,0,1,P2046
OBVZH6Y9,0,2,P1082
UWNY3YD8,0,1,P2046
UWNY3YD8,0,2,P1082
HF3EMYUK,0,1,P2046
HF3EMYUK,0,2,P1082
6HAD5IRG,0,1,P2046
6HAD5IRG,0,2,P1082
IYVY8I5N,0,1,P1122
IYVY8I5N,0,2,P2114
5MHHNJQ3,0,1,P1122
5MHHNJQ3,0,2,P2114
1X0BQVQH,0,1,P1122
ADPHPM5G,0,1,P1122
ADPHPM5G,0,2,P2114
MT9YBQCI,0,1,P1122
MT9YBQCI,0,2,P2114
HWM2AND4,0,1,P2154
182F4U2O,0,1,P2154
ZTG9HJ5P,0,1,P2154
ZBSOU5M6,0,1,P2154
O9F2D9NL,0,1,P2154
O6QHKAQF,0,1,P1086
AUYRXZ6J,0,1,P2154
801T8YXN,0,1,P1148
801T8YXN,0,2,P1123
Z2CZ82E4,0,1,P1148
Z2CZ82E4,0,2,P1148
1H85RZZX,0,1,P1148
1H85RZZX,0,2,P1123
Z74P994H,0,1,P1148
Z74P994H,0,2,P1123
SMCPAVJD,0,1,P1148
SMCPAVJD,0,2,P1086
TQZG363I,0,1,P1148
TQZG363I,0,2,P2067
BTKMJLPB,0,1,P1148
BTKMJLPB,0,2,P1123
92TM48J4,0,1,P1086
ERRDXWFA,0,1,P1086
EAAMRC8E,0,1,P1086
CZU859TF,0,1,P1086
FWUAS33H,0,1,P1086
7CUJ9UWX,0,1,P1086
SOYU182H,0,1,P1086
ZF8DJ5I0,0,1,P1086
UQ3NAHC0,0,1,P1086
10X9Y12R,0,1,P2067
RRE1Y3J6,0,1,P1086
AJ3OZWYW,0,1,P1086
SWQNX15Y,0,1,P2067
6PCWZIDF,0,1,P2067
8QHNM15P,0,1,P2067
RASWZU0N,0,1,P1148
NW5D5I9H,0,1,P2067
09LANYFE,0,1,P1083
F0OQCL9H,0,1,P1083
S45MLMMY,0,1,P1083
I2S0XOO0,0,1,P131
I4NJ56GN,0,1,P131
DDQ327O2,0,1,P2046
DDQ327O2,0,2,P2927
3PWRDYLZ,0,1,P1538
3PWRDYLZ,0,2,P2927
EDODYPX5,0,1,P2046
EDODYPX5,0,2,P2927
XWAAREQL,0,1,P1082
Z3DD6HLN,0,1,P1082
7O3QF90H,0,1,P1082
HLSZY96X,0,1,P2196
S4PRS2J1,0,1,P2196
DGYDD90Y,0,1,P2196
THW91P0C,0,1,P361
HOCUSOG8,0,1,P669
022QCRNH,0,1,P669
SZ9GJ4LG,0,1,P276
0SCQP0QQ,0,1,P276
A2FNMZLK,0,1,P2048
2U7HBV12,0,1,P2049
2U7HBV12,0,2,P2049
WGKPGKCG,0,1,P373
WGKPGKCG,0,2,P2044
WQAEG6WD,0,1,P373
WQAEG6WD,0,2,P2044
1OLEXATH,0,1,P735
1OLEXATH,0,2,P1165
GP94XM6K,0,1,P725
IXMCTQO7,0,1,P725
PNE9G1ZW,0,1,P725
F4CVN9H5,0,1,P175
F4CVN9H5,0,2,P106
F4CVN9H5,0,3,P1441
8D63A5BN,0,1,P175
8D63A5BN,0,2,P106
8D63A5BN,0,3,P1441
IBCE3BGV,0,1,P40
IBCE3BGV,0,2,P3373
U41UEZ7E,0,2,P734
U41UEZ7E,0,1,P2048
AAAEYE8O,0,2,P1559
Z32FCHG9,0,1,P2043
Z32FCHG9,0,2,P2262
GWCTK7EU,0,1,P2043
GWCTK7EU,0,2,P2262
R12I1KT0,0,1,P2043
R12I1KT0,0,2,P729
OI8U272R,0,1,P2043
OI8U272R,0,2,P729
WJXUYNQ8,0,1,P2043
WJXUYNQ8,0,2,P2262
B81WXOGB,0,1,P2043
B81WXOGB,0,2,P617
MTOQ2NPC,0,1,P2043
MTOQ2NPC,0,2,P2262
AB8OIJSQ,0,1,P2043
AB8OIJSQ,0,2,P2262
1SOBL1W0,0,1,P177
1SOBL1W0,0,2,P131
1SOBL1W0,0,3,P2043
YUG0GFQD,0,2,P1889
YUG0GFQD,0,1,P2046
AF0MXOG9,0,2,P1889
AF0MXOG9,0,3,P1456
AF0MXOG9,0,1,P2046
QZZ69YKK,0,2,P1889
QZZ69YKK,0,1,P2046
1XD784OD,0,2,P1889
1XD784OD,0,1,P2046
98PA55GZ,0,2,P1889
98PA55GZ,0,1,P2046
U33I1RQN,0,1,P1082
8Z6535YC,0,1,P1082
FYUNLKMQ,0,1,P1082
4DTSBBYY,0,1,P1082
29YM8CD0,0,1,P1082
83MI19ZG,0,1,P2927
83MI19ZG,0,2,P571
DYRMKQ0P,0,1,P2927
DYRMKQ0P,0,2,P571
0VLH6PH4,0,1,P2927
0VLH6PH4,0,2,P571
14F3UBNZ,0,1,P2927
14F3UBNZ,0,2,P571
GEA6ZKA8,0,1,P2927
GEA6ZKA8,0,2,P571
D2R5FIGL,0,1,P131
AK15U9WC,0,1,P31
20IJRJ9N,0,1,P131
Q7OIP7PZ,0,1,P131
KJNVTJ5J,0,1,P131
3PGKRWCS,0,1,P1343
Z8YP6GOH,0,2,P4552
Z8YP6GOH,0,1,P2795
87VRPGLP,0,2,P4552
87VRPGLP,0,1,P2795
FC1HULJH,0,2,P4552
FC1HULJH,0,1,P625
U5V1CRX4,0,1,P47
U5V1CRX4,0,2,P361
U5V1CRX4,0,3,P2044
WGHE3RSQ,0,1,P17
TEB4Z7T6,0,1,P17
UVT3I4VL,0,1,P17
NT4RN0BO,0,1,P17
RCAYD3L0,0,1,P17
LIUAMFW7,0,1,P17
3L7YPBV4,0,1,P17
I11OH2DH,0,1,P17
CTRIBCK6,0,2,P6375
484OBNOP,0,2,P6375
GQUB75EM,0,1,P706
GQUB75EM,0,2,P1889
VBLEGMDK,0,1,P1098
9W96L5HM,0,1,P1098
NKJP9RTW,0,1,P1098
THS3P0NU,0,1,P1098
S3T9Z3KM,0,2,P131
S3T9Z3KM,0,1,P2044
LTSSEOSI,0,2,P131
LTSSEOSI,0,1,P2044
XDAN6WV8,0,2,P131
XDAN6WV8,0,1,P2044
T5Y3AIC5,0,2,P131
T5Y3AIC5,0,1,P2044
V1CETWXC,0,2,P131
V1CETWXC,0,1,P2044
Q9IWZ6LC,0,2,P131
Q9IWZ6LC,0,1,P2044
09OAOCRP,0,2,P131
09OAOCRP,0,1,P2044
EFO5HFFP,0,2,P131
EFO5HFFP,0,1,P2044
MNLBGW75,0,2,P131
MNLBGW75,0,1,P2044
3CS8LVY1,0,2,P131
3CS8LVY1,0,1,P2044
BJZ75NJF,0,1,P1082
YS55ZAY1,0,1,P1082
JES398L9,0,1,P1082
J8I6M00H,0,1,P1082
EWT2GWEK,0,1,P1082
1GENXU5T,0,1,P1082
0KX20XIA,0,1,P1082
CEJZ3BSQ,0,1,P1082
E0112FTF,0,1,P1376
E0112FTF,0,3,P1889
E0112FTF,0,2,P2046
M3EXNXKF,0,1,P190
M3EXNXKF,0,3,P421
M3EXNXKF,0,2,P571
8QXGSC7E,0,1,P136
K58XFE2H,0,1,P136
BKD5A04Y,0,1,P136
SZH39ZY2,0,1,P195
SZH39ZY2,0,2,P527
J0UZFLQ8,0,1,P195
J0UZFLQ8,0,2,P527
MPE04E3B,0,1,P135
MPE04E3B,0,2,P195
MPE04E3B,0,3,P2048
EXN8I146,0,1,P571
OZJPWEA2,0,1,P3880
44S144PD,0,1,P373
UCXHKH0S,0,1,P579
EJ4OTU7J,0,1,P579
W8D27W2Y,0,1,P579
SYD5RIJJ,0,1,P579
BWTFDG6I,0,1,P579
0FKUR87U,0,1,P1343
0FKUR87U,0,2,P279
S9APEJUJ,0,1,P1343
S9APEJUJ,0,2,P279
ORJ00AYO,0,1,P1343
ORJ00AYO,0,2,P279
8I3T9Q3C,0,1,P1343
8I3T9Q3C,0,2,P279
BB2X43CE,0,1,P1343
BB2X43CE,0,2,P279
OKI3Q3Z0,0,1,P556
OKI3Q3Z0,0,2,P138
98J93ITP,0,1,P556
98J93ITP,0,2,P138
FNY7LT1J,0,1,P556
FNY7LT1J,0,2,P138
99WFFAES,0,1,P556
99WFFAES,0,2,P138
IIVP6ZH9,0,1,P556
IIVP6ZH9,0,2,P138
1OD4UXQG,0,1,P2049
1OD4UXQG,0,2,P2043
PIP445CN,0,1,P2049
PIP445CN,0,2,P2043
XOXQQPIG,0,1,P2049
XOXQQPIG,0,2,P2043
N0ILZY9W,0,1,P2154
HW9BKFWL,0,1,P2154
BWW278RL,0,1,P2154
QJVY2N44,0,1,P2154
F3DO7SB8,0,1,P2154
GQEZVNHZ,0,1,P2154
MKRU9RGN,0,1,P2154
PMH3P4SX,0,1,P2154
RZOLZWF1,0,1,P2154
LZZRMERD,0,1,P2154
OAU4JMGY,0,1,P1122
AP1QPE5O,0,1,P1122
25XF2RP3,0,1,P1122
EF6C7JQE,0,1,P1122
XKY3T3X3,0,1,P1122
AOLZ7MN1,0,1,P1122
P3EW4KG7,0,1,P1122
UBS6SO74,0,1,P1148
UBS6SO74,0,2,P1123
6P0KE0O3,0,1,P1148
6P0KE0O3,0,2,P1123
TYD06JNT,0,1,P1148
TYD06JNT,0,2,P1123
LL337P4M,0,1,P1148
LL337P4M,0,2,P1123
IJKWAGCQ,0,1,P1148
IJKWAGCQ,0,2,P1123
64A2UJMQ,0,1,P1148
64A2UJMQ,0,2,P1123
7RLLTKE9,0,1,P1148
7RLLTKE9,0,2,P2160
KRPVA6IL,0,1,P1148
KRPVA6IL,0,2,P2154
1RFRSJQ0,0,1,P1148
1RFRSJQ0,0,2,P1123
J4ED6C2Q,0,1,P1086
J4ED6C2Q,0,2,P2067
Z5TMVN4V,0,1,P1086
Z5TMVN4V,0,2,P2067
46IBEXQS,0,1,P1086
46IBEXQS,0,2,P2067
6L4ZY3H6,0,1,P1086
6L4ZY3H6,0,2,P2067
42RDTAAR,0,1,P1086
42RDTAAR,0,2,P2067
PDUBYMHS,0,1,P1086
PDUBYMHS,0,2,P2067
9H6YYV3J,0,1,P1086
9H6YYV3J,0,2,P2067
EZJNX4QX,0,1,P1086
EZJNX4QX,0,2,P2067
59VF9OQR,0,1,P2114
LSRLKUKV,0,1,P2114
IDH0KKSG,0,1,P2114
VCKJM5J7,0,1,P2114
TVFACVLJ,0,1,P2114
D7R4B3PA,0,1,P2114
72JCLH56,0,1,P2114
86X2E1JT,0,1,P2114
8CZS6OUZ,0,1,P1435
8CZS6OUZ,0,2,P140
RHFHBX6A,0,1,P17
RHFHBX6A,0,2,P131
WVASRML7,0,1,P373
WVASRML7,0,2,P2046
9U5U03LN,0,1,P373
9U5U03LN,0,2,P2046
C3XJVZQH,0,1,P1174
C3XJVZQH,0,2,P2046
LLF0Y3U0,0,1,P1174
LLF0Y3U0,0,2,P373
3HY8MWCJ,0,1,P373
3HY8MWCJ,0,2,P2046
9R4IA99G,0,2,P2046
1437PN83,0,2,P2046
P16259UP,0,2,P373
B7IMUUCY,0,2,P1101
7B736BE3,0,2,P1101
584EX7WC,0,1,P1082
MKIHRB3P,0,1,P1082
O00D9781,0,1,P2046
G8VVR6Z0,0,1,P2046
6A22GQ0K,0,1,P127
RWHBFSEV,0,1,P127
GSFZCWXY,0,1,P127
L5343U6K,0,1,P127
MY93TRFT,0,1,P127
P88O0BT1,0,1,P127
K1KOI09H,0,1,P127
08J2HS5D,0,1,P127
D29N4BT2,0,1,P127
XWZHZBE4,0,1,P127
7TAI9U7Y,0,1,P361
7TAI9U7Y,0,2,P131
7TAI9U7Y,0,3,P527
YP5CQHFF,0,1,P361
YP5CQHFF,0,2,P131
YP5CQHFF,0,3,P527
8IP20OXW,0,2,P6257
8IP20OXW,0,3,P6258
3WNQ0KWY,0,2,P6257
3WNQ0KWY,0,3,P6258
JTQ4CHYU,0,1,P2214
JTQ4CHYU,0,2,P1215
ZDKWXTK1,0,1,P215
ZDKWXTK1,0,2,P1215
5ICWSZFY,0,2,P2583
4SEPENNB,0,1,P1342
A3S16CON,0,1,P1342
EIJY599B,0,1,P1342
GRKQGR9I,0,1,P1342
NI3A2CR5,0,1,P1342
GGPM4DII,0,1,P2048
GGPM4DII,0,2,P2049
D4YQ5CWW,0,1,P2048
D4YQ5CWW,0,2,P2049
5UKXW4TV,0,1,P2048
5UKXW4TV,0,2,P2049
BK8WPIQP,0,1,P2048
BK8WPIQP,0,2,P2049
ZXG1V7J7,0,1,P3878
K5QTRRGA,0,1,P2532
IJDBVLVL,0,1,P2532
UK466RVW,0,1,P2532
0GQNA5BG,0,1,P2532
JUCUGZDI,0,1,P2532
6DPGLO9V,0,1,P2532
Z13940QJ,0,1,P2532
C9FXW3HG,0,1,P2532
6UFW3QA2,0,1,P2532
EH454F4H,0,1,P2895
FN3W2PBE,0,1,P2895
T1NSTGQ8,0,1,P2895
0YY0PP7Z,0,1,P2895
JKJF3DX3,0,1,P2895
OPAXHFPO,0,1,P2895
19FQ7HAR,0,1,P2895
CNGMEWK6,0,1,P2895
I2SYVF8Y,0,1,P2044
KN7FJXQ8,0,1,P2044
ZDGRAOVM,0,1,P2044
62AT5HGU,0,1,P2044
CMUW9XBM,0,1,P2044
WO5TSWWF,0,1,P2043
WO5TSWWF,0,2,P2046
D0TOL4X8,0,1,P2927
D0TOL4X8,0,2,P2046
JO7HW5QU,0,1,P2660
JO7HW5QU,0,2,P625
JAEM0L41,0,1,P373
JAEM0L41,0,2,P1082
LS80BM79,0,1,P3157
K24J4LTB,0,1,P3157
CSO8JWH5,0,1,P3157
L8AG4398,0,1,P3157
I0PP8M1E,0,1,P3157
JACXO67V,0,1,P3157
BZ94OBQV,0,1,P3157
Q5UJB0RQ,0,1,P3157
KCLEKVHF,0,1,P3157
AEB9V1XL,0,1,P3157
UDKW0XTE,0,1,P2632
UDKW0XTE,0,2,P937
7M48SOJ4,0,1,P2632
7M48SOJ4,0,2,P937
T4CF4Y11,0,1,P2632
T4CF4Y11,0,2,P937
LJSISGDG,0,1,P2632
LJSISGDG,0,2,P937
ZH6O07IK,0,1,P2632
ZH6O07IK,0,2,P937
IAKTYT4J,0,1,P2632
IAKTYT4J,0,2,P937
CKS9XEEK,0,1,P2632
CKS9XEEK,0,2,P937
ZKJ0N9LS,0,1,P2632
ZKJ0N9LS,0,2,P937
ESJ5HOGK,0,1,P2632
ESJ5HOGK,0,2,P937
IZP7HSFF,0,1,P2632
IZP7HSFF,0,2,P937
Z0LYHK8L,0,1,P108
PWXGOEYS,0,1,P108
VJWOHXK0,0,1,P69
LG8GXWNQ,0,1,P69
PZ2UVD5F,0,1,P27
199AUNIG,0,1,P19
12L9OGNE,0,1,P108
U93OB0AY,0,1,P108
KSD8MJKO,0,1,P1303
KSD8MJKO,0,2,P286
492H9U7F,0,1,P1303
492H9U7F,0,2,P286
4SXVY354,0,1,P1303
4SXVY354,0,2,P286
JB97LGIC,0,1,P1303
JB97LGIC,0,2,P286
3NAP1L9X,0,1,P1303
3NAP1L9X,0,2,P286
XBO7XDWB,0,1,P509
XBO7XDWB,0,2,P6902
4F9H5QYQ,0,1,P509
4F9H5QYQ,0,2,P6902
NDWBWDLY,0,1,P509
NDWBWDLY,0,2,P6902
G94AM63N,0,1,P509
G94AM63N,0,2,P6902
AE1LW3T4,0,1,P509
AE1LW3T4,0,2,P6902
MQPNL8PH,0,1,P509
MQPNL8PH,0,2,P6902
UIQMTS39,0,1,P101
98VTQ1F2,0,1,P512
98VTQ1F2,0,3,P184
HUFT1X7M,0,1,P1283
HUFT1X7M,0,2,P1424
0WGT1QRC,0,1,P2359
0WGT1QRC,0,2,P2048
RB4OGXSL,0,1,P2359
RB4OGXSL,0,2,P2048
9QGAKHBO,0,1,P2359
9QGAKHBO,0,2,P569
B76AMN4S,0,1,P2359
YWWRR5DN,0,1,P2359
P3C7BY93,0,1,P2359
P3C7BY93,0,2,P2048
772L9JTW,0,1,P2359
772L9JTW,0,2,P2048
4H48BWDC,0,1,P2359
4H48BWDC,0,2,P2048
7SFB4C3C,0,2,P737
7SFB4C3C,0,1,P1559
ZOWY3MH7,0,2,P737
ZOWY3MH7,0,1,P1559
9UDV0S3J,0,2,P737
9UDV0S3J,0,1,P1559
DEN5ZARW,0,2,P737
DEN5ZARW,0,1,P373
KEJ4HKTT,0,2,P737
KEJ4HKTT,0,1,P373
6MNTOQ3H,0,2,P737
6MNTOQ3H,0,1,P1559
HEJC8V6Y,0,2,P737
HEJC8V6Y,0,1,P1559
CQKQH4EY,0,2,P737
CQKQH4EY,0,1,P1559
GY2D9SKM,0,2,P737
GY2D9SKM,0,1,P1559
C1WAJDP6,0,2,P737
C1WAJDP6,0,1,P1559
WRQXG1CS,0,1,P21
77K4O3G2,0,1,P21
16696DED,0,1,P21
NHVG64UH,0,1,P21
70T865O7,0,1,P21
31OYEBY4,0,1,P21
9NVG9U5J,0,1,P21
HUKPQXCU,0,1,P21
OPIQE1AP,0,1,P21
ZN6M5QYW,0,1,P102
ZN6M5QYW,0,2,P413
5FE55EWC,0,1,P102
5FE55EWC,0,2,P413
TJCIVV0Q,0,1,P102
TJCIVV0Q,0,2,P413
OLZODQ9A,0,1,P102
OLZODQ9A,0,2,P413
6KZKH8S4,0,1,P102
8HFP45WK,0,1,P102
8HFP45WK,0,2,P413
2K4K0BZ4,0,1,P102
IG3OU2IG,0,1,P102
IG3OU2IG,0,2,P413
6TYMSXQJ,0,1,P102
6TYMSXQJ,0,2,P413
BB2XU9IX,0,1,P373
XR0YYGA2,0,1,P140
ERZNMNYC,0,1,P140
YY33WR0P,0,1,P135
YY33WR0P,0,2,P3373
YY33WR0P,0,3,P6379
99POBGVE,0,1,P135
99POBGVE,0,2,P3373
99POBGVE,0,3,P6379
4VM9PZD2,0,1,P135
4VM9PZD2,0,2,P3373
T0HSKZZ2,0,1,P135
T0HSKZZ2,0,2,P3373
SAJ90S02,0,1,P135
SAJ90S02,0,2,P3373
SAJ90S02,0,3,P6379
VE9MBHMW,0,1,P135
VE9MBHMW,0,2,P40
VE9MBHMW,0,3,P6379
BKRL2AKL,0,1,P135
BKRL2AKL,0,2,P3373
BKRL2AKL,0,3,P6379
2M760V79,0,2,P40
2M760V79,0,3,P6379
PXF8HVON,0,2,P3373
PXF8HVON,0,3,P6379
94EJZICH,0,1,P135
94EJZICH,0,3,P6379
Z7Y6WOJG,0,1,P410
Z7Y6WOJG,0,2,P19
MJJOYKM0,0,1,P410
MJJOYKM0,0,2,P19
BTMAVUM3,0,1,P410
BTMAVUM3,0,2,P19
M3HVR5Y6,0,1,P410
M3HVR5Y6,0,2,P19
HHLNW3GV,0,1,P410
HHLNW3GV,0,2,P19
GX1N32K9,0,1,P410
GX1N32K9,0,2,P19
OMVV4W4S,0,1,P410
OMVV4W4S,0,2,P19
A1N7E7RZ,0,1,P1889
48PRWBF1,0,1,P1889
M3ELE9FF,0,1,P138
T1BQ7RIN,0,1,P1889
OOQZGJ23,0,1,P22
OOQZGJ23,0,2,P598
V8M4ZY99,0,1,P1411
V8M4ZY99,0,2,P358
V8M4ZY99,0,3,P552
2C2NQZCO,0,2,P1343
2C2NQZCO,0,1,P2032
FL4V9D8B,0,2,P1343
FL4V9D8B,0,1,P2032
76BLG3ES,0,2,P1343
76BLG3ES,0,1,P2032
U6I2YHO3,0,2,P1343
U6I2YHO3,0,1,P2032
3LAJ0G3M,0,2,P1343
3LAJ0G3M,0,1,P2032
ZC7R8UGI,0,2,P1343
ZC7R8UGI,0,1,P2032
NRYD5IZJ,0,2,P1343
NRYD5IZJ,0,1,P2032
13DUD18R,0,2,P1343
13DUD18R,0,1,P2032
TLE96VD5,0,2,P1343
TLE96VD5,0,1,P2032
SK3KVQ13,0,2,P1343
SK3KVQ13,0,1,P2032
7E388J9M,0,2,P741
7E388J9M,0,3,P1950
7E388J9M,0,1,P569
2QBBSL9C,0,2,P741
2QBBSL9C,0,3,P1950
2QBBSL9C,0,1,P569
CX51AQQ5,0,2,P741
CX51AQQ5,0,3,P1950
CX51AQQ5,0,1,P569
PONT806Y,0,2,P741
PONT806Y,0,3,P1950
PONT806Y,0,1,P569
S0V0LVDN,0,2,P741
S0V0LVDN,0,3,P1950
S0V0LVDN,0,1,P569
4EDJBEYC,0,1,P2348
O4VDKURE,0,1,P2348
J0CL3XUX,0,1,P2348
AC8WCYV1,0,1,P2348
4ZL753MU,0,1,P20
4ZL753MU,0,2,P106
GYTHXRMS,0,1,P20
GYTHXRMS,0,2,P106
2S0XI20J,0,1,P20
2S0XI20J,0,2,P106
1JQNAPU8,0,1,P20
1JQNAPU8,0,2,P106
F2G9RECM,0,2,P69
YP23OSAJ,0,1,P451
2CD22IQG,0,1,P451
KQ9P94O5,0,1,P451
5NCC3YWR,0,1,P451
ADNJTG7X,0,1,P451
QJ32D8ZO,0,1,P451
VVE9O15E,0,1,P451
BZ9UQQBB,0,1,P451
18MTJHH2,0,1,P451
LTRRTQZ2,0,1,P451
05AHIK1M,0,1,P1344
05AHIK1M,0,2,P119
05AHIK1M,0,3,P264
SSTAEND7,0,1,P1344
SSTAEND7,0,3,P264
EOO61EX5,0,1,P1344
EOO61EX5,0,2,P119
EOO61EX5,0,3,P264
BZZVTMPE,0,2,P1477
N6W96Q9W,0,2,P569
X76UNQFX,0,1,P276
VF3W10E6,0,1,P585
VMWDTX2Q,0,1,P360
VMWDTX2Q,0,2,P106
VMWDTX2Q,0,3,P551
ML1C5AOG,0,1,P937
ML1C5AOG,0,2,P138
QHLLZVI3,0,1,P937
QHLLZVI3,0,2,P138
BL1BQB2L,0,1,P937
BL1BQB2L,0,2,P138
RZO0GOS6,0,1,P361
RZO0GOS6,0,2,P527
9WC5R96X,0,1,P1343
9WC5R96X,0,2,P282
4VOOQD8E,0,1,P276
4VOOQD8E,0,2,P527
4VOOQD8E,0,3,P710
7Z95WE4D,0,2,P361
7Z95WE4D,0,3,P17
7Z95WE4D,0,1,P582
P7Y2YVA6,0,2,P361
P7Y2YVA6,0,3,P17
P7Y2YVA6,0,1,P582
NVM7J4X6,0,2,P361
NVM7J4X6,0,3,P17
NVM7J4X6,0,1,P582
CRJ2HSBZ,0,2,P361
CRJ2HSBZ,0,3,P710
CRJ2HSBZ,0,1,P582
BUZXCG7H,0,2,P361
BUZXCG7H,0,3,P17
BUZXCG7H,0,1,P582
LMOFCAM0,0,2,P361
LMOFCAM0,0,3,P17
LMOFCAM0,0,1,P582
F67OP0X0,0,1,P580
W98FL8A3,0,1,P580
X3VNCD7T,0,1,P580
0UQ9TNM7,0,1,P580
1LGT2DJX,0,1,P580
2FZ2ONSM,0,1,P580
IZEL1R2F,0,1,P580
MMJP5XXT,0,1,P580
HBSR0225,0,1,P580
0M5A24NY,0,1,P580
UEMI45PP,0,1,P17
UEMI45PP,0,2,P607
2AM33ROC,0,1,P1240
QD6VLVQ5,0,1,P571
LDFUC6IY,0,1,P571
8UNTV4UU,0,1,P361
II70KW8O,0,1,P361
U34841V7,0,1,P706
U34841V7,0,2,P610
U34841V7,0,3,P814
EIN54O3P,0,1,P706
EIN54O3P,0,2,P610
EIN54O3P,0,3,P814
AWX7BXTP,0,1,P131
AWX7BXTP,0,2,P1889
V8V4JIHT,0,1,P131
V8V4JIHT,0,2,P1889
IM6XMD3D,0,1,P131
IM6XMD3D,0,2,P1889
LDAWE7T4,0,1,P131
LDAWE7T4,0,2,P1889
RNY4OWL2,0,1,P131
RNY4OWL2,0,2,P1889
UN5X0DCA,0,1,P131
UN5X0DCA,0,2,P1889
FPVVXGKE,0,1,P131
FPVVXGKE,0,2,P1889
NPZATS51,0,1,P131
NPZATS51,0,2,P1889
V458MNQU,0,1,P138
JT6Y4CQZ,0,1,P138
C1QYM95X,0,1,P138
17TGVQ98,0,1,P138
I6QV4YN8,0,1,P17
I6QV4YN8,0,3,P527
I6QV4YN8,0,2,P2660
RS9JHBJX,0,2,P361
RS9JHBJX,0,3,P186
RS9JHBJX,0,1,P2044
09AH1RNQ,0,2,P361
09AH1RNQ,0,3,P186
09AH1RNQ,0,1,P2044
NI8MXF6H,0,2,P361
NI8MXF6H,0,3,P186
NI8MXF6H,0,1,P2044
AWGNK90H,0,2,P361
AWGNK90H,0,3,P186
AWGNK90H,0,1,P2044
161BPF0B,0,2,P361
161BPF0B,0,3,P186
161BPF0B,0,1,P2044
727AQ66J,0,2,P361
727AQ66J,0,3,P186
727AQ66J,0,1,P2044
6JXZ51KV,0,2,P361
6JXZ51KV,0,3,P186
6JXZ51KV,0,1,P2044
MXM9WFTI,0,2,P361
MXM9WFTI,0,3,P186
MXM9WFTI,0,1,P2044
E93ZZAO4,0,2,P361
E93ZZAO4,0,3,P186
E93ZZAO4,0,1,P2044
VOCGRAI7,0,2,P3815
VOCGRAI7,0,1,P2046
VOCGRAI7,0,3,P571
360LK4QX,0,1,P2348
360LK4QX,0,2,P3137
ONOB3P3G,0,1,P2348
ONOB3P3G,0,2,P3137
4NTVNU2R,0,1,P2348
4NTVNU2R,0,2,P3137
OGD140CW,0,1,P206
OGD140CW,0,2,P1435
YRCLQIBV,0,1,P1343
YRCLQIBV,0,2,P421
YRCLQIBV,0,3,P2659
EDMKCE90,0,1,P1343
EDMKCE90,0,2,P421
EDMKCE90,0,3,P2659
2KU2NJSY,0,1,P1343
2KU2NJSY,0,2,P421
2KU2NJSY,0,3,P2659
52JALNNH,0,1,P1343
52JALNNH,0,2,P421
52JALNNH,0,3,P2659
SX1HZW0H,0,1,P1343
SX1HZW0H,0,2,P421
SX1HZW0H,0,3,P2659
MFGP44KB,0,1,P1343
MFGP44KB,0,2,P421
MFGP44KB,0,3,P2659
UYIROIU8,0,1,P1343
UYIROIU8,0,2,P421
UYIROIU8,0,3,P2659
YDLLM75Y,0,2,P2046
QU7US4OD,0,2,P2927
AI9Q335S,0,3,P2043
8OBZCBYI,0,2,P2046
7F665HYB,0,1,P1082
7F665HYB,0,2,P2044
V0RTC5NE,0,2,P2044
WN6EEOEZ,0,3,P131
CDZYM5V8,0,1,P276
OJFGUGHL,0,1,P373
UJ77AMFQ,0,2,P1476
WTKZULTY,0,2,P1441
JKMKTN7N,0,1,P1705
8PI7O6MF,0,1,P2049
IS8X76KI,0,1,P180
IS8X76KI,0,2,P2048
Y15DPXNH,0,1,P2049
WZIHOOOG,0,2,P1539
1IN41Y1K,0,2,P2046
GU9BZUO4,0,1,P2660
8VGN8Y2P,0,1,P2250
LTE1CV0E,0,1,P2044
LTE1CV0E,0,2,P2046
BXP8J49Z,0,2,P1132
8JIEBLFK,0,1,P527
KC065BKX,0,2,P1716
CATNPBT8,0,2,P1716
MBDLU6UE,0,2,P138
KR2TQHKS,0,2,P138
L7D0XEQL,0,1,P580
G9DD3QG9,0,1,P2046
CPUOPZ31,0,3,P2044
OHTGAYVT,0,2,P1538
OHTGAYVT,0,3,P2044
7VLYDXZV,0,2,P1539
38873WJF,0,2,P373
F05VLK3F,0,1,P1071
WOIHJISV,0,3,P276
FJRL5J31,0,1,P10622
R0DOIL8S,0,1,P2049
84V42N2J,0,1,P2049
CY56B1WH,0,1,P2049
CY56B1WH,0,2,P2048
T0OR23A0,0,2,P2044
1IM29CPI,0,1,P1128
S7DKT9OH,0,1,P1539
51VS0BYH,0,1,P1539
3XHJUORW,0,1,P1082
JCJMIPHX,0,1,P2043
OSX1EXCM,0,1,P2214
ZN23HYOX,0,1,P2067
7SS26AQR,0,1,P2067
YTNHKE58,0,1,P2234
3UPW0YHZ,0,1,P2234
X40PHZBK,0,2,P2046
9LKATUTG,0,1,P2044
9LKATUTG,0,2,P2046
9LKATUTG,0,3,P1082
KCS46TEQ,0,2,P2046
36LQNF8U,0,1,P144
5SQIHOK1,0,1,P1073
GOXKL2CL,0,1,P2044
GOXKL2CL,0,2,P1082
QCGAJKKJ,0,3,P276
PAH2HRR3,0,1,P2043
3BLDHSS0,0,2,P373
QDPG95YC,0,2,P276
V99UMO8V,0,3,P2261
SVBDXIC0,0,1,P2262
SVBDXIC0,0,3,P2043
EW85031H,0,2,P1889
OFC73M8P,0,1,P2046
A1G38GAS,0,1,P2048
CSRZ9B7R,0,1,P2044
4RBW92ED,0,1,P1538
DDMMT5J2,0,1,P2046
0O5T557G,0,3,P1868
M0VCM29T,0,3,P1868
4A53DVK3,0,1,P577
SU642HTA,0,1,P1831
DD8JGVPP,0,1,P1539
DD8JGVPP,0,2,P2044
HF4WQEQC,0,1,P2660
HF4WQEQC,0,2,P2044
ETBL3GBV,0,1,P1082
KSXBLUIO,0,2,P571
Y14WUNIU,0,2,P571
XHU8KTN4,0,1,P1476
HZABSYW6,0,2,P1476
4WJPGP89,0,2,P276
T87FI63J,0,2,P276
T87FI63J,0,1,P2049
LSY3IT7Z,0,1,P373
CA1LVC40,0,1,P50
CA1LVC40,0,2,P577
LXFOSTCJ,0,2,P577
2O8B40LC,0,1,P2053
484XNI7K,0,1,P2053
KGE5MSUI,0,2,P2067
1U7WNJFB,0,3,P2114
5U2LWV7I,0,1,P1082
Z3G2AQ3X,0,1,P1441
AXNTUHYL,0,1,P40
86HG81QH,0,1,P2044
7J5UL649,0,3,P1376
DHF8GMIJ,0,1,P571
886ZS9ZP,0,1,P2049
2KCE1MZZ,0,3,P1086
XY9HC0RC,0,1,P2049
XY9HC0RC,0,2,P2048
MPT2E7PV,0,1,P2660
0S9A54XD,0,1,P2043
0S9A54XD,0,2,P2046
XN3PQWC5,0,2,P1830
NK3BTOZE,0,1,P1343
8OZSYVGV,0,1,P1889
E85HE8Z4,0,1,P710
UI8UXR9S,0,1,P582
6715YJ1I,0,2,P373
67UM2Y73,0,1,P2049
X00RO8D2,0,1,P2049
COCSEXHH,0,1,P276
BJHXJSYV,0,3,P2660
ZG6P0IN5,0,2,P373
X157BHGR,0,1,P1082
K2LW3QT5,0,2,P2048
EIZA72Q4,0,1,P5595
UURX1TFH,0,1,P5595
5J4RUL36,0,1,P36
GJ7F1RCB,0,1,P1889
XOEZ49YR,0,2,P1456
W8Y0DBYN,0,1,P2109
WZWYJUDI,0,1,P1448
5UBJ9JXX,0,3,P149
06O4NYJM,0,1,P373
OVSHKWQA,0,1,P3092
AVYER0TW,0,1,P58
TWSBO9XS,0,1,P179
APO8L6C4,0,1,P179
V3QRX6Y3,0,2,P162
9LLTMJQO,0,1,P1080
O7B3HO2O,0,1,P2048
4MIJY17J,0,1,P276
R82HYPFL,0,1,P3000
UZU8JS13,0,1,P1540
4YX4ZJNI,0,1,P2044
HIUTFRBX,0,1,P2114
LE1ZUUUY,0,1,P2114
YN8TS81H,0,2,P527
WHLECL3U,0,2,P527
SI60BR3S,0,2,P527
2G2ZWJOU,0,1,P1716
DAD1FDX7,0,1,P176
DAD1FDX7,0,2,P176
5ZYNBLIQ,0,1,P2044
C0Z6QNJY,0,2,P6257
C7U5WM5P,0,1,P2295
BDEUN8ON,0,1,P281
LW1U183T,0,1,P1539
MJ4DZKQA,0,1,P1540
XRCJE7D5,0,1,P571
5G4M90DD,0,1,P5595
NTISN0M8,0,1,P5595
U9ZEZBES,0,1,P5595
ENAH0OVP,0,2,P1539
CJ1K8WAJ,0,2,P1539
5K6B8X6G,0,2,P1539
7ALIY0D8,0,3,P2130
3DBFOHN3,0,3,P2130
DSL5K555,0,4,P571
GMDBY608,0,2,P2049
LBRUVFIJ,0,2,P2047
AR1HAGI1,0,1,P2067
VWYE2BTU,0,3,P6257
84AO6908,0,1,P729
RANFF3UG,0,2,P1889
YZ1D3M18,0,3,P576
GO6UBUA5,0,2,P1073
BK2HD736,0,1,P4080
EXR9J57U,0,1,P4080
E5AZ7201,0,1,P276
PWQVWAOV,0,2,P2046
L7A0PO8W,0,3,P2262
761KRIOG,0,1,P361
GGK8CZRM,0,1,P373
X31YRWWU,0,1,P1889
MYZX1G5Z,0,1,P1540
RGGVBKRH,0,1,P373
A11T9Q6A,0,2,P571
6HQWPONY,0,1,P1098
MDWQOIWV,0,1,P2046
YASSXIQA,0,1,P1538
YASSXIQA,0,3,P2044
UW9H9K0U,0,1,P577
VREOITZ9,0,1,P527
MZG7FANP,0,1,P2659
9MJ90CGZ,0,1,P2227
LYL5FWST,0,2,P2046
1TJMZGRS,0,1,P373
5X9YW1IE,0,1,P571
NLZXBGBJ,0,1,P1476
HWFL66RN,0,1,P127
B6AYCWGK,0,2,P2046
LUKFGMYP,0,1,P1082
06R93N65,0,2,P2114
RSBHH59V,0,2,P2114
CBUQSFI2,0,1,P1082
4ZRX6MZ5,0,1,P2044
BAU2YNE0,0,2,P1441
HKZ9AOVG,0,1,P1889
2PLNSX6S,0,1,P1889
A8NA0ZE7,0,1,P1889
GLMMO7V7,0,1,P527
GT8QRC3P,0,1,P2660
Q0ELQZBG,0,1,P2660
7C9Q4RKA,0,4,P2031
93024U3U,0,2,P373
0DT198YL,0,2,P1559
U1RZQD6N,0,2,P1559
2UHRJWF9,0,3,P935
YS1NXHLF,0,1,P27
N0UJFKIS,0,1,P17
1L3VDHXH,0,2,P1889
KJ45LFGN,0,2,P2046
KOBWBRN4,0,1,P706
QOFM5TIK,0,3,P150
WBLX41IJ,0,3,P2060
CPUOPZ31,0,1,P1540
EKTVTUCY,0,2,P571
84V42N2J,0,2,P2048
ZBFA0R52,0,1,P2142
AUL2QKSW,0,1,P2044
LTFACTLC,0,1,P2044
TWZCAT0N,0,1,P2047
EYE4ORQR,0,1,P6258
JYED3SR3,0,1,P1148
H9ZT7Y2V,0,1,P2896
6WIL9ZQR,0,1,P2044
VHHY6WZV,0,1,P6257
8RRMS5SG,0,1,P2048
3KBEM59H,0,1,P27
F995IYNJ,0,1,P27
IMYCKE8Q,0,1,P27
IDNNANYB,0,2,P1889
AW6VXTL3,0,2,P17
27DSHQUC,0,1,P527
EKTVTUCY,0,3,P1619
4WWH06RG,0,1,P47
ZSH9QGHJ,0,1,P2046
N778AO2C,0,1,P140
3XX566KT,0,1,P559
9AOHG433,0,1,P1889
H9G58E90,0,1,P1889
D8KW6LF8,0,1,P1889
36VAJ74V,0,1,P1889
3MMNB233,0,1,P1889
CCXJF3M1,0,2,P1889
PVFZQRXL,0,1,P1889
5S6V3B56,0,2,P361
5YRKPFS7,0,1,P1123
5U9X0F9Y,0,1,P36
A98Z4IKS,0,1,P1889
K5QUHNBR,0,1,P276
BTVPVLDR,0,3,P1889
FCK75OPF,0,3,P1889
QR2RMCRL,0,2,P1889
LCY1HUGM,0,1,P1889
YH8MGPXG,0,1,P1889
PYE36USW,0,1,P1889
0HM9NBD5,0,1,P1889
BW6O6C6E,0,2,P1889
